image,caption
dataset/images/1.png,"a small amphibian Pokémon has blue-green skin with darker patches. it has red eyes with white pupils, pointed, ear-like structures on top of its head. small, pointed teeth are visible in the upper jaw when its mouth is open."
dataset/images/2.png,"Ivysaur has a short, rounded snout with a wide mouth and two pointed teeth in its upper jaw. each of its feet has three claws on them."
dataset/images/3.png,"a squat, quadrupedal amphibian Pokémon has bumpy, blue-green skin. its mouth is wide with two pointed teeth in the upper jaw and four in the lower jaw. on top of its head are small, pointed ears with redd"
dataset/images/4.png,"a bipedal, reptilian Pokémon with a primarily orange body and blue eyes. it has two small fangs visible in its upper jaw and two smaller fangs in its lower jaw."
dataset/images/5.png,it has dark red scales and a cream underside from the chest down. on the back of its head is a single horn-like protrusion.
dataset/images/6.png,"a draconic, bipedal Pokémon is primarily orange with a cream underside from the chest to the tip of its tail. it has a long neck, small blue eyes, slightly raised nostrils, and two horn-like structures protrud"
dataset/images/7.png,"reptilian Pokémon runs on all fours in super Smash Bros. Brawl. it has large, purplish, or reddish eyes and a slightly hooked upper lip."
dataset/images/8.png,"a bipedal, indigo reptilian Pokémon similar to a turtle. it has brown eyes, a dark blue streak on each cheek, and two sharp teeth. on each side of its head are feather-like ears covered in pale blue fur."
dataset/images/9.png,"a large, bipedal turtle Pokémon is hidden by its tough, brown shell. it has a cream-colored underside and a white ridge encircling its arms. two powerful water cannons/jet nozzles reside at the top of"
dataset/images/10.png,an insect Pokémon that resembles a green caterpillar with a yellow underside and teardrop-shaped tail. yellow ring-shaped markings down the sides of its segmented body resemble its eyes and are meant to scare off predators.
dataset/images/11.png,"an insect Pokémon that resembles a green chrysalis. its body is crescent-shaped, with several segments making up the lower point. the front of its shell feature geometrically shaped portions and projections."
dataset/images/12.png,"a lepidopteran insect Pokémon resembles a vaguely anthropomorphic butterfly with a purple body. it only has two body segments and four light blue legs. the upper pair of its legs resemble small, three-fingered hands."
dataset/images/13.png,"weedle has a conical, two-inch (five-centimeter) venomous stinger on its head and a barbed one on its tail. it can distinguish its favorite kinds of leaves using its acute sense of smell."
dataset/images/14.png,"Kakuna has a dome-shaped head and black, triangular eyes. it has two scythe-like arms in the middle of its body. when it comes close to evolving, its body gives off heat."
dataset/images/15.png,"Beedrill's head is round with a slightly pointed mouth, large, red eyes, and black antennae with a sharp bend in the middle. it stands on its other two legs, which are long, segmented, and insectoid in shape "
dataset/images/16.png,"avian Pokémon is primarily brown with a cream-colored face, underside, and flight feathers. on top of its head is a short crest of three tufts. the outer two tufts are cream-colored."
dataset/images/17.png,"a raptor-like avian Pokémon is covered with brown feathers and has a cream-colored face, underside, and flight feathers. the plumage of its tail has alternating red and yellow feathers with ragged tips."
dataset/images/18.png,"an avian Pokémon with large wings, sharp talons, and a short, hooked beak. its glossy plumage is mostly brown with cream-colored underparts and flight feathers."
dataset/images/19.png,"a small, quadrupedal rodent Pokémon has purple fur with a cream-colored face, paws, and underbelly. it has narrow eyes containing white sclera and pupil with red irises, rounded ears with cream"
dataset/images/20.png,"a large, rodent-like Pokémon is often depicted on its hind legs. it has narrow black eyes, ears with ragged edges and dark insides. there are three whiskers on each side of its face, which it uses to maintain balance."
dataset/images/21.png,"the visual description of the Pokemon is very small. it has rough, brown plumage on its head and three brown tail feathers. it has narrow, dark brown eyes with white pupils and a short, hooked beak."
dataset/images/22.png,"large, mostly brown avian Pokémon with a vulturine neck and powerful wings. it has a long, pointed, pink beak and a red coxcomb on top of its head."
dataset/images/23.png,"a purple, serpentine Pokémon grows longer with age. its eyes, underbelly, the thick stripe around its neck and the rattle are yellow."
dataset/images/24.png,snakeine Pokémon has narrow eyes and several sharp teeth. just below its head is a large hood with a face-like pattern. pattern typically has two red and yellow eyespots outlined in black.
dataset/images/25.png,"the Pokémon is covered in yellow fur with two horizontal brown stripes on its back. it has a small mouth, long, pointed ears with black tips, and brown eyes."
dataset/images/26.png,"a bipedal, rodent-like Pokémon is classified as bipedal. its bifurcated ears are brown on the outside, yellow on the insides, and end in a distinctive curl. there is a circular yellow marking on each cheek where its electric"
dataset/images/27.png,"the bipedal pholidote Pokémon runs on all fours in Pokémon the Series. its brick-patterned yellow hide is dry and tough, blends in with desert sand."
dataset/images/28.png,Sandslash is a ground-dwelling pholidote Pokémon. most of its body is yellow with a white underbelly. it has two large claws on its paws and feet.
dataset/images/29.png,"a small, quadrupedal, mammalian Pokémon. It has large, spiny ears, oversized front teeth, red eyes, and whiskers on each cheek. It is light blue with several darker blue spots. There are two white claws on each of its paws. Its back is covered with small toxic spines, and it has a small forehead horn."
dataset/images/30.png,"quadrupedal, sky-blue mammalian Pokémon with dark-blue patches. it has red eyes, large, spiny ears, and two pointed teeth protruding from its upper jaw. its paws have three claws each, and"
dataset/images/31.png,"a large, bipedal blue mammalian mammalian Pokémon. its body is encased with extremely hard scales that serve as excellent protection from any attack and stand up when excited or provoked."
dataset/images/32.png,"a small, quadrupedal, mammalian Pokémon is pinkish purple with darker patches. its back is covered with three lines of large spines that can release potent poisons if threatened."
dataset/images/33.png,"a light-purple, quadrupedal mammalian Pokémon. it has several darker purple patches across its body. it has large, spiny ears with teal insides, narrow black eyes."
dataset/images/34.png,"a large, bipedal, purple mammalian Pokémon with distinct reptilian features. it has narrow eyes, large, spiny ears, fur-like tufts on its cheeks. a long, venomous horn is on its"
dataset/images/35.png,"a bipedal, pink Pokémon with a chubby, star-shaped body. a small, pointed tooth protrudes from the upper left corner of its mouth. it has wrinkles beside its black, oval eyes, a single dark pink oval marking"
dataset/images/36.png,"a tall, pink Pokémon with a vaguely star-shaped body hangs over its forehead. it has long, pointed ears with dark brown tips and black, oval eyes with wrinkles on either side."
dataset/images/37.png,"a small, quadrupedal, canine Pokémon has a red-brown pelt with a cream-colored underbelly. it has brown eyes, large, pointed ears with dark brown insides and a triangular dark brown nose."
dataset/images/38.png,"a quadrupedal canine Pokémon covered in thick, luxurious golden-white fur. It has a small mane of thicker fur around its neck and a long, fluffy crest atop its head. It has slender legs with three-toed paws and nine long tails with pale orange tips. It has red eyes, pointed ears, and a triangular black nose."
dataset/images/39.png,"a pink Pokémon with a spherical body has pointed ears with black insides and large, blue eyes. it has small, stubby arms and slightly longer feet."
dataset/images/40.png,"a balloon-like Pokémon with leporine features, a bean-shaped body and stubby arms and legs is described as perfectly heavenly. it has long, rabbit-like ears with black insides and a slightly lighter color at the tips."
dataset/images/41.png,"a blue, chiropteran Pokémon. While it lacks eyes, it has pointed ears with purple insides and a mouth with two sharp teeth on each jaw. A male will have larger fangs than a female. It has purple wing membranes supported by two elongated fingers and two long, thin tails."
dataset/images/42.png,"a large, blue, chiropteran Pokémon has purple wing membranes. it has small eyes with slit-like pupils, and tiny triangular ears with purple insides. the fangs are smaller on a female Golbat."
dataset/images/43.png,"a Pokémon that resembles a blue plant bulb or a root vegetable has a round body, beady red eyes, a small mouth, and ovoid feet. five large, green leaves sprout from its head."
dataset/images/44.png,"a blue, bipedal Rafflesia-like Pokémon with rudimentary hands and feet. on its head is a flower with spherical petals surrounded by four reddish-brown leaves. a female displays a"
dataset/images/45.png,Vileplume's flower is said to have the largest petals in the world. the rounded petals of the flower are red and covered with white spots.
dataset/images/46.png,"an orange, insectoid Pokémon that resembles the nymph stage of a cicada. its ovoid body is segmented, and it has three pairs of legs."
dataset/images/47.png,"an orange, insectoid Pokémon that has been completely overtaken by the parasitic mushroom on its back. It has a small head with pure white eyes and a segmented body that is mostly hidden by the mushroom. It has three pairs of legs with the foremost pair forming large pincers. The fungus growing on its back has a large red cap with yellow spots throughout."
dataset/images/48.png,"a pink pincer-like mouth with two teeth, stubby forepaws, and a pair of two-toed feet are visible through its fur. the most prominent feature on its face are its large, red compound eyes."
dataset/images/49.png,"a lepidopteran insect Pokémon whose body is varying shades of purple. its head and thorax are both light purple, and it has bulbous, round, light blue eyes, a small mandible, and a three-point crest on"
dataset/images/50.png,"the tiny, brown Pokémon seems to be perpetually buried within the earth. its small stature makes it both the lightest and shortest Ground-type."
dataset/images/51.png,"dugtrio can tunnel under the earth at 60 mph (100 km/h) to a depth of 60 miles (100 kilometers) each head will bob up and down to loosen the soil. the trio sleep together, never separating from each other."
dataset/images/52.png,"a small, feline Pokémon with cream-colored fur turns brown at the tips of its hind paws and tail. its ovoid head features four prominent whiskers, wide eyes with slit pupils, two pointed teeth in the upper jaw, and a gold"
dataset/images/53.png,Persian communicates with body language and holds its tail upright to signal its intention to pounce. it has long legs and three-toed paws with retractable claws.
dataset/images/54.png,"yellow Pokémon resembling a duck or a bipedal platypus. on top of its head are three thick strands of black hair. it has a wide, flat cream-colored beak."
dataset/images/55.png,"it has red eyes, a cream-colored beak, a red gem in the center of its forehead. its hands and feet all have three clawed digits with cream-colored webbing in between."
dataset/images/56.png,"a small, simian Pokémon is bipedal and has a round body covered in whitish, shaggy fur. it has narrow, red eyes and triangular ears with brown insides."
dataset/images/57.png,"a bipedal, simian Pokémon with a round body covered in light beige, shaggy fur. it has triangular ears with pink insides, narrow eyes with tiny pupils, and a pink, snout-like nose."
dataset/images/58.png,growlithe's coat is noticeably longer on its chest and tail. its hind paws have three toes each.
dataset/images/59.png,"the canine Pokémon has an orange pelt marked by jagged black stripes. it has diamond-shaped ears with beige insides, black eyes, a round, black nose, and two pointed teeth."
dataset/images/60.png,"an amphibian Pokémon resembling a blue, spherical tadpole. it has large eyes and pink lips that can also act as suction cups for rocks. its skin is very thin, but flexible and difficult to puncture "
dataset/images/61.png,"a blue, bipedal amphibian Pokémon has a spherical body. it has bulbous eyes that protrude from the top of its head. a black and white swirl covers its belly."
dataset/images/62.png,"a blue, bipedal amphibian Pokémon with a round body and muscular arms. It has bulbous eyes that protrude from the top of its head and its belly is covered by a white and black swirl. There appear to be white gloves on its hands, and it has rounded, digit-less feet."
dataset/images/63.png,"the bipedal mammalian Pokémon is primarily yellow. its face is kite-shaped with a pale yellow snout and two short, pointed ears. its wide eyes are normally closed."
dataset/images/64.png,"the Pokémon has two long, pointed ears on top of its head, a red star on its forehead, narrow, deep-set eyes, and wide cheeks leading down to a thin snout. a male will have a longer mustache than a female"
dataset/images/65.png,"a female Pokémon has a shorter mustache than a male. it has a long, thin snout, narrow eyes, ear-like spikes extending from the top of its head."
dataset/images/66.png,"a humanoid, bipedal Pokémon has blue-gray skin. it has three brown ridges on top of its head, large red eyes, and a relatively flat face."
dataset/images/67.png,"a bipedal, humanoid Pokémon covered in blue-gray skin (purple prior to Generation VI) it has a vaguely reptilian face with a short snout, narrow red eyes, and four pointed teeth visible inside its mouth "
dataset/images/68.png,"a humanoid Pokémon has four well-muscled arms. it has bluish-gray skin, red eyes, and large, pale, yellow lips. it has black markings that resemble briefs."
dataset/images/69.png,a plant-based Pokémon with a stem-like brown body. there is a single green leaf on each side of its body. it is capable of spitting corrosive acid from its mouth.
dataset/images/70.png,"a pitcher plant Pokémon with a yellow, bell-shaped body. Above Weepinbell's circular eyes are three small green spots and a small, brown hook-shaped stem. It has wide, gaping mouth with pink lips. On each side of its body is a large, green leaf."
dataset/images/71.png,a pitcher plant Pokémon has a bell-shaped body. it has a gaping mouth with pink lips and two sharp teeth. it has several dark green spots on its body.
dataset/images/72.png,"a small, cnidarian Pokémon has a light blue, clear body. it has two large, transparent, red, crystalline eyes on each side of its body. there are two grayish tentacles extending from beneath its round lower body "
dataset/images/73.png,"large, cnidarian Pokémon has a clear, light blue body with two large, red orbs on either side and a smaller orb in the center. its eyes are visible in its round lower body, which is black."
dataset/images/74.png,"Geodude uses its arms to climb steep mountain paths. it has bulging, rocky eyebrows, trapezoidal eyes with brown pupils."
dataset/images/75.png,"a bipedal, boulder Pokémon has four arms, each with a three-fingered hand. it has a rocky crest above its small eyes and mouth."
dataset/images/76.png,"a bipedal tortoise-like boulder Pokémon with a spherical body covered by a shell of plated, green rocks. it has a flat snout with two pointed teeth in the lower jaw and red eyes."
dataset/images/77.png,the equine Pokémon has cream-colored fur that resembles a foal/filly. it has brown eyes and triangular ears with reddish interiors.
dataset/images/78.png,equine Pokémon has cream-colored fur and a pointed horn on its forehead. a short version of the mane trails down its back to its equally fiery tail.
dataset/images/79.png,"a pink Pokémon that resembles a cross between a salamander and a hippopotamus. it has vacant eyes that never seem focused, curled ears, and a rounded, tan muzzle. it has four legs,"
dataset/images/80.png,"a pink Pokémon has a tan, striped belly and a rounded, tan muzzle. it has large, vacant eyes, curled ears, and two pointed teeth protruding from its upper jaw. there is a shell attached to"
dataset/images/81.png,"Magnemite has a gray, spherical metal body, with horseshoe magnets on each side and a single, large eye. it has three Phillips head screws on its body: two near the bottom of its body and the one on top of"
dataset/images/82.png,a single Magnemite has a gray spherical body with a single eye. the topmost Magnemite has three Phillips head screws on its body. magnetic forces that hold the three Magnemite together are powerful enough to dry up
dataset/images/83.png,"an avian Pokémon that resembles a light brown duck with a white underbelly. it has a flat, yellow beak, brown eyes, a V-shaped black marking on its forehead. its wings are as big as its body and appear to"
dataset/images/84.png,"a two-headed, bipedal avian Pokémon has a long sharp beak and two beady black eyes. each head has a long sharp beak and two beady black eyes. a male has black flexible necks, "
dataset/images/85.png,"each head has a long, sharp beak and a black V-shaped, feather crest. it has bristly brown feathers covering its head and upper body. its lower half has a smooth layer of black feathers."
dataset/images/86.png,"it has a pale tan canine maw with a large red tongue and a pair of tusks on its lower jaw. it has circular eyes, prominent black eyebrows and a black nose that is capable of closing when it swims."
dataset/images/87.png,"a pinniped Pokémon has a snowy white, furry body. its fur renders it virtually invisible in snowy conditions. its tail allows it to be a swift and agile swimmer at speeds of 8 knots."
dataset/images/88.png,"the slimy, amorphous Pokémon is born from sludge in dirty streams or seabeds exposed to lunar radiation. it has two large eyes with beady pupils and a gaping mouth with a gray tongue. its purple sludge"
dataset/images/89.png,"a large, sticky, amorphous Pokémon made of living purple sludge. it has two small eyes with beady black pupils."
dataset/images/90.png,"shell is a bivalve mollusk Pokémon encased within a blue-violet bivalve shell. it has two round white eyes with tiny black pupils. its long, red tongue extends from its often closed mouth."
dataset/images/91.png,"black bivalve mollusk Pokémon is encased inside a light-gray shell. it is surrounded by a second jagged, blue-violet outer shell casing. it has one barb-like spike protruding from above"
dataset/images/92.png,"Gastly has a wide, pink mouth with two visible fangs. its eyes seem to extend past its round body."
dataset/images/93.png,"a purple Pokémon with a gaseous body. it has triangular eyes with small pupils and a mouth with a long, pink tongue."
dataset/images/94.png,"a dark purple, bipedal Pokémon with a roundish body. it has red eyes, a wide mouth that is usually curled into a sinister grin. its arms and legs are short with three digits on both its hands and feet."
dataset/images/95.png,a giant chain of gray boulders becomes smaller towards the tail. on top of its head is a rocky spine. inside its brain is a magnet that serves as an internal compass.
dataset/images/96.png,"the upper half of Drowzee's body is yellow and the lower half is brown. it has a round belly and short legs, except for its two toes."
dataset/images/97.png,"a bipedal, slightly humanoid Pokémon that has yellow skin. it has triangular ears with brown interiors, sleepy-looking eyes, and a large nose. on its neck, it has a ruff of white fur, which is"
dataset/images/98.png,a crustacean Pokémon with a strong outer shell protects its small body. its upper half is red and has its eyes and two small spikes on the top of its head. its lower body is light tan and doubles as its jaw.
dataset/images/99.png,"a crustacean Pokémon resembling a crab features a red upper half and a light tan lower half. its upper half is topped with six tall, thin spikes that resemble a crown. its lower half doubles as its"
dataset/images/100.png,"a spherical Pokémon that resembles a buttonless Poké Ball with eyes. The top half is red, while the bottom half is white. Because of its resemblance to Poké Balls, it is thought that it was created when one was exposed to an energy pulse. This is supported by the fact that its components do not occur naturally."
dataset/images/101.png,"a round Pokémon resembling an upside-down Poké Ball with a smile mouth, black slit eyes, prominent black eyebrows that are usually depicted with an angry expression and eyes. Its top half is white, while its lower half is red. The Pocket Monsters Carddass Trading Cards depict Electrode as hollow."
dataset/images/102.png,"a Pokémon resembling a group of six light pink ""eggs"" has a slightly different facial expression. each face has triangular eyes with tiny black pupils and a small mouth. more numerous cracks are a sign that it is close"
dataset/images/103.png,"a tall, bipedal Pokémon that resembles a coconut tree or palm tree. its body and legs are light brown with thin black rings. there is a light yellow paw pad on each foot's underside."
dataset/images/104.png,"a small, bipedal, dinosaur-like reptilian Pokémon with a light brown hide covers most of its body, except for its cream-colored belly. two small claws, one on each hand, serve as its thumbs, and one large nail on each"
dataset/images/105.png,a bipedal Pokémon has light brown skin and a cream-colored underside. it has two pointed spikes on the back similar to ears and tiny nostrils.
dataset/images/106.png,a humanoid Pokémon has an ovoid body. its upper torso has almond-shaped eyes with black space around them. each hand has three fingers and each foot has clawed toes.
dataset/images/107.png,"a tan, humanoid Pokémon that is exclusively male and has no female counterpart. it appears to be wearing a light purple tunic and kilt, red boxing gloves and light purple boxing shoes."
dataset/images/108.png,"a bipedal amphibian Pokémon has a round body and a thick, powerful tail. it has curved yellow lines on its belly and a yellow ring marking on each knee. there is a yellow spot on its palms and the soles of"
dataset/images/109.png,a full set of teeth is shown in the Pokémon the Series: Black & White episode Rocking the Virbank Gym! Part 1. below its face is a cream-colored skull-and-crossbones marking.
dataset/images/110.png,"purple Pokémon consisting of two spherical heads connected by a thin tube with another sphere in the center. the left head is larger and has prominent eyebrows, pointed teeth protruding from its lower jaw, and two flat teeth in its upper jaw."
dataset/images/111.png,"a rhinoceros-like Pokémon has a body covered in gray, rocky plates. its underside and rear are smooth, and it has four short legs with two claws on each foot. a female will have a shorter horn than a male "
dataset/images/112.png,"large, gray, bipedal Pokémon with features similar to dinosaurs and rhinoceroses. on top is a spike that curves forward, two triangular points resembling ears on the sides, a wide, wavy crest under each "
dataset/images/113.png,"a pink, ovoid Pokémon has stubby arms and dark pink feet. it has tiny eyes and three hair-like growths on each side of its head."
dataset/images/114.png,it is a plant Pokémon covered in seaweed-like vines that obscure its face. there is a small opening in the vines that reveals its eyes surrounded by a black space.
dataset/images/115.png,"a large, bipedal marsupial Pokémon has a brown hide with several raised patches and a cream-colored belly. it has large, cream-colored ears, narrow, red eyes, and a short, rounded snout with two fang"
dataset/images/116.png,"the piscine Pokémon is similar to a seahorse. it has red eyes, a long, tubular mouth, and three spike-like fins on either side of its head."
dataset/images/117.png,"the piscine Pokémon is similar to a seahorse with a cream-colored belly covered in rough scales. it has a long tubular mouth, narrow, black eyes, a fin-like ridge above each eye, and spiny pectoral fin"
dataset/images/118.png,goldeen's billowing tail fin is orange around the base and turns white toward the edges. it has circular blue eyes with orange lids and prominent pink lips.
dataset/images/119.png,most of its body is orange with a patch of white under its mouth and along its underside. it has billowing pectoral fins and a pair of tail fins shaped like butterfly wings.
dataset/images/120.png,"a golden-brown, echinoderm Pokémon with faceted skin and five appendages surround an exterior organ called the core. the core resembles a golden metal casing with a red gem in the center."
dataset/images/121.png,the front starfish has a golden formation in the center. the second starfish is semi-attached to the back of the first and can spin 360 degrees.
dataset/images/122.png,"is a bipedal, humanoid Pokémon. blue growths resembling clown hair extend from the sides of its pale pink head. there is a magenta circle on each cheek."
dataset/images/123.png,female Scyther have larger abdomens than male Scyther. female Scyther have larger abdomens than male Scyther.
dataset/images/124.png,"a bipedal, humanoid Pokémon that resembles a woman. it wears a red gown with two gold circlets on the chest. the games show only blackness under the dress."
dataset/images/125.png,"a slightly humanoid Pokémon with a few feline traits. it has antennae with bulbous tips where its ears should be, two long tufts of fur on top of its head, small eyes, and two large fangs in its upper jaw."
dataset/images/126.png,"the bipedal Pokémon has a red body with yellow flame designs along the bottom half. it has a puckered tan beak, small eyes, and two lumps on its forehead with a yellow flame on top of each one."
dataset/images/127.png,"a bipedal, coleopteran insectoid Pokémon with a wide, dull-brown body divided into segments by thin lines. on top of its head is a large pair of gray, spiky pincers on top of its head."
dataset/images/128.png,"a quadrupedal, bovine Pokémon is covered in light brown fur with a thick, darker brown mane around the neck. it has a hump on its shoulders, a rounded muzzle with a dark brown nose, small, triang"
dataset/images/129.png,a long-lived Magikarp is able to leap high enough to scale mountains. it has a strong enough immune system to survive in the most polluted of waters.
dataset/images/130.png,"a piscine, draconic Pokémon with a long serpentine body covered in slightly overlapping scales. it is mostly blue with a yellow underbelly, and it has a row of yellow spots down each side. its mouth is very large and gaping"
dataset/images/131.png,marine reptilian Pokémon resembles a plesiosaur. it has a blue hide with darker blue spots and a cream-colored underside.
dataset/images/132.png,"Ditto is a light-purple or pink blob-like Pokémon with vestigial facial features. it is often referred to as amorphous, but has a relatively consistent appearance in official artwork."
dataset/images/133.png,"a small, mammalian, quadrupedal Pokémon with primarily brown fur. The tip of its bushy tail and its large furry collar are cream-colored. It has short, slender legs with three small toes and a pink paw pad on each foot. Eevee has brown eyes, long pointed ears with dark brown interiors, and a small black nose."
dataset/images/134.png,Vaporeon's body is light blue with a dark blue marking around its head and a spiky ridge down its spine. there is a white fin encircling its neck and three fins with cream-colored webbing on its head.
dataset/images/135.png,"a quadrupedal, mammalian Pokémon. It is covered in yellow fur with a spiky fringe around its tail and a white ruff around its neck. Its ears are large and pointed with black interiors, and its eyes and small nose are black. It has slender legs and small paws, each with three toes and a pink paw-pad."
dataset/images/136.png,"mammalian, quadrupedal Pokémon covered in short, reddish-orange fur. there are three small toes and a yellow paw pad on each foot."
dataset/images/137.png,"artificial Pokémon was created in 1995 by Silph Co.,[1] but documents claim it was created using the state-of-the-art technology of its time. it has a pink polyhedral head that ends in a blue beak and has hexagonal"
dataset/images/138.png,"a small extinct cephalopod mollusk Pokémon similar to an ammonite or nautilus. it has a sky blue body with ten tentacles and a pale yellow, helix-spiraled shell on its"
dataset/images/139.png,a cephalopod mollusk Pokémon is similar to an ammonite or nautilus. it's sky blue body has several tentacles; the tentacles toward the front are shorter and thicker than those in the back.
dataset/images/140.png,"it is mostly flat with a protective, brown shell covering its body. only its four short, yellow legs and a second pair of luminescent red eyes are visible on its underside."
dataset/images/141.png,"a bipedal prehistoric arthropod Pokémon with a skeletal, well-armored build. it has a flat, half-circular head with a point on each side and two small eyes on the front. it is mostly brown, except for"
dataset/images/142.png,"a reptilian, bipedal prehistoric Pokémon that resembles a pterosaur with several draconic features. it has small sharply pointed ears, narrow dark green eyes, a ridged snout, "
dataset/images/143.png,"Snorlax's bulk makes it the heaviest Normal type. it has a cream-colored face, belly, and feet."
dataset/images/144.png,"a large avian Pokémon with predominantly sky blue plumage and wings said to be made of ice. on its forehead is a crest that consists of three, darker blue rhombus-shaped feathers. it has circular red eyes, a"
dataset/images/145.png,"a large, avian Pokémon with predominantly yellow plumage. its wings and tail are a mass of spiky feathers and there are black feathers."
dataset/images/146.png,"a large, avian Pokémon with a light yellow plumage. its wings are shrouded in fiery plumage."
dataset/images/147.png,"a reptilian Pokémon with a blue serpentine body and a white underside. It has white, three-pronged fins on the sides of its head and a white bump on its forehead, which is its horn growing. Above its round, white snout are oval, purple eyes."
dataset/images/148.png,"a long, serpentine reptilian Pokémon with sky blue scales and a white underside. it has a rounded snout, oval purple eyes, and a small white horn on its forehead."
dataset/images/149.png,"draconic, bipedal reptilian Pokémon with light orange skin. it has large, grayish-green eyes and a round snout with small nostrils. it has thick arms and legs ending in three claws each."
dataset/images/150.png,"artificial Pokémon is a bipedal, humanoid, humanoid Pokémon. its body is gray with a long, purple tail and a large purple underbelly."
dataset/images/151.png,"it has a rounded, wide snout, triangular ears and large blue eyes. it has short arms with three-fingered paws and large hind paws."
dataset/images/152.png,"a small, pale-green, quadrupedal Pokémon with dark-green buds around its neck. it has four short legs with a single nailed toe on each and a stubby tail."
dataset/images/153.png,"a pale-yellow reptilian Pokémon that resembles a sauropod dinosaur. it has a long neck, red eyes, a short, rounded snout, and a stubby tail. each foot has"
dataset/images/154.png,"a pale-green reptilian Pokémon that resembles a sauropod dinosaur. it has a long neck; yellow eyes; a short, blunt snout; and two stamen-like antennae on top of its snout"
dataset/images/155.png,"a small, bipedal mammalian Pokémon has bluish fur on top of its body and cream-colored fur on its underside. its arms are short, but its legs are slightly more developed and have a single nail on each foot."
dataset/images/156.png,"the top half of its body is a dark blue-green, while its underside is cream-colored. it has triangular ears with dark red interiors, a rounded snout and triangular red eyes."
dataset/images/157.png,"a bulky mammalian Pokémon has a long, yet agile body. it is classified as a quadruped, but is capable of bipedal movement. most of its body is cream-colored, but its back and the top of its head are"
dataset/images/158.png,"the bipedal, crocodilian Pokémon has well-developed jaws. it has red eyes with ridges above them, black markings around its eyes. there is a yellow, V-shaped marking that extends to its arms."
dataset/images/159.png,"the bipedal, crocodilian Pokémon has well-developed, rounded jaws. its eyes are red with black markings around them."
dataset/images/160.png,"three teeth are visible when its jaws are closed: two in its lower jaw and one in its upper jaw. there are three red spines on its body, each with three points. there are also several groups of large, rectangular scales on its arms, knees, tail"
dataset/images/161.png,"small mammalian Pokémon covered in brown fur. it has long, dark brown ears with dark pink interiors, beady black eyes."
dataset/images/162.png,"a long, slim-bodied mustelid Pokémon with cream-colored fur and dark brown rings along the length of its body. the back of its head and neck are also dark brown; this marking extends to below its arms where the first ring is formed."
dataset/images/163.png,"most of its feathers are brown, but its belly is cream-colored. it has large, red eyes; a small, pinkish beak; stubby wings; and a fan-like tail."
dataset/images/164.png,an avian Pokémon that resembles an owl can grow a small beard. it has light brown plumage with a darker brown pattern of triangles on its chest.
dataset/images/165.png,"a coleopteran insectoid Pokémon that resembles a ladybug is red with five black spots. it has large, round white eyes with big black pupils and a pair of black antennae."
dataset/images/166.png,"a coleopteran insectoid Pokémon resembles a slightly humanoid ladybug. it has a pair of black antennae, a black spot in the center of its forehead and on the back of its head, blue eyes, and a"
dataset/images/167.png,"a green arachnid Pokémon has black eyes with white pupils, a white horn on its forehead, and a pair of red mandibles. on the back of its abdomen are two black dots and a line that resembles a face"
dataset/images/168.png,"the red arachnid Pokémon has purple eyes, a pair of white mandibles, and a white horn on its forehead. around its abdomen are two black stripes and there are two black spots and a yellow spinneret on its rear "
dataset/images/169.png,"purple, chiropteran Pokémon with a small, round body. on its body are two pairs of wings: an upper pair that is slightly larger and a lower pair that developed from its hind legs. the upper wings have two claw-like fingers near the middle "
dataset/images/170.png,"a small, piscine Pokémon with a round, blue body. positioned on Chinchou's rear, where its tail would be, are a pair of antennae that curve up and over its head."
dataset/images/171.png,"a blue piscine Pokémon is resembling an anglerfish. it has big, red eyes with a yellow mask-like marking around them. on its back is a Y-shaped antenna with a spherical orb at each tip"
dataset/images/172.png,"a small, ground-dwelling rodent Pokémon with pale yellow fur. Its ear-tips, collar, and tail are black and angular. Pichu's pink cheek pouches can store small amounts of electricity, and its tiny nose looks like a dot. Pichu is classified as a quadruped, but it can walk easily on its hind legs."
dataset/images/173.png,the visual description of the Pokemon is vaguely star-shaped. it has a curl on its forehead and a curled-up tail.
dataset/images/174.png,"Igglybuff has small, stubby limbs, and is usually seen levitating in the air. it secretes sweat with a sweet fragrance, which calms the emotions of its foes."
dataset/images/175.png,"a small, light-yellow Pokémon with a rounded, egg-shaped body remains encased in its eggshell. that shell has a white base color, and rounded, mostly unfilled shapes dot the shell on all sides."
dataset/images/176.png,"a dainty, bipedal Pokémon that is small in stature. It is white with a red and blue triangular ring pattern on its body. It also has a relatively long neck and long legs and a pair of wings on its back, giving it a vaguely angelic appearance. Togetic is capable of levitating itself without needing to flap its wings."
dataset/images/177.png,"a tiny, mostly green avian Pokémon with a nearly spherical body colored in accents of red, yellow, and black. it possesses brightly colored, yellow-and-red wings with thick black stripes. the wings are small and not fully"
dataset/images/178.png,"a green, trogon-like Pokémon with long, red-and-black tipped white wings. underneath its wings are designs that resemble red eyes. there is an extra set of yellow stripes on a male Xatu."
dataset/images/179.png,ovine Pokémon has cream-colored wool covering its entire body. its conical ears and tail have a yellow-and-black striped pattern.
dataset/images/180.png,"a pink, bipedal, ovine Pokémon is a pink, bipedal, ovine. it has thick, conical ears with black stripes on the sides of its head. a white mane of wool covers its head and upper body."
dataset/images/181.png,"a yellow, bipedal ovine Pokémon has a white belly. it has conical ears with black stripes and a red orb on its forehead. it has a long, black-striped tail with a red orb at the tip."
dataset/images/182.png,bellossom's petals are said to be more beautiful the worse the aroma of the Gloom it evolved from. it has two bright red Rafflesia-like flowers on its head and green and yellow leaves around its waist that resemble a skirt.
dataset/images/183.png,"a blue, bubble-like ball at the tip of its black tail can glow when Marill attacks. in the Pokémon the series: Ruby and Sapphire episode Abandon Ship!, marill was shown to be able to bounce on its tail."
dataset/images/184.png,"a blue, bipedal semiaquatic leporine Pokémon has an ovoid body. the lower half of its body is white with a white, bubble-like pattern above it. it has elongated, rabbit-like ears with red inside"
dataset/images/185.png,"the Pokémon has a brown, log-shaped body with yellow spots. it has short legs with toeless feet and thin forelegs with three green spheres at the ends of its fingers. it has a forked ""branch"" on top of its"
dataset/images/186.png,"a green, bipedal, amphibian Pokémon with yellow hands, belly, throat, and toes that resembles a frog. It has a long, curled hair on top of its head and pink cheek spots that are smaller on the female than on the male. There is a green swirl on its belly. Its legs are well developed and it has bulbous toes and fingers."
dataset/images/187.png,"a round, pink plant Pokémon with long green leaves growing on top of its head. the leaves on its head have ragged edges, similar to a dandelion. there is a circular yellow pad on the underside of each foot."
dataset/images/188.png,"Skiploom is a plant Pokémon that has a round, green body with stubby arms, feet, and tail. it has large, flat ears on the sides of its head and oval, orange eyes with no pupils."
dataset/images/189.png,"three cotton puffs, almost as large as the body itself, extend off it. they produce cotton spores that Jumpluff can use to float in the air."
dataset/images/190.png,"a simian Pokémon with a three-fingered hand at the end of its tail is purple. its fur is purple, while the skin of its face, inner ears, belly, feet, and the tip of its tail are beige."
dataset/images/191.png,"a mostly yellow, seed-like Pokémon with a sprout growing out of its top. it has triangular, spike-like protrusions on top of its head, encircling the sprout."
dataset/images/192.png,a plant Pokémon with a sunflower-like design has a green trunk and limbs. it has leaves extending like arms from its round body and two toes on each foot.
dataset/images/193.png,"compared to its long, thin abdomen, its thorax is short and wide. compared to its long, thin abdomen, its thorax is short and wide."
dataset/images/194.png,"a mostly blue, amphibious Pokémon that resembles an upright, armless axolotl. its head is large compared to its body, and it has small, round, black eyes. the males have more branches in its gills"
dataset/images/195.png,"it is a light blue, bipedal, amphibious Pokémon. it has little neck to distinguish it from the rest of its body."
dataset/images/196.png,"a quadrupedal, feline-like mammalian Pokémon with slender legs and dainty paws. It is covered in fine, lilac fur. Its ears are large, and it has purple eyes with white pupils. There are tufts of fur near its eyes, and a small, red gem embedded in its forehead. It also has a thin, forked tail."
dataset/images/197.png,"a mammalian Pokémon which has a sleek, black body with four slender legs and crimson eyes. It has two pairs of pointed teeth (one pair in each jaw) which are visible when its mouth is open. It has long, pointed ears and a bushy tail, each with a yellow band around them. Its forehead and legs have yellow rings on them."
dataset/images/198.png,"the avian Pokémon has black feathers. its crooked, yellow beak and the three, feathery tufts on its head resemble a witch's nose."
dataset/images/199.png,"the shellder is primarily pink, with a pale yellow muzzle and scaled belly. its feet and hands each have a single clawed digit, while the hands also have a clawless thumb."
dataset/images/200.png,"a dark bluish-green, ghost-like Pokémon has no visible arms or legs. its lower half has several small appendages and resembles a ruffled dress. it has five round red gems halfway around its neck."
dataset/images/201.png,"all 26 alphabetic forms of Unown have fully open eyes, while the two punctuation forms have half-closed eyes. it is a mystery whether Unown predates or postdates written language."
dataset/images/202.png,the female Wobbuffet has a red marking on its mouth that resembles lipstick. it has flat arms wider towards the tip and four stubby legs at the base of its body.
dataset/images/203.png,"a cloven-hooved, quadrupedal giraffine Pokémon has a long neck. it has two ossicones with bulbous tips on top of its head. the brown section on female Girafarig is"
dataset/images/204.png,"an insectoid Pokémon encased in a blue-green, pine cone-like shell. it has red eyes and no visible limbs, along with a single spike on top of its head. the glue is made of fluid that Pineco s"
dataset/images/205.png,"the outer plates have zigzagging ridges that open along its back and front, revealing its smooth, red inner shell. between the spikes, the inner shell opens along a straight line to reveal Forretress's eyes, which are round with large pupils "
dataset/images/206.png,"a serpentine, and somewhat insectoid, Pokémon with a primarily yellow body, blue underside, and blue-and-cream-striped back. its head is round with a wide mouth extending under its jowls and curving up toward"
dataset/images/207.png,"a purple, chiropteran Pokémon with scorpion features. its head and body are round and roughly equal in size."
dataset/images/208.png,"a long, serpentine Pokémon with a silvery-gray body made of rock-like sections. three of those sections have long rock spikes coming out of them on either side. it has a massive head made up of its large, wide jaw with sets of"
dataset/images/209.png,"a pink, bipedal, bulldog-like Pokémon with blue polka dots covering its body. it has loose skin that drapes to cover the lower part of its body. there is a small, blue ruff around its neck, giving it the appearance"
dataset/images/210.png,"a stout, purplish-pink, bipedal, bulldog-like Pokémon has a prominent lower jaw. its upper jaw has two long, fang-like growths."
dataset/images/211.png,"a sea dwelling piscine Pokémon has a spherical body and a flat, paddle-shaped tail. the upper half of its body is dark teal and the lower half is light greenish-yellow. its tail is tall and thin with a"
dataset/images/212.png,"a bipedal, insectoid Pokémon with a red, metallic exoskeleton. it has gray, retractable forewings and hind wings with simple, curved venation. its thin, black neck connects to a black,"
dataset/images/213.png,"a slender Pokémon with a yellow body that appears to be soft. Until they are in use, Shuckle's limbs appear limp. It is encased in a very hard red shell that has many holes in it. The holes in its shell are rimmed with white."
dataset/images/214.png,"a bipedal, coleopteran insectoid Pokémon is covered in a blue exoskeleton. the horn ends in a cross on males and a heart-shape on females. heracross has oval, yellow eyes"
dataset/images/215.png,the bipedal Pokémon is primarily bluish-black with three bright red feathers for its tail and a single one on its left ear. it is primarily bluish-black with three bright red feathers for its tail and a single one on its
dataset/images/216.png,"Teddiursa is a bipedal, ursine Pokémon covered in short, orange-brown fur. it has three claws on its forepaws as well as two claws and yellow paw pads on its hind paws."
dataset/images/217.png,"a female Ursaring has longer fur on its shoulders than a male. its hind legs are short and thick, ending in three claws each."
dataset/images/218.png,"limbless gastropod mollusk Pokémon composed of magma. its body is bright red, fading to a duller red along its extremities."
dataset/images/219.png,"limbless, gastropod mollusk Pokémon consisting almost entirely of bright red magma. it has a bulbous snout and a wide mouth, with two drops of magma dangling from each side of its upper jaw."
dataset/images/220.png,"a small porcine Pokémon. Living in frigid temperatures, Swinub is covered in dense, brown, striped hair to keep it warm. The hair is so shaggy that it often covers its tuft-like small legs, making it appear like a legless lump. Swinub's eyes appear as if they are perpetually closed."
dataset/images/221.png,"a big, brown, furry porcine Pokémon has an impressive hump on its back. it also has two tusks made of ice, which seem small but can be lethal. it has floppy ears that are sensitive to sound."
dataset/images/222.png,"a small, pink, roundish Pokémon with branch-like growths on its back. there is a smaller, blunt horn on its forehead, and it has black eyes and a smiling mouth."
dataset/images/223.png,"the Pokémon is a light blue piscine Pokémon with saucer-like eyes and a mouth with four pointed teeth. it has a single pelvic fin positioned like a revolver's trigger, two small pectoral fins, and a dorsal"
dataset/images/224.png,"red, cephalopod-like Pokémon with large, round eyes and a turret-like mouth. yellow bumps on its rock-hard head and yellow suction cups on each of its eight tentacles."
dataset/images/225.png,"a red, avian Pokémon with a white, hollow, and bag-like tail. Its face and chest are covered in white feathers with two, three-pointed crests above its eyes. Black markings surround its circular eyes, and it has a light yellow beak and feet. There is a single white spot on its stomach. Its feet have two digits each."
dataset/images/226.png,"large, ray-like Pokémon is dark blue on the overside. its head has two long protrusions resembling horns or antennae."
dataset/images/227.png,"a silver-gray, avian Pokémon has a long metallic blue neck, legs, and tail. it has yellow eyes, a pointed beak with several pointed teeth, and a triangular crest on its head."
dataset/images/228.png,"a canine Pokémon with short, black fur and a red underbelly and muzzle. its ears and tail are both short and pointed. two fangs protrude from its upper jaw."
dataset/images/229.png,"the canine Pokémon has black fur, a long orange snout, and an orange underbelly. around its neck is a white band with a skull-shaped pendant on its throat. there are two white bands on each of its ankles, as well"
dataset/images/230.png,"a large, piscine Pokémon that is similar to a seahorse with a tightly curled tail is covered in blue scales. there are thin spines with a single branch atop its head and thin, white fins under its cheeks."
dataset/images/231.png,"a small, horizon-blue proboscid Pokémon that resembles a baby elephant. It has large, floppy ears, which it uses as fans to cool itself. There are two red pads on each ear and another on the bridge of its short trunk. Phanpy has a single nail on each of its four feet, and a short tail."
dataset/images/232.png,"a gray, proboscid Pokémon with a thick, black band of hide runs down the length of its back and extends to the tip of its long trunk. when this Pokémon curls up, the band resembles a car tire."
dataset/images/233.png,"a rounded, magenta, artificial Pokémon that shows similarities to a drinking bird. It has a relatively flat bill and large, round eyes. Its legs are simple ovoid growths along its sides, and its tail widens towards the middle. Its bill, legs, tail, and underside are blue."
dataset/images/234.png,"a quadrupedal, cervid Pokémon has a tan pelt with a cream-colored belly and a few spots on its back. it has a large, brown nose and a pair of pale cream-colored antlers,"
dataset/images/235.png,"a bipedal, beagle-like Pokémon has a long tail with an end resembling a paintbrush. it has a long tail with an end resembling a paintbrush. the color of the paint may vary for"
dataset/images/236.png,"the humanoid Pokémon has a predominantly pale purple body and brown hips and feet that resemble short pants and shoes. it has three blunt protrusions on top of its head, yellow eyes, and circular sections on each side of its head that resemble protective padding"
dataset/images/237.png,Hitmontop is a male-only species with no female counterpart. its main body is mostly blue with a brown triangular patch on its chest.
dataset/images/238.png,"Pokémon is a small, humanoid Pokémon that resembles a baby. it has a large head with blonde hair that reaches its shoulders and has large bangs. it has large, blue-green eyes and a pair of large, pink lips"
dataset/images/239.png,"Elekid's arms are bulky in proportion to its body, and it has three claws instead of fingers. it has two stripes on its arms, which wrap all the way around."
dataset/images/240.png,"the bipedal Pokémon has a red body with a yellow, flame-shaped marking on its stomach and a black collar marking on its neck. its short arms have three clawed fingers, while its feet have only two clawed toes."
dataset/images/241.png,"a bipedal, bovine Pokémon can only be female. its body is mostly pink, with a yellow belly and black, angular markings along its back. it has large, blue eyes, a black nose, and a wide mouth."
dataset/images/242.png,"the Pokémon has a large, ovoid body with a pink upper body and white lower body. it has hair-like curls on either side of its head."
dataset/images/243.png,"a quadrupedal, yellow, tiger-like Pokémon with black stripes and a white underside. most of its face consists of thick, white fur and shorter yellow fur around its red eyes. Raikou has two long fangs that make"
dataset/images/244.png,"Entei is a massive, leonine, quadrupedal Pokémon with some mastiff qualities. it has gray paws with brown pads and black cuff-like bands on its legs. both front paws house three small, white retractable"
dataset/images/245.png,"a slim, quadrupedal, blue, mammalian Pokémon with white, diamond-shaped markings. it has a thick, purple mane that resembles the aurora borealis and two white, streamer-like tails that wave forward"
dataset/images/246.png,"red scales cover its belly, and there are several small diamond-shaped holes in its body. it has a tail with a conical center surrounded by a ring of plate-like scales, causing it to resemble a tunnel-boring machine"
dataset/images/247.png,"red eyes can be seen through two holes in the shell, and two more holes above resemble eyebrows. the upper portion of its body is covered by a mask-like plate with four large spikes on either side."
dataset/images/248.png,"a large, bipedal, dinosaurian Pokémon with a green, armor-like hide covering its body. it has two pairs of pointed teeth: one in the upper jaw and one in the lower. both sides of its chest, the center of its back, and"
dataset/images/249.png,"a large Pokémon that resembles a dragon, a plesiosaur, and a bird. it has blue undersides with slightly varying tones. its head has a point to the back, and its eyes have pointed blue"
dataset/images/250.png,"the avian Pokémon is resembling a phoenix and a peacock. its feathers are predominantly gold and red, with yellow tail-feathers and a white underside."
dataset/images/251.png,"a green, fairy-like Pokémon. It has round toeless feet, three-fingered hands, and clear wings on its back. It has a round head that comes to a curved point. It has large baby-blue eyes with thick black rings around them, and a pair of green antennae with blue tips."
dataset/images/252.png,"treecko's hands and feet each have three digits covered with tiny spikes. it has a large, dark green tail with two separate lobes."
dataset/images/253.png,"Grovyle has three long leaves on its wrists, a large leaf on top of its head, and two tails that have a leafy appearance. this leafy appearance allows it to be camouflaged in the forests where it lives."
dataset/images/254.png,"a reptilian, bipedal Pokémon has two crests on its head. it has semicircular, yellow eyes with red rims. its lower jaw and a belt-like band across its waist are also red."
dataset/images/255.png,"a small, chick Pokémon with stubby, downy, yellow wings. there is an orange and yellow crest on its head that resembles a flame."
dataset/images/256.png,"most of Combusken's upper body is yellow, while most of the lower body is orange. it has a feather crest on top of its head with three orange points."
dataset/images/257.png,"the majority of Blaziken's body is red with accents of beige, yellow, and gray. behind its head, there are beige, hair-like feathers that continue downward and surround its chest and abdomen."
dataset/images/258.png,"a small, amphibious, quadrupedal Pokémon. It has a blue body with a light blue underside. Mudkip has a large head with a blue fin on top and a light-blue tail fin. It has black, beady eyes and orange, star-shaped gills on its cheeks."
dataset/images/259.png,"an amphibious, bipedal Pokémon similar in appearance to a salamander or mudskipper. its body is light blue with a lighter shade of blue for its underside and an orange belly."
dataset/images/260.png,Swampert is semi-bipedal and can stand on its three-toed feet. it has orange conical gills that protrude from round patches on either side of its face.
dataset/images/261.png,"a quadrupedal Pokémon similar in appearance to hyenas and canines. its body is gray with a black face and throat, paws, and belly."
dataset/images/262.png,"the mammalian Pokémon strongly resembles a cross between a wolf and a hyena. its lower legs, tail, and two thick shaggy strips starting behind its eyes are black."
dataset/images/263.png,"quadrupedal mammalian Pokémon resembling a raccoon, raccoon dog, or badger. it has stripes formed by alternating layers of cream and brown fur. it has a brown head with spiky ears"
dataset/images/264.png,"most of its fur is colored tan, but it has brown stripes. one long stripe stretches the length of its body before ending in an arrowhead shape on its forehead."
dataset/images/265.png,"a small, caterpillar-like Pokémon. its body is mainly red with a cream underside and face. it has a tall, erect, red spine behind its forehead."
dataset/images/266.png,a cocoon-like Pokémon uses silk to attach itself to tree branches. the silk forms a hard cocoon that it can use to repel enemy attacks.
dataset/images/267.png,"a butterfly-like Pokémon easily recognizable by its two pairs of colorful wings. it has large blue eyes and black antennae with rounded tips. the main body of its wings are black with large, yellow markings."
dataset/images/268.png,"a round, cocoon-like Pokémon. It is covered in purple silk, except for two holes where its red eyes are visible. The soft silk hardens into a tough cocoon that is able to endure attacks, and Cascoon will not move even when it is attacked. However, it never forgets the pain it endures and seeks revenge upon Evolution."
dataset/images/269.png,"a moth-like Pokémon has two pairs of wings. it has a purple, egg-shaped body with a jagged fringe on its rear."
dataset/images/270.png,"a small, blue plant Pokémon with six stubby legs. It has large eyes and a wide, yellow mouth similar to a bill. A large leaf that resembles a lilypad covers its back. This large leaf allows Lotad to float across ponds, and it will sometimes ferry smaller Pokémon on its back in this manner."
dataset/images/271.png,"a bipedal plant Pokémon that is mostly green with some light blue markings. it has stubby, round ears, large eyes with small pupils and a red bill-like mouth. it has long arms with four red claws and a thumb on each"
dataset/images/272.png,"a bipedal plant Pokémon appears to be a mixture of a pineapple and a duck. there is a green, sombrero-like growth on its head that is similar to a lily pad."
dataset/images/273.png,"a small plant Pokémon has a gray ""cap"" with a short stem on top of its head. it absorbs moisture and nutrients from the tree until it becomes too heavy and falls to the ground. Seedot polishes itself with leaves once daily."
dataset/images/274.png,a bipedal plant Pokémon with a single green leaf atop its head. the leaf is smaller on the female. it is mostly brown with a beige mask marking on its face.
dataset/images/275.png,"a bipedal, portly plant Pokémon appears to be made of wood. a shaggy white mane covers most of its face and trails down its back. a female will have smaller leaves than a male."
dataset/images/276.png,"a small avian Pokémon with dark blue feathers. A red marking with pointed tips stretches from its chest to its forehead, and it has a white underside. It has narrow brown eyes and a short yellow beak. It has elongated wingtips and black feet with yellow talons. Each foot has three toes facing forward and one backward. Two sharply pointed feathers form its tail."
dataset/images/277.png,"a large, dark-blue avian Pokémon has a red breast and face. a blue stripe separates the red markings on its head and chest. each foot has three forward-facing toes and one pointed backward."
dataset/images/278.png,"a small, white Pokémon similar in appearance to a seagull. its head makes up a large portion of its body, and it appears to lack a neck. three blue-tipped feathers give it a fan-like tail and its small, orange"
dataset/images/279.png,"a pelican-like Pokémon whose head and bill make up the majority of its body. it has white feathers with a short, blue crest on top of its head."
dataset/images/280.png,"a humanoid Pokémon with a white body has thin arms and legs that widen toward the feet. there is a wispy extension trailing off the back of its feet, creating the overall impression of a nightgown or oversized dress."
dataset/images/281.png,"a bipedal, maiden-like humanoid Pokémon appears to be wearing a tutu. most of its body is colored white, and there are three ruffles on each hip. it has skinny green legs with long, pointed feet."
dataset/images/282.png,"bipedal, humanoid Pokémon whose body resembles a flowing gown. most of its body is white, but its hair, arms, and the underside of its gown are green. behind its red eyes are short spikes, resembling"
dataset/images/283.png,"blue insectoid Pokémon has a round body with four long, skinny legs extending from it. on top of its head is a yellow cap with a single antenna that secretes a thick, sugary syrup."
dataset/images/284.png,"a light blue insectoid Pokémon with two pairs of rhombus-shaped wings on each side of its body. its head is shaped like an elongated teardrop with a pink face and round, black eyes. on either side of its head"
dataset/images/285.png,"the fungus Pokémon is a small fungus similar to a mushroom. its upper body is beige with frilled segments along the bottom and a small opening at the top. it has small, round feet and no visible arms or hands."
dataset/images/286.png,"a bipedal, mushroom-like Pokémon with some kangaroo and dinosaur-like qualities. most of its body is green, but its head to its neck and its tail are beige. on top of its head is a green, mushroom-like cap"
dataset/images/287.png,"a brown, quadrupedal Pokémon with sloth-like qualities. it has coarse, shaggy fur with two dark brown stripes on its back. it has long, lanky arms, but shorter legs."
dataset/images/288.png,"a white, sloth-like, bipedal Pokémon with a teardrop-shaped tuft of red fur on its forehead. it has stubby ears, two small, triangular teeth in each jaw, a brown lower jaw, and large eyes "
dataset/images/289.png,"most of its shaggy fur is brown, along with the semicircle patterning under its eyes. around its neck is a white collar of fur that extends over the top of its head before ending in a small tuft."
dataset/images/290.png,"a small, whitish, insectoid Pokémon has a pointed snout, a thin stripe that dips in a V-shaped pattern between its eyes. it uses its antennae to sense its surroundings."
dataset/images/291.png,"a small, cicada-like Pokémon with two pairs of wings. most of its head is yellow, but there is a solid band of black between its red eyes. it has large, veined wings with triangular, red tipping."
dataset/images/292.png,"most of its body is light brown, but the abdomen is gray. there are round protrusions on the side of its head with narrow slits for eyes."
dataset/images/293.png,"a mauve, bipedal Pokémon has a spherical body. its eyes are black and shaped like plus signs. two small openings on top of its head act as its ear canals."
dataset/images/294.png,"a purple, bipedal Pokémon with a square build. it has a large mouth with yellow lips and peg-like teeth in each corner. on top of its head are two short stalks that support its circular ears."
dataset/images/295.png,"the blue, bipedal Pokémon has a large mouth. it has red eyes, a stubby nose, and two peg-like teeth in each jaw."
dataset/images/296.png,"a bipedal humanoid Pokémon has a bulky build. most of its body is yellow, but it has a black marking on its chest. it has a knot, which causes it to resemble a punching bag."
dataset/images/297.png,"a large, bulky humanoid Pokémon is modeled after a sumo wrestler. it has narrow eyes and rounded ears. on its head is a short, triangular crest."
dataset/images/298.png,"a round, blue mouse Pokémon. It has circular ears with pink insides. There are two white dots on its cheeks, and it has black eyes. Its thin, black, zigzagging tail has a large blue ball at the end about the same size as its body. It has no visible arms whatsoever."
dataset/images/299.png,"a blue, angular, hard bipedal Pokémon that closely resembles a Moai. its bright red, triangular nose is highly magnetic and slightly resembles a 3D arrow."
dataset/images/300.png,"a pink, feline Pokémon with a stumpy body and four short legs. on its face is a cream-colored, crescent-shaped marking. it has slit-like eyes and tufted ears with purple interiors."
dataset/images/301.png,"a quadrupedal, feline Pokémon with a mostly tan body. its purple ears have three tufts of fur at the tips. there is a purple ruff-like collar with pin-like extensions around its neck."
dataset/images/302.png,"a bipedal humanoid Pokémon has a dark purple body, armed with sharp teeth and claws. it has pale blue, gemstone-like eyes, which allow it to see in low light and sparkle in the dark."
dataset/images/303.png,"a short, bipedal, humanoid Pokémon with a pale yellow body. its three-fingered hands and two-toed feet are black. its legs resemble a hakama."
dataset/images/304.png,"a quadrupedal Pokémon with four stubby legs and a large round head. its body is black with plates of gray steel armor covering its head, back, and legs."
dataset/images/305.png,"a stocky, armored Pokémon with four short legs. its body is dark gray, and its eyes are sky blue."
dataset/images/306.png,"it primarily has a crusty gray exoskeleton, with plates of silver armor adorned. the armor on its head has two pairs of holes with horns protruding from the foremost holes. it has sky-blue eyes, and two nostril"
dataset/images/307.png,"a humanoid, bipedal Pokémon that resembles a person meditating. its lower body is blue, with white on its wrists, feet, and lower body. it has round, swirled ears on the sides of its head "
dataset/images/308.png,"a red headpiece with three bulb-like extensions covers the upper portion of its head. the headpiece slightly covers its large, focused eyes, and its red lips seem to be in a puckered position."
dataset/images/309.png,"a green, canine Pokémon with yellow markings. it has a large head crest with angular, lightning-like markings on the side. it has a yellow stripe down its back."
dataset/images/310.png,"canine, quadrupedal Pokémon is a canine, quadrupedal Pokémon. its body is mainly blue with a spiky, yellow mane on its head and yellow tufts of fur on its haunches and around its front feet"
dataset/images/311.png,"a cream-colored bipedal Pokémon with red markings. It has a dot-like nose and a cream-colored plus sign in the middle of its circular red cheeks. It has long, flat ears that are mostly red. Its limbs are stubby and digitless, and it has red front paws. Its short tail is tipped with a red plus sign."
dataset/images/312.png,"a cream-colored bipedal Pokémon with blue markings. It has a dot-like nose and a cream-colored minus sign in the middle of its circular blue cheeks. It has long, flat ears that are mostly blue. Its limbs are stubby and digitless, and it has blue front paws. Its short tail is tipped with a blue minus sign."
dataset/images/313.png,"a firefly-like, bipedal Pokémon is black with a blue chest and abdomen. there are two yellow stripes across its front: one on its chest and one near its legs. a red band separates each limb from its body and a thick"
dataset/images/314.png,"a firefly-like, bipedal Pokémon has a blue face and large, slanted blue eyes. its antennae are small and yellow. it has small wings used for flying with others."
dataset/images/315.png,"a small, light green bipedal Pokémon has three thorns on top of its head. it has black eyes with long eyelashes. a male will have a shorter leaf than a female."
dataset/images/316.png,a female has a shorter feather than a male. it has puckered lips and slanted eyes that are usually closed.
dataset/images/317.png,a female Swalot has shorter whiskers than a male. it has puckered lips and can fit an automobile tire in its mouth.
dataset/images/318.png,"the fish Pokémon has a body covered in tiny, sharp denticles. the top half of its spherical body is blue, while the bottom half is red with a yellow, four-pointed star below its mouth."
dataset/images/319.png,"a torpedo-shaped shark Pokémon covered with tiny, sharp denticles. it has a large mouth filled with triangular, sharp teeth. its eyes are a deep red color and glow in the dark."
dataset/images/320.png,"a spherical whale Pokémon with no tail. It has a dark blue topside and a tan underbelly with grooves. It has two fins that have finger-like appendages, baleen plates that resemble teeth, and a pair of nostrils on the top of its head functioning as blowholes."
dataset/images/321.png,"it has small beady eyes, a huge mouth, and a tan throat and underbelly. it has two pairs of blue fins along its sides, a smaller third pair of tan fins on its rear."
dataset/images/322.png,the hump is green at the very top and fades out into yellow with small green spots. a female will have a bigger hump than a male.
dataset/images/323.png,"a quadrupedal Pokémon that resembles a Bactrian camel has two gray volcanoes on its back. it has bangs on top of its head, droopy ears, and a tan fur-less muzzle"
dataset/images/324.png,"a tortoise-like, quadrupedal Pokémon. It has a large, black, rock-like shell with holes that glow with a red warmth. Its skin is reddish-brown with gray-black bands on its legs and neck. It has a long neck and its eyes seem permanently closed."
dataset/images/325.png,"it has dark, circular eyes, a large gray nose, and small ears. motion is achieved by bouncing on its spring-like tail. it wears a pearl produced by Clamperl on top of its head."
dataset/images/326.png,"a bipedal, pig-like Pokémon has large ears, a pink snout, and oval eyes. the lower half of its body is black, while the upper half is purple. there are black markings on its ears and arms, while its hands"
dataset/images/327.png,"a bipedal, red panda Pokémon with rabbit-like features. its eyes are made of two black spirals, which point in the opposite direction to each other."
dataset/images/328.png,"an orange, insectoid Pokémon. It has a round body with a white underside and four stumpy legs. It also has a proportionally large head, small black eyes with twinkle-shaped pupils, and a zigzagging mouth."
dataset/images/329.png,it has a small head with two yellow antennae and green bulging eyes with black oval-shaped pupils. mouth has two large white teeth protruding from each side.
dataset/images/330.png,flygon's tail has several dark green stripes and three small green rhombus shapes with red trims at the end. its eyes have red covers that prevent sand from getting into them.
dataset/images/331.png,"it has a dark green rhombus shape above its face, and six dark green rhombus shapes that ring around its waist. it has dark circles around its eyes, and its mouth composed of several similar circles."
dataset/images/332.png,"a humanoid, bipedal Pokémon that resembles a green scarecrow made of cacti. its face has two eye holes through which yellow eyes can be seen. six smaller holes representing a grinning mouth."
dataset/images/333.png,"an avian Pokémon with a round, blue body appears to be all head. its wings are fluffy and white, resembling cotton or clouds."
dataset/images/334.png,"a blue, avian Pokémon is covered in fluffy, white feathers. its body and cloud-like wings are covered in fluffy, white feathers."
dataset/images/335.png,"a bipedal Pokémon is classified as a bipedal Pokémon. its fur is mostly white with deep red, scar-like markings on the face, chest, and forepaws. it has two long, black claws on its forepaws,"
dataset/images/336.png,the serpentine Pokémon is usually depicted scrunched up like an accordion. it has yellow hexagon markings that run from its head to its tail. it has elongated red fangs that protrude from its upper jaw.
dataset/images/337.png,"a cream-colored, rock Pokémon with a crescent moon shape. In the center of the crescent is a pointed, beak-like structure. It has deep-set, red eyes, which can cause paralyzing fear or induce sleep."
dataset/images/338.png,"a primarily orange, spherical Pokémon has eight yellow, rocky spines extending from the sides of its body. on its back are dual rocky mounds situated to the sides of the mid-line."
dataset/images/339.png,the main body is a soft gray with a jagged black line running its length. it has several blue barbels that are used as a superb radar in murky water.
dataset/images/340.png,"a dark blue catfish-like Pokémon has a yellow underbelly. it has a cavernous mouth with light blue lips that have short, thin whiskers growing from its lower lips. the light blue dorsal fin has a pattern of three black"
dataset/images/341.png,"the red-shelled, crustacean Pokémon has a short tail similar to a lobster. its eyes are saucer-like with small pupils, and it has three spikes on top of its head."
dataset/images/342.png,"primarily red, crustacean Pokémon with a tan underside. it has circular eyes set in deep sockets and a large, star-shaped growth on its forehead."
dataset/images/343.png,a small Pokémon that resembles a tan figurine made out of clay or mud. a red stripe encircles its body and forms a ring on its belly. a spike protrudes from the top of its head and another
dataset/images/344.png,"large, black Pokémon has a rounded, oblate-shaped head with a peg-like protrusion extending from the center of the top of its head. along the circumference of its head are many round, pink eye-like structures alternating with"
dataset/images/345.png,"a plant-like Pokémon based on a crinoid with eight dark-tipped, pink petal-like tentacles protruding from an opening on top of its head. inside the pitch-black opening are two glowing, yellow eyespots"
dataset/images/346.png,"a green, plant-like echinoderm Pokémon with various yellow markings on its head, neck, and torso. there are circular, yellow eyespots on its head, but its true eyes are concealed inside the dark, crescent opening on its head "
dataset/images/347.png,"a stalk extends from either side of its head, with large, spherical eyes at the tips. the middle of its head is black with two red, teardrop-shaped markings. on each side of its body are four white appendages with red"
dataset/images/348.png,"a bipedal, amphibious Pokémon is covered with thick, gray-blue plates. it is covered with accents of yellow, black, white, and red throughout its body."
dataset/images/349.png,"a shabby, old-looking, fishlike Pokémon with a light brown body covered in dark, irregular spots. It has large, deep-set eyes and big, pink lips. The tail and pectoral fins are dull blue and tattered in appearance. The dorsal fin is triangular with a hole in the middle."
dataset/images/350.png,"this is an aquatic, serpentine Pokémon with a primarily cream-colored body. it has red eyes with long, pinkish antennae above them. there are long, hair-like fins above its eyes."
dataset/images/351.png,"Castform is an artificial Pokémon that changes appearance and attitude based on the weather. its body is made of cells exactly like those of water molecules, causing its cellular structure to be chemically altered."
dataset/images/352.png,"a bipedal, reptilian Pokémon that is usually green. on either side of its head are yellow frills. the hands and feet have three short digits each."
dataset/images/353.png,"a spherical, levitating Pokémon that appears to be covered by a gray cloth. Black rings surround its multicolored eyes, which have light-blue sclerae, dark-blue irises, and yellow pupils. Occasionally, it will display a large, pink tongue. Extending from the top of its head is a long, pointed horn."
dataset/images/354.png,"a dark gray, doll-like Pokémon is possessed by pure hatred. it has three short spikes on its head and a long zigzagging ribbon trailing off its head. a zipper acts as its mouth, and it has purplish-pin"
dataset/images/355.png,a Pokémon which appears to be a stylized personification of the Grim Reaper. Its body resembles a black robe with two bone-shaped patterns on its back. It has a mask that resembles a skull and a single eye that floats between its eye sockets.
dataset/images/356.png,"the red eye is said to be the true form of Dusclops. it has two wispy, light gray growths coming out of its shoulders and one on top of its head."
dataset/images/357.png,"a large, sauropod-like Pokémon with a brown body wrapped in green leaves on its chest and head. it possesses large, broad green leaves on its back, which it uses for flight and sugar production via photosynthesis."
dataset/images/358.png,"a small, round Pokémon with a mainly bluish-white body shaped like a frin wind chime. underneath its body extends a long, tag-like tail that has amaranth patterning at"
dataset/images/359.png,the mammalian Pokémon has a primarily white feline-like body with some dark blue coloration. it has a ruff around its neck and chest and a tuft on the top of its head adorned with a single blue-black oval 
dataset/images/360.png,"a small, bipedal Pokémon covered in blue fur ends in a zigzag pattern. its head is spherical with ear-like arms on either side and a bulbous growth on its forehead."
dataset/images/361.png,"a small, black Pokémon with an ovoid body is covered with a yellow cloak. it has circular, light blue eyes, wide teeth, and spherical hands and feet that lack digits. the coat is rimmed with an orange"
dataset/images/362.png,"a spherical Pokémon that consists of a black rock core covered by ice. The icy covering has several holes and spaces across this Pokémon's body. Blue eyes and a mouth with flat teeth are visible through three of these holes. There are two large, black, conical horns on either side of Glalie's head."
dataset/images/363.png,"a chubby, spherical, seal-like Pokémon with a short, flat tail. its fur is light blue with several white spots of various sizes on its back. it has black, circular eyes; small tusks protrud"
dataset/images/364.png,"sealeo's white whiskers are described as being super sensitive. it is a bright-blue, pinniped Pokémon."
dataset/images/365.png,"a large, walrus-like Pokémon has thin, white rings around its neck and lines on its fan-like tail-fin. it has a round snout and yellow eyes, and large tufts of white fur about its face and neck."
dataset/images/366.png,"an aquatic bivalve Pokémon makes its home on the seafloor. its bivalve shell is dark blue with a silver rim along the inner edges. the shell is used to clamp down on prey, as well as for protection."
dataset/images/367.png,"a light-blue, aquatic Pokémon with a serpentine body. it attracts its prey by wagging its fish-shaped tail. it has sharp teeth and allows it to gulp its prey whole."
dataset/images/368.png,"a pink, serpentine Pokémon with a long, thin mouth is used to stab prey and drain their body fluids. it has also been known to feed on seaweed that grows between stones. a long, purple-tipped fin extends from the top"
dataset/images/369.png,"the Pokemon is heavily based on the coelacanth. its tan head has protruding cheekbones, which are smaller on a female."
dataset/images/370.png,"a fishlike Pokémon with a relatively flat body in the shape of a heart. It is primarily light pink, with pale lips and circular markings on its cheeks. Its body is covered in heart-shaped scales."
dataset/images/371.png,"a bipedal, blue, reptilian Pokémon resembling a Pachycephalosaurus. it possesses a large, round snout, triangular eyes, yellow, circular ears. three thick, gray ridge"
dataset/images/372.png,"most of its body is covered in a shell of six white plates, made from the same substance as bone. the three top plates each feature a ridge running along their lengths."
dataset/images/373.png,"a quadrupedal, draconic Pokémon with a long, tapering tail. it is primarily blue with a gray lower jaw and thickly scaled underside. there are red markings on its throat, the underside of its tail,"
dataset/images/374.png,"a robotic Pokémon that has a long body with a set of claws sticking out of its rear end. It has one large, red eye in the center of its nearly spherical head, which is set into a ball-and-socket joint at its front end. A short crest projects from its body and extends over its head."
dataset/images/375.png,"a robotic Pokémon has teal, metallic skin. it has a disc-shaped body with flat, gray spikes on either side toward the rear. a jet cannot scratch Metang due to its strong body."
dataset/images/376.png,the main body appears to serve as both head and body. the Pokémon uses its heavy body to pin down its prey before consuming them with its large mouth. a large metallic cross is situated in the center of its face.
dataset/images/377.png,"a large golem-like Pokémon made of brown and orange rocks. It has a pattern of seven orange dots on its face that resembles a capital letter ""H"". It has long arms with jutting shoulders and club-like hands without fingers. There is a line of orange rocky spines running down its back, and its legs are short in comparison to its body."
dataset/images/378.png,"a large, blue Pokémon composed of solid Antarctic ice. its body is composed of angular crystal-like shapes. its face has seven yellow dots in a ""+"" formation."
dataset/images/379.png,"most of Registeel's body is spherical and gray while the middle of its face has the appearance of being exposed as it shows black ""skin"" Registeel's lower half is disc-like in shape and has two cylindrical legs without toe"
dataset/images/380.png,"a Pokémon with a birdlike body stylized after a plane stretches forward from its squat body. the rear half of its body is largely red and the upper half white, with jet-plane wings high on its rear and fins on the bottom"
dataset/images/381.png,"most of its body is blue, with white areas near its arms and a white stripe on its back that extend up to its head. most of its body is blue, with white areas near its arms and a white stripe on its back that extend up to its head "
dataset/images/382.png,"a massive, whale-like Pokémon with two big pectoral fins. the tail is tattered with four trailing parts, with the inner ones smaller than the outer."
dataset/images/383.png,"a massive, bipedal, dinosaur-like Pokémon is covered in red, segmented plates of thick, lava-resistant skin that act as armor. it has a gray underside and large white spikes that run along the sides of its head, body, and"
dataset/images/384.png,"a large, green, serpentine Pokémon resembles a missile. it has red-tipped, rudder-like wings on its shoulders and down its body. yellow ring-like symbols run across the length of its body."
dataset/images/385.png,"a small, white, humanoid Pokémon has short, stubby legs and comparatively longer arms. there are flaps on the underside of its arms, which give the impression of long sleeves. on its belly is a curved seam, which conceal"
dataset/images/386.png,"an alien-like, bipedal Pokémon has four forms, each focused on a different stat. the main components that are constant for all four forms are dominantly a red color, a light blue face, and three light blue dots on its back."
dataset/images/387.png,"a small, light green, quadrupedal Pokémon resembles a turtle or tortoise. its eyes, feet, and lower jaw are yellow. the shell has a thick black stripe and a black rim."
dataset/images/388.png,"the shell is composed of hardened soil and conforms to the shape of Grotle's body. the shell appears sectioned and is yellow with three long, brown ridges atop it."
dataset/images/389.png,"a tall, bulky, quadrupedal Pokémon resembling a tortoise. there is a single, oak-like tree and three triangular, stony extensions. there is a patch of brown, res"
dataset/images/390.png,a bipedal Pokémon is resembling a chimpanzee. its fur is primarily a shade of orange. its ears are large in comparison to its head.
dataset/images/391.png,"orange fur covers most of its body except for its ears, muzzle, fingers, circular areas on its palms, feet, and chest, which are tan. a small tuft of fur extends from the top of monferno's head, and it has"
dataset/images/392.png,"infernape has an orange, rounded muzzle, long, round ears with blue inside, and a red ridge over its eyes. there are five blue digits on both its feet and hands, and it has a long tail."
dataset/images/393.png,"a light-blue, penguin-like Pokémon is covered in thick down to insulate against the cold. it has a dark blue head with a primarily white face and a short, yellow beak."
dataset/images/394.png,"it is mostly dark blue with light blue facial markings, wing tips, and lower body. its eyes are blue and it has a short yellow beak with a small point above it."
dataset/images/395.png,"a large, navy-blue, penguin-like Pokémon has a wide, yellow beak that extends upward into three pointed horns that form a trident-shaped crest bracketing blue eyes. there is a blue marking res"
dataset/images/396.png,the avian Pokémon is primarily grayish-brown. there is a white marking on its face resembling a mask. the top portion of the mask marking is smaller on the female.
dataset/images/397.png,"a grayish-brown, avian Pokémon with black and white markings. its head and upper body are primarily black with an ""M""-shaped pattern over its white chest. on its forehead is a grayish-brown spot, which is smaller"
dataset/images/398.png,"a grayish-brown, avian Pokémon similar to a large bird of prey. it has small, red eyes and a thin, yellow beak with a black tip."
dataset/images/399.png,"a brown, rodent-like Pokémon with four short legs. it has a short, dark brown snout and a small, red nose."
dataset/images/400.png,"brown fur covers most of this Pokémon, with a tan bib-like pattern on its chest. its face is covered by a tan mask with a rounded extension over each eye."
dataset/images/401.png,"the most of its body is red with a pale yellow streak down its front. a female has a bigger collar than a male. two hard, black antennae with curled tips are connected to the head."
dataset/images/402.png,"the bipedal Pokémon has an insectoid appearance. it has three black, oval markings on its abdomen, a tan streak running down its neck to its belly. the male's feelers are longer than a female's."
dataset/images/403.png,"a quadrupedal, feline Pokémon resembling a lion cub or lynx kitten. the front half is light blue, while the rear is black. the top tuft is smaller on the female Shinx."
dataset/images/404.png,"a feline, quadrupedal Pokémon resembling a young lynx or lion covers most of its body. its ears, face, hind paws, and front half of its body are blue."
dataset/images/405.png,"a quadrupedal Pokémon is resembling a fully-grown lion. its face, hind legs, torso, and the back of its front legs are blue. the fur is longer around the shoulders and the base of the tail "
dataset/images/406.png,"it is one of the shortest Grass-type Pokémon. its face is yellow with small, slit-like eyes."
dataset/images/407.png,"the bipedal Pokémon has an appearance that incorporates roses and masquerade attire. it has hair made of white rose petals, and a leafy, green cape with a yellow collar-like bangle on its neck. a male will have a"
dataset/images/408.png,"gray, dinosaur-like Pokémon resembling the Pachycephalosaurus. it has a hooked beak, red irises, and a hard, blue, dome-shaped head. it has stubby arms with three claws"
dataset/images/409.png,"large, dark-gray, dinosaur-like Pokémon resembling a Pachycephalosaurus. it has blue stripes, one on its tail, and one on each of its knees and wrists."
dataset/images/410.png,"a small, yellow, ceratopsian-like reptilian Pokémon. It has white toes and a white bump on its back. Shieldon has a dark-gray elliptical face, with a prominent white brow and a white rim on its black snout. Its facial hide is extremely hard; however, it is vulnerable when attacked from behind."
dataset/images/411.png,"it appears to be a cross between a ceratopsian such as Chasmosaurus and a bulldozer. its dark gray, square head resembles a castle wall, complete with four cream-yellow spots with a black outline"
dataset/images/412.png,"a small, larval Pokémon with a black segmented body and a coiled antenna on top of its head. the first two pairs are black, while the back pair is yellow."
dataset/images/413.png,"a black, bagworm-like Pokémon has a coat of plants, sand, or garbage. it has oval eyes, a long pointed beak, and a long antenna with a coiled tip."
dataset/images/414.png,"the wings are primarily tan with an orange, oval marking on each. the tips of the wings split into small, orange squares."
dataset/images/415.png,"each hexagon has a round, yellow face with two black, oval eyes and a black, curved mouth. in the middle of their foreheads, the upper two faces each have a single whisker-thin, black antenna with black, oval tips approximately the size of"
dataset/images/416.png,"the bee-like Pokémon has a typical insect-like, three-part body. it has a yellow- and black-striped abdomen, which flares out from a thin, waist-like protrusion under its thorax. the centermost cell"
dataset/images/417.png,"a small, white squirrel-like Pokémon has a faint blueish tint and a light blue stripe starting from its forehead. a female Pachirisu's blue stripe is shorter than a male's. a large white tooth grows out of"
dataset/images/418.png,"orange Pokémon resembling a weasel and a sea otter. it has a yellow collar around its neck and two blue fins on its arms. a male has two cream-colored spots on their back, while a female"
dataset/images/419.png,orange Pokémon resembling an anthropomorphic otter or weasel with longer arms than legs. it has four fingers on each hand and three toes on each foot. its feet are small in comparison to the rest of the body.
dataset/images/420.png,"a small, cherry-like Pokémon has a round, deep-pink body with two stubby feet. the body becomes redder when bathed in sunlight, which signals that it has stockpiled a lot of nutrients. Cherubi has a short"
dataset/images/421.png,"a small Pokémon with two different forms, both of which are dependent on the weather. During normal weather conditions, Cherrim is in its Overcast Form. Two purple petals enclose its deep pink body. A short purple stem and a green leafy sepal sprout from the top of the petals. Its eyes appear to be near its short legs in this form."
dataset/images/422.png,"both forms have amorphous, slug-like bodies, black oval-shaped eyes with yellow outlines, minuscule, dot-shaped noses, and wide yellow lips. unlike real sea slugs, they have bulbous heads and four small"
dataset/images/423.png,a sea slug-like body has a round head and a mantle covering the top half of its body. it has six stubby legs and two black eyes with white pupils.
dataset/images/424.png,"a purple, simian Pokémon with two tails, each with a large, rounded hand with three red-tipped fingers. the tails also have a cuff of a rounded frill on the wrists."
dataset/images/425.png,"a yellow tape-like ""X"" mark contains its little mouth in the center. a white mass of fluff sits on top of Drifloon's head. it expands as it collects more souls."
dataset/images/426.png,"a Pokémon that has a large, spherical, purple body. the lower quarter of its body is a lighter purple. the colors are separated by a repeated semicircle pattern all around its body."
dataset/images/427.png,"a small, bipedal, rabbit-like Pokémon with brown ears can curl up. it has two types of fur covering its body: a light tan fleece that covers much of its lower body, feet, and the tips of its ears."
dataset/images/428.png,"a bipedal, rabbit-like Pokémon with a dark brown fur and a short, round tail. similar tufts of fluffy cream-colored fur cover its wrists, lower legs, and the ends of its long ears, which bend shortly above its head."
dataset/images/429.png,"a purple, ghost-like Pokémon has a round head with elaborate tufts resembling a witch's hat. the tips of the tufts are paler than most of the body. it has a thin, red mouth that "
dataset/images/430.png,a dark-blue avian Pokémon with plumage resembling a person dressed in formal attire. it has a large feather crest resembling a fedora hat that has spikes extending from the back.
dataset/images/431.png,"it has a crescent-shaped head with two white-tipped ears. it also has a white muzzle, a small black nose, pink eyelids, yellow eyes with blue irises."
dataset/images/432.png,a rotund gray and white feline Pokémon with a crescent-shaped head. it has whiskers with a zigzag-like pattern at the end of them.
dataset/images/433.png,"a yellow, spherical Pokémon similar to a jingle bell has stubby arms and legs. there are black circular openings on both sides of its mouth."
dataset/images/434.png,"a small, skunk-like Pokémon has dark-purple fur. its face is large and rounded, with a narrow orange nose, orange-rimmed eyes. it has two pointed ears that appear orange on the inside."
dataset/images/435.png,"a medium-sized mammalian Pokémon that resembles a skunk with a cat-like face. it has purple, spiky fur with several tan stripes."
dataset/images/436.png,"a flat, circular, blue-green Pokémon. Six dark blue spheres bulge from its rim. It has two round, yellow eyes and a large nose-like sphere surrounded by four small circles in its center. A crest resembling an herb or branch is on its back."
dataset/images/437.png,"a large Pokémon resembling a blue-green bell has two arms coming out of its sides. it has a hollow body and a yoke attached at the top. it has two round, red eyes with blue-green irises"
dataset/images/438.png,"a round, brown Pokémon with the top of its head resembling a club () a rim goes around the middle of its body. there are three yellow spots on its face, two of which surround its eyes."
dataset/images/439.png,"is a small, pink Pokémon with dark-blue legs and a ""hat"", which appears crooked and has a white ball on it. A red bump appears on its stomach and a typical red clown nose appears on its face. It has slender arms and small hands."
dataset/images/440.png,"a small Pokémon that is shaped like an egg has a soft, smooth, light pink body. it has three round bumps on its forehead and two pink circles on its cheeks."
dataset/images/441.png,"an avian Pokémon similar to a parakeet resembles an eighth note. its head is black and resembles an eighth note, while its black tail resembles a metronome."
dataset/images/442.png,"Spiritomb projects its appearance out of a small rock called the Odd Keystone. it is trapezoidal in shape and has two small dots. there is a fissure running down the middle, splitting in two near the bottom."
dataset/images/443.png,"a small, bipedal dragon-like Pokémon is grayish-blue. it has a big mouth filled with sharp teeth, no neck, and arms. its stomach is relatively small compared to its mouth."
dataset/images/444.png,"a medium-sized, bipedal, dragon-like Pokémon that is primarily blue. its underside is light blue, with red covering it from the middle of its abdomen."
dataset/images/445.png,"a bipedal, draconian Pokémon has red on its underbelly from the lower jaw to the middle of the abdomen. a patch of gold comes to a point below the red on its belly, and a golden star shape adorns the tip"
dataset/images/446.png,a teal Pokémon with a cream spot on its chest is teal in the top half and cream on the bottom half. it has five-fingered hands and cream feet with three clawed toes.
dataset/images/447.png,"a small, blue, canine Pokémon has a black torso and legs, a blue tail, and a yellow collar. it is sensitive to a special type of energy called Aura; however, it does not have the ability to fully use these powers "
dataset/images/448.png,"a bipedal, canine-like Pokémon with predominantly blue and black fur. it possesses a short, round spike on the back of each forepaw, in addition to a third on its chest. it has red eyes, a long sn"
dataset/images/449.png,"a quadrupedal, hippopotamus-like Pokémon that is most commonly found in deserts and other arid places. it has a large snout with round, protruding nostrils, and several blunt teeth inside its"
dataset/images/450.png,"a large, hippo-like Pokémon with skin color based on its gender. it is light brown if male, and bluish-gray if female. it has red eyes, a large rounded snout, and a massive"
dataset/images/451.png,"the miniature jaws, claws, and tail claws are white. the head, arms, two tail segments, and all four legs are light blue."
dataset/images/452.png,"a large, purple, scorpion-like Pokémon. its eyes are a pointed shape, with blue-colored upper portions. it also has protrusions on its jaws, two on the upper and three on the lower."
dataset/images/453.png,"a dark ultramarine-blue, bipedal Pokémon resembles a poison dart frog. it has yellow eyes, which are surrounded by black markings. it has three fingers and toes, most of which are black."
dataset/images/454.png,"a dark blue and teal, bipedal Pokémon resembling a poison dart frog. its head bears a gently-upward curling spike which seems to be part of the skull. its mouth gives an appearance of a mouth"
dataset/images/455.png,"a green plant-like Pokémon resembling a Venus flytrap. Its circular eyes have small pupils, and it has spiky teeth. Its stem is yellow with green spots, with red and green vines beneath with the appearance of tentacles. It has two arms resembling leaves with three leafy 'fingers' each."
dataset/images/456.png,a small fishlike Pokémon with an ellipsoid body is light-blue. the bottom half of its body is light-blue while the top half is black. a pink stripe runs across either side of Finneon's horizontal length
dataset/images/457.png,"Lumineon's pectoral fins have wavy, light blue markings around the edges. its tail is long with a deep pink spot at the tip."
dataset/images/458.png,"the visual description of the Pokemon does not aid in visually describing it. it has a round body with wide, flat fins. its back is dark-blue, while its underside is light blue."
dataset/images/459.png,it will be two-thirds brown if male and two-thirds white if female. it has green eyes and three points on top of its head.
dataset/images/460.png,"large, bipedal Pokémon covered in shaggy, white fur. two tufts of longer fur grow on both its back and chest."
dataset/images/461.png,"weavile has a pale, gray body that resembles both a cat and a weasel. it has a bright red crown and collar made of wide feathers."
dataset/images/462.png,"the evolution occurs on a molecular level, but despite this, scientists have failed at attempts to force it. Magnezone's tough steel body is wide and circular, similar to a disc or saucer, with a thin edge circling the diameter of"
dataset/images/463.png,"a dark pink, rotund Pokémon with a small tail and a long tongue. It has a yellow line pattern on its belly and a white bib-like pattern. It also has what appears to be a curled appendage on its head."
dataset/images/464.png,"a large, brownish-gray Pokémon has two horns: a larger one on its nose, and smaller one above it. the upper horn is even smaller on a female Rhyperior."
dataset/images/465.png,a large Pokémon has a black body wrapped in a large mass of blue vines. the vines are used to entangle foes and prey.
dataset/images/466.png,"a large, humanoid Pokémon is covered in yellow fur with black stripes. it lacks a neck and has red eyes, a black spot on its forehead, and a pair of antennae with bulbous tips."
dataset/images/467.png,"a large, vaguely humanoid, red-and-yellow-striped Pokémon has an egg-shaped body. its legs are small in proportion to its body with pink thighs, red feet, and black shackles around its ankles. it"
dataset/images/468.png,"togekiss has a relatively flat face and small, black eyes. it has a short tail consisting of three feathers."
dataset/images/469.png,"large eyes are red with black lines that make a sideways ""T"" shape in each one. its immense jaw power allows it to bite apart foes while flying by at high speed."
dataset/images/470.png,leafeon's body is tan with dark brown paws. the longest one on its head is in front of four tan tufts of fur.
dataset/images/471.png,"quadrupedal, mammalian Pokémon covered in light-blue fur. a teal crest with two dangling flaps adorns its head, resembling hair or headgear."
dataset/images/472.png,"a large, mainly blue-purple vampire bat-like Pokémon. its legs have two toes and a slightly darker circular coloration on the underside. its tail has two barbs, giving its tail the resemblance of a vampire'"
dataset/images/473.png,"a large, quadrupedal Pokémon resembling a wooly mammoth crossed with a boar. its brown fur is very thick to endure harsh cold and protect from snow and ice. it has a blue mask-like pattern"
dataset/images/474.png,"a virtual, manmade Pokémon, Porygon-Z does have a physical body. its head is fuchsia and ovoid in shape with a short, blunt antenna protruding upwards and a blue bill similar to that of "
dataset/images/475.png,"white, bipedal, bishnen-like Pokémon. lower body consists of rounded hips with strong legs. its arms resemble tonfas with extendable, blade-like elbows."
dataset/images/476.png,"Probopass has three small objects on its sides and back, called Mini-Noses. it has a big red hat-like magnet on top of its head and exudes strong magnetism from all over its body."
dataset/images/477.png,"a primarily black Pokémon that somewhat resembles a cyclops. its cylindrical head is light gray with a single eye that has a yellow iris and a red pupil. there is a yellow band near the top of its head, and a"
dataset/images/478.png,"a humanoid Pokémon has a hollow torso that resembles a kimono. it wears a red band around its waist, reminiscent of an Obi. its arms are connected to the sides of its head and flare at the"
dataset/images/479.png,"a small, orange Pokémon has a body of plasma. it is mostly spherical, with a bulb below its body and a long pointed protrusion on top. there is a whitish blue aura of electricity around it that forms lightning"
dataset/images/480.png,"a small, gray, fairy-like Pokémon with two gray tails encrusted with a red gem. it has a partially yellow face with another red gem encrusted into its forehead. its head faintly resembles that of a helmet or"
dataset/images/481.png,"a small, gray, fairy-like Pokémon has two tails that each have a red jewel encrusted in them. from near the top of its head, four long, drooping, magenta appendages extend."
dataset/images/482.png,"a small, gray-blue, fairy-like Pokémon. It has two tails that each have a red jewel on them. Azelf has a partially cyan face with another red gem encrusted into its forehead. Azelf has a cone-shaped head with elf ear-like protrusions on each side."
dataset/images/483.png,"Dialga has a five-spiked fin-like structure on its back similar to a gear, three spines on the back of its neck, and a crest on its head. it has three claws on each foot, of the same metallic look as"
dataset/images/484.png,"a light-purple, theropod-like Pokémon with stripes and markings of a darker shade and gray underarms and waist. it has round purple-striped plates on its shoulder area, where two pink pearl-like crystals lie encrusted with"
dataset/images/485.png,"a reddish-brown, quadrupedal Pokémon is dotted with orange and gray spots. it has metal bangles locked on its legs, and its claws on each of its feet are in a cross formation."
dataset/images/486.png,"this section contains seven black circular ""eyes"" arranged in a specific pattern. it has six gems around its head, the upper ones are red, the middle ones are cyan, and the bottom ones are gray."
dataset/images/487.png,a large gray draconic Pokémon has three gold half-rings on each side of its long neck. its head has a gold crown-like object surrounding it with two large horns pointing sideways. a thick black stripe runs vertically along
dataset/images/488.png,"Cresselia has glowing, pink, ring-like wings on its sides and back. the wings on its sides are solid dark pink, while the wing on its back is larger."
dataset/images/489.png,"Phione's head is crowned by a flotation sac with a long, ribbon-like antenna. its mouth is small, and its eyes are large with blue sclerae and gray irises."
dataset/images/490.png,"a small, blue, aquatic Pokémon has stubby feet and club-like arms. it has a red gem on its chest and a yellow dot below the gem. its onion-shaped head has a pair of long blue antennae."
dataset/images/491.png,darkrai has a small head with a white fog-like ghostly plume billowing from its head. it also has a red spiky growth around its neck. it has skinny arms and long black tatters hanging from its shoulders.
dataset/images/492.png,"in Land Forme, it has green grass-like fur on its back and a pink flower with two leaves on each side of its head. more flowers appear on its back whenever it feels comfortable, but when it senses danger, it rapidly hides them again."
dataset/images/493.png,"Arceus is a white, equine Pokémon with an androgynous appearance. it resembles a qilin or centaur with a gray, vertically striated underside. its tail is similar to its mane in"
dataset/images/494.png,"a small, rabbit-like Pokémon with large, blue eyes and a round, cream-colored head. it has large, blue eyes and a round, cream-colored head. its bulbous arms and legs are rounded to make a sort of ""cuff"
dataset/images/495.png,"a bipedal, reptilian Pokémon with a slender build runs down the length of its back and tail. a yellow stripe runs down the length of its back and tail and has yellow markings around its large eyes."
dataset/images/496.png,"a slim bipedal Pokémon that is primarily green with a cream underside, and narrow red eyes. It has a yellow V-shaped structure that starts at the chest and extends behind the shoulders. Servine has short limbs and a small crest protruding from the back of its head. Three palmate leaves grow along its back and tail."
dataset/images/497.png,"primarily pale green, serpentine Pokémon. its face and throat are white, while its back is dark green."
dataset/images/498.png,"a quadrupedal, pig-like Pokémon that is primarily orange. it has oval eyes and a red snout with a thick yellow stripe on it."
dataset/images/499.png,"yellow bands encircle its wrists and swirled yellow designs bulge from its chest. it has a red pig-like nose, pointed ears, and two pointed teeth that protrude from its lower jaw."
dataset/images/500.png,"it has a red nose, large bushy black eyebrows, and two tusks protruding from its lower jaw. the fire beard comes from the body flame within its body."
dataset/images/501.png,"a bipedal sea otter-like Pokémon has a spherical white head with small, triangular dark-blue ears. it has a spherical white head with small, triangular dark-blue ears on the"
dataset/images/502.png,"the bipedal, otter-like Pokémon is primarily light blue. it has small black ears, a pointed crest at the back of its head, a red nose, and long white whiskers forming tilted V-shapes."
dataset/images/503.png,"a quadrupedal Pokémon is resembling a river otter or sea lion. its head, dorsal coat, and limbs are royal blue, and its underbelly is a dull bluish-gray "
dataset/images/504.png,a rodent-like Pokémon resembles a chipmunk. it is mostly brown with a tan stomach and face. it has cheek pouches that it uses to store food.
dataset/images/505.png,"Ignore all info that does not aid in visually describing it. it is an upright, meerkat-like Pokémon with large cheeks and a single, pointed incisor sticking out of its mouth. there is yellow striping on its chest and tail "
dataset/images/506.png,"it has oval, brown eyes, a red nose, and its face covered by cream fur. it puffs out above its paws, and its back has a spiky dark blue blaze."
dataset/images/507.png,"a light brown, canine Pokémon with a short snout. its face has long, cream fur, which forms a mustache and a three-pointed crest. it has four short legs, with three-toed paws"
dataset/images/508.png,"a heavyset canine Pokémon has a talent for rescuing people lost at sea or in the mountains. on its face, it has cream-colored fur that forms voluminous, white-tipped plumes and a three-pointed crest."
dataset/images/509.png,"a primarily purple, feline Pokémon. its head has tufted fur on its ears and cheeks. it has a diminutive black nose on its creamy muzzle."
dataset/images/510.png,"a slender, purple feline Pokémon speckled with yellow rosettes. it has a pink ""mask"" marking over its eyes, a pink nose, and small yellow markings over its green eyes. it has two pairs of long yellow whiskers"
dataset/images/511.png,"simian, green-and-cream Pokémon has oval, black eyes, large ears with light green insides. there is a broccoli-like sprout atop its head."
dataset/images/512.png,"the simian Pokémon is primarily green. it has a pointed, bush-like crest on its head similar to a pompadour. it has furry, white eyebrows and shoulder tufts."
dataset/images/513.png,"pansear has oval eyes, a tiny nose, and large ears with orange insides. its upper body is red with small feet, and its tail has an arrowhead-shaped tip."
dataset/images/514.png,"the simian Pokémon is primarily a bright red color, although its muzzle, chest, upper belly, fingers, and toes are all cream-colored. its arms, legs, and lower belly are separated in color at the midsection by a red spike"
dataset/images/515.png,"simian, blue-and-cream Pokémon has oval eyes, large ears with light blue insides, and a tiny, black nose. there is a puffy, wave-like crest on top of its head."
dataset/images/516.png,the simian Pokémon is primarily blue. its ears are broad with light blue insides. it has oval eyes and a small black nose.
dataset/images/517.png,Munna has four tiny tapered limbs and a tapered snout. between its eyes is an oval spot in a darker shade of pink.
dataset/images/518.png,"rounded, bipedal Pokémon has a tapir-like trunk. its body is light purple, while its head is a pale pink."
dataset/images/519.png,"Pidove's black wings have a thick gray stripe down the side. there is a wide, heart-shaped area of lighter coloration on its chest."
dataset/images/520.png,"a gray avian Pokémon with lighter gray and black markings. there is a dark pink marking above its beak that curves over the eyes. there is a black stripe on each of its light gray, black-tipped wings."
dataset/images/521.png,"the visual description of the Pokemon is primarily dark gray with lighter gray markings. the light gray markings consist of a heart-shaped patch covering its face and throat, two patches divided by a lacy line on its wings."
dataset/images/522.png,"a black, zebra-like Pokémon with thick, double-pointed white stripes on its neck, chest, back, and hind legs. it has a rounded muzzle with a large, dark nose and oval, blue eyes with yellow sc"
dataset/images/523.png,"a zebra-like Pokémon runs the length of its body, beginning with two horn-like extensions on its forehead and running down its back to end in a long tail with a starburst-shaped tip."
dataset/images/524.png,"a roughly spherical rock-like Pokémon. Its body is blue and covered in large, smooth facets. It has a hexagonal, yellow artifice in the center of its body, leading to a hexagonal opening that functions as an ear. Roggenrola has a brown, rocky oblong atop its head and similar brown rocks that serve as feet."
dataset/images/525.png,"a blue, rock-like Pokémon with an array of red crystals on its back and front, and a spine protruding from between its yellow ears. its orange crystals, which are tough enough to break diamonds, are the hardened form of its endlessly"
dataset/images/526.png,"a blue, quadrupedal Pokémon with various spiny, red-orange, crystalline features jutting out from all over its body. two appear along its back, one on its chest, and one topping each of its four feet. each foot also bear"
dataset/images/527.png,"a blue, spherical Pokémon is covered in shaggy fur. it has a large, piggish nose with a heart-shaped nostril. two tufts of shaggy fur hide its eyes."
dataset/images/528.png,"a blue, bat-like Pokémon has fused, pointed ears with striated, lighter-colored insides. it has fused, pointed ears with striated, lighter-colored insides and a pink, heart-shaped snout with a single"
dataset/images/529.png,"a mole-like Pokémon that has a short, wide body with two small, ovoid feet with three toes each. it has a jagged, navy blue stripe that runs diagonally around its torso from its left shoulder. it has"
dataset/images/530.png,"three markings are on its front, resembling scratch marks. it has short legs with small, narrow feet, each containing three toes. its eyes are set back, on either side of the bridge of the nose."
dataset/images/531.png,"a bipedal, pink-and-cream Pokémon with oval, blue eyes. the top of its head, its back, and arms are pink. the lower half of its face, body, ears are cream-colored."
dataset/images/532.png,"a gray bipedal Pokémon with a dark purple nose and dark-gray oval-shaped eyes. It has bulbous protrusions extending from the front and lower parts of its head. Pink, vein-like bulges are present on the back of its head. Similar pink bands adorn its shoulders and thighs."
dataset/images/533.png,"a gray bipedal Pokémon with a large, round dark-red nose. It has bulbous features, resembling curls of ""hair"", on its head. Violet bulges resembling swelling veins pattern its muscular, large arms, thighs, and chest, and similar thick violet bands adorn its shoulders. It possesses an hourglass shape."
dataset/images/534.png,"a bipedal sepia-colored Pokémon resembles an ogre. its nose is large and red, with its face also having a prominent brow, a wide mouth, a gray tuft on its chin, dark rings around its eyes"
dataset/images/535.png,"a round, tadpole-like Pokémon with a tan, circular face. its spherical body is black with no visible limbs. it has two black-and-blue ringed cheeks akin to"
dataset/images/536.png,"an amphibious, bipedal Pokémon with an ovoid body. it is mostly blue, with a tan oval marking lined with black stretching from the bottom of its belly to its forehead. inside its mouth is a long, sticky tongue used to immobil"
dataset/images/537.png,"a bulky, aquamarine-blue, bipedal toad-like Pokémon. Its underside and the bumps found on various parts of its body are cyan with thick black edges. Its hands and feet have three bulbous digits. Additionally, Seismitoad has red eyes, cyan adornments on its legs, and a long tongue."
dataset/images/538.png,"a bipedal, humanoid Pokémon with a bulky, red body and rocky skin. its head is round and low on its shoulders with a black feature that forms its nose and brow. it wears a white judogi with"
dataset/images/539.png,"a bipedal, humanoid Pokémon with a lean, blue body and rocky skin. its head is oblong-like and low on its shoulders, with an ornate sideways z-shaped black feature that forms its nose and its"
dataset/images/540.png,"sewaddle's eyes are black and circular, and its mouth has a downward-pointing, crescent-shaped orange snout with a sharp tiny tooth at either end. its green body has three segments with a pair of stubby, "
dataset/images/541.png,"a round, yellow Pokémon with two stubby arms inside of a cloak of leaves drapes the leaves over itself and draws them closed around its body. under its cloak are darker green, limp leaves that frame the sides of Swadloon'"
dataset/images/542.png,"a thin, yellow, bipedal insectoid Pokémon resembles a leaf cutter ant. it has a broad, split-leaf around its large, round head. its eyes are red with no apparent sclerae."
dataset/images/543.png,thorax and head are mainly magenta with black markings. a prominent ridge leading down to a pointed tip splits the top half of its head.
dataset/images/544.png,"an insectoid Pokémon is encased in a hard, segmented shell. it has two pairs of purple, horn-like feelers with dark gray stripes. the shell itself is purple, with red rings in the middle of each segment."
dataset/images/545.png,"a plump, centipede-like Pokémon stands with the front half of its body raised vertically off the ground. its segmented body is dark magenta, except for its smooth, dark gray underside. it possesses four pairs of short, purple"
dataset/images/546.png,"a white, circular Pokémon. It has white, puffy sections on the top of its head and its underside. Behind it is a green, star-shaped section similar to the area where a plant connects to its produce. It has orange, oval-shaped eyes, and furled, notched leaves on the sides of its body."
dataset/images/547.png,"a mane of cotton-like fluff covers its back, neck, and forehead. behind it is a green, star-shaped section similar to where a stem meets a flower on a plant."
dataset/images/548.png,"a green ""bib"" is present on its neck, and its lower body consists of five stubs. the outer stub acts as arms, the middle stub acts as a foot, and the inner stubs next to it are used to"
dataset/images/549.png,"a humanoid Pokémon with plant characteristics possesses dark green, linear leaves. one of the light green leaves, on the back of its head, is about as long as its body and resembles hair. it wears a large, light green, tul"
dataset/images/550.png,"the bodies of both the red- and blue-Striped Forms are the same. they have a green, ovoid body tapering off in the rear to a trapezoidal tail fin."
dataset/images/551.png,"a short, quadrupedal Pokémon with a long snout and tail. its body is mostly light brown with the exception of black stripes crossing over and under its legs and its pink underbelly. its eyes resemble shaded binoculars and"
dataset/images/552.png,"the reptilian Pokémon has a mostly tan body, pink stomach, black back, and long tail. it has six thick, black stripes on its body: one at shoulder level, one around its midsection, one around its hips, and three on its tail"
dataset/images/553.png,"the largest spike sits at the beginning of its long thick tail, which has three, thick, black stripes. the feet are wrapped in black and have three white claws facing forward."
dataset/images/554.png,"a round, red Pokémon with short arms and legs and a stubby tail. It has an orange face and curly yellow eyebrows. It has three yellow ovals on its abdomen and a curvy yellow line on its back. Its hands and feet are orange with three digits each."
dataset/images/555.png,"Darmanitan is a mainly red, squat ape-like Pokémon. it has long, bushy flame eyebrows that curl at the base, and round, black-ringed eyes. the upper portion of its tan face is"
dataset/images/556.png,"a cactus-like Pokémon has a pair of large ear-like extensions emerging from its head. the extensions feature dark green spiky arrangements at the base, yellow spikes midway up, and are topped with flowers composed of six pink petals and "
dataset/images/557.png,"a small, orange, hermit crab-like Pokémon with large pincers. It has dark, oval-shaped eyes supported by eye stalks. It has a hook-like tail that is concealed underneath the sectioned chunk of gray rock it uses as a shell. It ties with Minior and Carbink as the shortest Rock-type."
dataset/images/558.png,orange Pokémon resembles an insect or crustacean. its shell resembles a cut-away block of sediment with multiple layers and strata visible.
dataset/images/559.png,"a bipedal, lizard-like Pokémon is a bipedal, lizard-like Pokémon. its oval eyes are set to the sides of its head, and its teeth appear to be constantly exposed."
dataset/images/560.png,"a bipedal, lizard-like Pokémon has oval, wide-set eyes with small pupils and gray eyelids, as well as small nostrils and a wide mouth with bared teeth. it sports a red crest on its head, similar"
dataset/images/561.png,"Sigilyph has a single cyan eye on its black head and two similar-looking eyespots. its base is mostly black, with a green zigzag pattern in the middle and a black pattern surrounded by green. Sigilyp"
dataset/images/562.png,"a shadow-like Pokémon holding a golden mask that has a face from its time as a human. It has two shadowy, tendril-like arms and large, red eyes. It also has a small tail-like appendage that holds the mask. Yamask is capable of speech when possessing a human, but not in its regular form."
dataset/images/563.png,"a blue and yellow sarcophagus-like Pokémon with red, menacing eyes and four ebony hands appear to be shadows. a simple designed face, which is the mask Yamask carries, is prominent on the ""forehead"
dataset/images/564.png,"a reptilian Pokémon resembling a baby leatherback sea turtle. Its body is blue with black spots on the edges of its flippers. Its black shell has six circular indentations in it. Its upper beak and parts of its face are black, and together resemble a mask. It has a light blue patch underneath its eyes."
dataset/images/565.png,"reptilian Pokémon resembling a bipedal, blue-colored sea turtle. it has deep blue rocky structures encrusted on its face, back, and the sides of its chest."
dataset/images/566.png,"small, bipedal Pokémon with mixed reptilian and avian traits. its large, red head is covered in discernible scales. its body is covered in untidy, sallow feathers."
dataset/images/567.png,"a large, avian Pokémon bears traits of both birds and reptiles. its featherless head is red with a green stripe running along the top. its mouth is filled with sharp teeth and its eyes are white with black pupils."
dataset/images/568.png,"a Pokémon which resembles a full, dark green garbage bag with a knot at the top that acts like ears. Trubbish has oval-shaped eyes and large triangular teeth that resemble broken glass. Its arms look like trash spilling out of small tears in the bag with pink and blue objects protruding out of them. Its feet are dark green and stubby."
dataset/images/569.png,"it has a round, lumpy body that is mostly tan with blue and pink lumps. its head has the appearance of the tied end of a garbage bag that has been ripped open and trails down like a cape."
dataset/images/570.png,"a slate gray, fox-like Pokémon with red and black accents. its ears are triangular with dark insides. it has greenish-blue eyes with red eyelids."
dataset/images/571.png,"a bipedal, slate gray, fox-like Pokémon with crimson and black accents. it has a large, red, voluminous mane with black tips tied into a ponytail. it has a black ruff on its"
dataset/images/572.png,"chinchilla-like Pokémon has scruffs of fur on its head and neck. it has large ears on the sides of its head, with red insides partly covered by tufts of fur."
dataset/images/573.png,"a furry, gray, chinchilla-like Pokémon has large ears located to the sides of its head, with red insides partly covered by tufts of fur. its tail is long, fluffy, and incredibly white in color."
dataset/images/574.png,"a small tuft of hair sticks up from the top of its purple head. it has two white, bow-shaped feelers on each side of the head and a third bow-shaped feeler on its neck. these ribbon-like feelers are used to ampli"
dataset/images/575.png,"a black, humanoid Pokémon has slim arms and legs. there are two round black buns on each side of its head."
dataset/images/576.png,a humanoid Pokémon with a primarily black body opens onto its purple face with a zigzag pattern resembling bangs. the black skin on Gothitelle's head opens onto its purple face with a zigzag
dataset/images/577.png,"Solosis is a round, green Pokémon surrounded by a gel-like substance. its inner body has dark, oval eyes and a red diamond-shaped mouth."
dataset/images/578.png,"a pale green Pokémon has a large head, stubby arms, and a body that taps to a point at the bottom. it is encased in a darker green, gelatinous substance that forms small, round bumps on the lower"
dataset/images/579.png,"a pale green Pokémon is surrounded by a blob of translucent, green gelatinous substance. it has a large, round head with a thin stripe down the center. its eyes are black and oval, while its mouth is red and triangular"
dataset/images/580.png,"a light-blue, duckling-like Pokémon. It has two feathery tufts on its head that connect at the bottom, forming a V-shape. It has a darker blue, feathery underside which makes it appear as if it were in mid-moult. It has yellow, webbed feet and a small tail."
dataset/images/581.png,a swan-like Pokémon with primarily white plumage. its beak is long and yellow topped with a black cere. the more rounded features are to the sides of its head.
dataset/images/582.png,"a small Pokémon has a head covered in snow, resembling vanilla ice cream in a cup or wafer cone. its actual head is adorned with specks of ice and has stubby arms."
dataset/images/583.png,"Vanillish has a dark blue mouth, two ice crystals below its mouth, and stubby limbs that resemble icicles. it has a pointed lower body that resembles a large icicle."
dataset/images/584.png,"two-headed Pokémon covered in swirled, white snow resembles two scoops of ice cream in a waffle cone. each head has two light purple eyes and a mouth. there are light blue ice crystals to the side of each eye and two"
dataset/images/585.png,"the upper side of its body is pink in the spring, green in the summer, orange in the autumn, and brown in the winter. the upper side of its body is pink in the spring, green in the summer, orange in the autumn, and brown in the winter."
dataset/images/586.png,a deer-like Pokémon with rhomboid ears and darker ear insides. its eyes have light-orange markings that curve down to the sides of its face.
dataset/images/587.png,"a white, rodent-like Pokémon resembling a flying squirrel has black eyes, a tiny nose, and yellow electric sacs on its cheeks. it sports a vaguely hood-like patterning of black around its head."
dataset/images/588.png,"a round, bipedal Pokémon with a primarily blue carapace that comprises a horn at the tip. Its black face has a teal patch on its forehead, a fanged mouth, and eyes with orange pupils and yellow sclerae. Its ridged underbelly, or plastron, is yellow, and its stubby arms and legs are black."
dataset/images/589.png,"an insectoid Pokémon with a head sporting the red horsehair crest of a knight's helmet, with a visor underneath it. its shoulders have large, round metal ridges, from which its thin black arms extend."
dataset/images/590.png,"a white, mushroom-like Pokémon with a cap looks quite similar to a Poké Ball. it has stubby, digit-less arms, a tiny mouth with large pink lips, and pinprick-like dark eyes."
dataset/images/591.png,"a mushroom-like Pokémon. It has a huge, gray, stem-like body; fierce-looking eyes; a tiny mouth with large pink lips; and two arms. It has large caps on its head and arms that resemble Poké Balls. The cap on its head has a few warts."
dataset/images/592.png,"it has a round head with a crown-like tuft, and five tentacle-like appendages. as a male, it is blue, with smooth appendages and a triangular crown. it has red eyes with blue sc"
dataset/images/593.png,"a large jellyfish-like Pokémon whose appearance varies based on gender. both genders have five tentacles, two of which are long with petal-shaped ends. the remaining three are short and tapered."
dataset/images/594.png,"a pink, fishlike Pokémon with darker pink markings on its heart-shaped body and fins. it has large dorsal and ventral fins resembling hands, each divided into four sections and tipped with a paler pink."
dataset/images/595.png,"a tiny arachnid Pokémon has four legs tipped with blue, conical feet. its ovoid body is covered in yellow fur, with notable tufts sticking out on each side of its face, just over each eye, and its lower back "
dataset/images/596.png,"a yellow arachnid Pokémon has two large, blue, forward-facing eyes with black pupils. it has two long pedipalps connected from the underside of its head. four tufts of hair sprout from under its abdomen and grow upward "
dataset/images/597.png,"a cave-dwelling Pokémon resembling a durian. It has many green thorns around its body that are used for protection. It has a metallic body with black stripes and polygonal spots, along with small yellow eyes with black pupils."
dataset/images/598.png,the visual description of the Pokemon is resembling a flattened durian. the middle stripe has triangular shapes just below its eyes.
dataset/images/599.png,"a Pokémon resembling two interlocking gears with six teeth each. The teeth of the gears are light-gray, with a darker central region. Each gear has a white ""X"" in place of its left eye, while their right eyes have a black pupil and white sclerae. They have round turquoise noses and small mouths."
dataset/images/600.png,"a Pokémon resembling three interlocking gears has six teeth on the smaller gears. the teeth of the smaller gears are a light gray, while their central regions are darker. the left eye of the smaller gear is a white ""X"""
dataset/images/601.png,"the fourth gear is on its lower side, and is red-topped with a thin, spiked rim below it. the red core is used to store energy gained from the rotating gears. the teeth of the smaller gears are a medium gray, while their central"
dataset/images/602.png,"a short, white, eel-like Pokémon with dark, oval eyes and a red, four-point star-shaped mouth. A wavy, yellow stripe runs along its body, which has a long fin membrane, giving it a tapered shape."
dataset/images/603.png,"a blue-black, eel-like Pokémon with a beige underbelly. its round, toothy, leech-like mouth has red lips. its body has three yellow circular electricity-generating organs on either side."
dataset/images/604.png,"an eel-like Pokémon that resembles a lamprey has red eyes, a dark blue body. it has clawed, paddle-like arms with yellow spots and yellow-and-red palms."
dataset/images/605.png,"a cyan-colored extraterrestrial Pokémon with an oblong head with depressions on either side. on the front of its head are shiny, green button-like eyes."
dataset/images/606.png,"beheeyem's arms have three finger-like digits: one red, one green, and one yellow. it has a rim underneath its main body, under which are two small legs."
dataset/images/607.png,"a small, candle-like Pokémon with a purple flame atop its head, which is powered by life energy that it absorbs. Its body and two stubby arms are made primarily out of white wax. The folded, melted wax lays over its right eye and leaves only the bright yellow left eye visible. It has a small smile under a protruding upper lip."
dataset/images/608.png,"Pokémon has a clear, spherical head containing a bluish-purple flame and oval, yellow eyes. on top of its head is a small, black body with a pointed spike at the bottom."
dataset/images/609.png,"a Pokémon that resembles a sentient chandelier. It has a striped, round head, and round, pupil-less yellow eyes. There is a ring of small, black spikes on top of its head with a tall, purple flame in the middle. From a black spike below its head, black arms curl upward. These arms are tipped with purple fire."
dataset/images/610.png,"a bipedal, gray-green Pokémon with pale, straight tusks protruding from its mouth. this repeated regrowth strengthens and sharpens its tusks. ancient times, people used Axew's "
dataset/images/611.png,"a bipedal, draconic Pokémon with long, gray tusks with red tips protruding from the sides of its mouth. it has dark eyes with red irises, a gray face, and a cowl-like feature"
dataset/images/612.png,"the bipedal Pokémon has a dark, yellow-green covering on its back and most of the front. it has black skin covering its torso, tail tip, and thighs, as well as red talons and claws."
dataset/images/613.png,"the bipedal, ursine Pokémon has a light blue head and neck. its head is slightly pointed at the top and has large round ears."
dataset/images/614.png,"ursine, quadrupedal Pokémon capable of standing on its hind legs. its head has a stumpy protuberance on top, and its face consists of a long snout, beady black eyes, and rounded ears "
dataset/images/615.png,"the Pokémon is made of ice crystals, which resembles a shiny, blue hexagonal snowflake. its facial expression is frozen, which leaves Cryogonal with a still, aggressive-looking face."
dataset/images/616.png,"a bivalve or snail-like Pokémon. Its gray shell resembles a knight's visor, with a coiling spiral of its shell further back. The shell has protrusions on the underside, which it apparently uses as legs. Its inner body is pink with a long, puckered mouth, and green markings below its eyes."
dataset/images/617.png,the Pokémon has a large pink head reminiscent of a helmet that is curled in the back. it has a large pink head reminiscent of a helmet that is curled in the back.
dataset/images/618.png,"a flat, fishlike Pokémon with a broad, mud-brown body. at the base of its yellow tail is a yellow marking shaped like an exclamation mark when seen from behind."
dataset/images/619.png,"a yellow, bipedal, mustelid-like Pokémon with round ears, red eyes, and a pink nose with a whisker on each side. its red arms look similar to flared sleeves, and its pelt piles around its thighs re"
dataset/images/620.png,"a white, long-bodied mustelid Pokémon with a small head and small, triangular ears. its forehead has a purple spot adorning it as well as a yellow one on its snout. its arms are almost completely covered by"
dataset/images/621.png,"a large, blue, draconic Pokémon with medium-sized wings shaped like thistle leaves. its bright red head is harder than rock and is very rough. its arms are longer than its legs, giving it the appearance of a hunchback"
dataset/images/622.png,"a bipedal Pokémon is said to have been constructed from clay in the ancient past. its head features two bewitching, yellow eyes and a stub-like cyan-colored crest on top."
dataset/images/623.png,"a bipedal automaton Pokémon is resembling a suit of armor. it has a small head compared to its body, and pale yellow eyes. there is a crack across the chest of the armor."
dataset/images/624.png,"a small, bipedal Pokémon with a vaguely beetle-like appearance. it has a rounded red and black head with a silvery blade extending from the front."
dataset/images/625.png,"a bipedal, humanoid Pokémon has a round, red and black head. it shrouds most of its yellow-and-black face, although its triangular eyes are visible. it has white, metallic hands that resemble gloves, with"
dataset/images/626.png,"two large, curving horns, each with two golden growths resembling rings, protrude from the afro. a large, gray nose sits at the end of its short, beige snout."
dataset/images/627.png,"a large white plume of feathers covers its head and three tail feathers extend from its lower back. the feathery ruff extends down past its neck, covering the upper third of its body."
dataset/images/628.png,"braviary's legs are long and thick with yellow feet that each have a digit facing backward, and three facing forward. each digit is tipped by a short, thick, black claw."
dataset/images/629.png,"Vullaby's neck is short and supports a round, pink head devoid of feathers, except for a crest on the top. there is a collar of fluffy, light gray feathers around its neck."
dataset/images/630.png,"mandibuzz has a bare, pink head and neck, along with a notched black beak and red eyes. there are black eyelashes or eyeliner-like markings above its eyes."
dataset/images/631.png,"it has a beige face while the rest of its fur is red with yellow stripes. on its lower abdomen, back, and underside are raised, beige-colored bands."
dataset/images/632.png,Durant's thorax is dark gray with a light gray band wrapping around the middle and two circles resembling rivets near a jagged seam. its ovoid abdomen is dark gray with a light gray band wrapping around the middle and two
dataset/images/633.png,a small blue quadrupedal Pokémon with black fur covering its head and neck. the fur around its neck also has six purple spots encircling it. Deino's body is covered in wounds.
dataset/images/634.png,"dark-blue, quadrupedal Pokémon with two heads and black fur covering its necks and back. front legs are muscular with two claws on each foot, but rear legs are less defined and have two small, backward-pointing toes without claws "
dataset/images/635.png,"a three-headed, draconic Pokémon with six thin, black wings ends in two points on its back. its body is dark blue, with black fur covering its necks and shoulders. its secondary necks are also arms with elbow and shoulder joints."
dataset/images/636.png,"a fuzzy, moth larva-like Pokémon. It has blue eyes in a shadowed face. Its white mane of fuzz encompasses its head and the upper half of its body, while its lower half is brown. It has three pairs of small black legs. There are five red, slightly whorled horns on the sides of its head."
dataset/images/637.png,"a large, moth-like Pokémon with four small feet appears to have compound eyes that are two shades of blue. the fuzz on its upper body is smoky white and tangled."
dataset/images/638.png,"the quadrupedal Pokémon is covered in aqua blue fur and has jagged yellow horns similar in shape to thunderbolts. its snout is a lighter shade of blue than the rest of its fur, and there is a black blaze running"
dataset/images/639.png,"a bovine, quadrupedal Pokémon has a black, rounded forehead adorned with two brown, axe-like horns that curve forward. it has a black, rounded forehead adorned with two brown, axe-like horns"
dataset/images/640.png,"a stag or antelope-like, quadrupedal Pokémon that is primarily green. on the sides of its head are long horns that end in dull, curled points. it has a pointed snout with a black"
dataset/images/641.png,"forme, Tornadus is a green, muscular humanoid Pokémon, which resembles a genie. it has white, wavy, and billowy styled hair, a spiky white mustache, and two pointed green ears"
dataset/images/642.png,"Thundurus is a blue, muscular humanoid Pokémon, which resembles a genie. it has white, zigzagging, and jutting-styled hair, a spiky white mustache, and two pointed blue ears on either"
dataset/images/643.png,"a long, voluminous wispy mane streams out from the upper side of the snout and outwards from its head. the top of this mane is adorned with two protrusions resembling ears. it has"
dataset/images/644.png,"a black, bipedal Pokémon resembling a dragon or dinosaur has dark patches on its body. it has red sclerae, white irises, and black pupils, as well as a small horn-like protrusion"
dataset/images/645.png,"forme, Landorus is an orange, muscular humanoid Pokémon. it is a male-only species with no female counterpart. on its forehead are three, sharp, pink horns arranged in a slight, upwards arch."
dataset/images/646.png,"Kyurem has a blue head and snout, yellow eyes without pupils, a pair of pointed light bluish horns on its head, and a yellow crest on its skull that is bioluminescent. its long, gray neck has lines"
dataset/images/647.png,"a quadrupedal, colt-like Pokémon with a cream-colored body. it has a short, rounded snout with large nostrils and blue eyes. the back of its head, as well as its neck, is covered with"
dataset/images/648.png,"the Pokémon has a femininely anthropomorphic figure with musical bar-style streaks in its hair, quarter notes (crotchets) for its arms and hands and pupil-less eyes resembling whole notes (semibreves) it"
dataset/images/649.png,"a bipedal, insectoid Pokémon with a metal body and a saucer-shaped head. it has thin arms with overlapping segments. each arm ends with a single, pointed claw."
dataset/images/650.png,"a bipedal, mammalian Pokémon is primarily light brown with darker arms and three triangular markings around its face. it has oval, brown eyes; a triangular, red nose; and rodent-like incisors."
dataset/images/651.png,"most of its body is covered by a green, armor-like shell similar to a chestnut. the visible parts of its body are dark brown, except for its lighter face."
dataset/images/652.png,"a bipedal, mammalian Pokémon has some plantlike features. it has a small, pink nose with a three-pointed patch of brown fur. it has a prominent domed, armor-like shell similar to that of a chest"
dataset/images/653.png,"a small, quadrupedal fox-like Pokémon is covered in pale yellow fur. it has a white muzzle with longer fur on its cheeks, large, dark orange eyes, and a pointed, black nose."
dataset/images/654.png,"a bipedal, fox-like Pokémon has thick black fur on its legs, white arms and face, and a dark orange tail tip. the fur on its cheeks is longer, and a small mane of white fur covers its shoulders and chest."
dataset/images/655.png,"a bipedal, fox-like Pokémon is covered in a coat of long fur. it is primarily dark red with red-orange, flame-like markings near its knees. a tail covered in yellow fur protrudes from its ""robe"
dataset/images/656.png,"a quadrupedal, frog-like Pokémon has light-blue skin, white hands, and a dark blue stripe from the center of its oval head to its nose. its eyes, which have yellow sclerae, black i"
dataset/images/657.png,"a dark blue marking covers its head and forms a three-pointed mark down its upper back. its eyes have yellow sclerae, black irises, and white pupils."
dataset/images/658.png,"it is mostly dark blue with a yellow chest, a white triangular marking over each eye, a light blue four-pointed star on each thigh, and yellow on the lower half of its face. running down the middle of its head is a"
dataset/images/659.png,"a small, gray, rabbit-like Pokémon has three finger-like sections. it has black eyes, a small pink nose, prominent round cheeks, two tiny whiskers on each cheek, and large upper incisors."
dataset/images/660.png,"the bipedal Pokémon resembles a large, portly gray rabbit. its two ears resemble muscular forearms, complete with three-fingered paws."
dataset/images/661.png,"a small, avian Pokémon similar in appearance to a robin. it has a reddish-orange head with a triangular yellow mark on the back of each eye. it has a long, black tail with a white V"
dataset/images/662.png,"an avian Pokémon with predominantly orange and black plumage. it has a sharp, black beak, black eyes with yellow, mask-like markings behind them. its upper side is reddish-orange and its belly is gray."
dataset/images/663.png,"red-orange plumage covers its head, wings, and most of its chest and back. its underside and hindquarters are gray and the tips of its long, pointed wings are black. large yellow talons extend from the shaggy feathers"
dataset/images/664.png,"a black larval Pokémon with a relatively large head is bisected by a line that runs from the forehead to the mouth. it has large beige eyes with square black pupils, a single pointed tooth that pokes out of its mouth, and three white hairs on"
dataset/images/665.png,"small, cocoon-like Pokémon hidden by sharp white fur with square particles of red, black, and pale yellow in and around the fur. the head is light gray in the back with a darker gray face."
dataset/images/666.png,"a butterfly-like Pokémon with wings that come in a wide variety of colors and patterns. it has a round, grayish head with large, black, pixelated eyes and a pair of skinny antennae. it can spread its scales to poison its opponents"
dataset/images/667.png,"the leonine Pokémon is mostly dark brown with pale brown paws, ears, tail tip, and face. it has a short, rounded muzzle with a reddish-orange nose, round ears with darker interiors, and circular, black eyes with"
dataset/images/668.png,"the leonine Pokémon is mostly dark brown with light brown legs, tail tip, chest, and face. the fur around its thighs is longer and each paw has three toes. a male Pyroar has a large, predominantly red mane with gold streak"
dataset/images/669.png,"flabébé is a female-only species with no male counterpart. it has beady eyes, a pink blush mark on each cheek, long, notched ears, and a small, pointed nose."
dataset/images/670.png,"a small Pokémon with a white upper body and a deep-green lower body. its eyes are black with a green, leaf-like extension over each similar to eyelashes."
dataset/images/671.png,"a slender Pokémon has a white upper body and a green lower body. its head is rounded with a pointed, upturned nose; long, teardrop-shaped ears; and dark eyes with long, green, plantlike lashes."
dataset/images/672.png,"a quadrupedal, goat-like Pokémon covered with shaggy, dark brown fur. it has a white face with a brown blaze down the middle, a round black nose, black eyes, a short beard, and small rounded ears"
dataset/images/673.png,"the fur on its face is white with fluffier fur on the chin and the back of its head is dark brown. it has a black nose, red eyes encircled by black markings, a brown blaze down the middle of its face, and"
dataset/images/674.png,"a bipedal, mammalian Pokémon that resembles a young panda. it has a triangular black nose, rounded black ears, black circles around its eyes, and tufts of fur on top of its head and cheek."
dataset/images/675.png,"a large bipedal Pokémon resembling a humanoid panda bear has a stocky build. its head and belly are covered in thick white fur, while its lower body, chest, arms, and back are covered in thick dark gray fur"
dataset/images/676.png,"the canine Pokémon has thick, white fur that covers its black body apart from its paws and face. it has round, red eyes with blue eyelids, a pointed snout with a round, light blue nose and long rectangular ears."
dataset/images/677.png,"tufts of fur on its head, cheeks, shoulders, chest, and hips. it has wide, pale purple eyes with darker purple pupils, a tiny nose, and a small mouth."
dataset/images/678.png,"a bipedal, feline Pokémon whose appearance differs drastically between genders. both genders have two tails, folded ears, a small collar of fur around the neck, and a tuft of fur on top of the head."
dataset/images/679.png,the hilt is a blue gem with a dark center that appears to be its true form. the tip of the sash splits into four tassels.
dataset/images/680.png,"each sword has a silver blade and a light gray hilt. Embedded in each hilt is a single, pink gem with a dark center that appears to be an eye."
dataset/images/681.png,"the edge of the steel blade is white and somewhat serrated near the tip. where the blade meets the hilt is a single, purple eye with a white slit pupil."
dataset/images/682.png,"a pink, avian Pokémon has a pale blue-gray face. most of its facial area is taken up by its curved beak. it has large red-orange eyes with long black lashes."
dataset/images/683.png,"a bipedal, semi-humanoid Pokémon is covered in fluffy purple fur or feathers. around its lower body is an even fluffier mass of pink fur resembling a skirt."
dataset/images/684.png,"Pokémon has reddish-pink eyes with white pupils, round ears with light pink tips, a tiny reddish-pink nose. when its mouth is open, two upper fangs can be seen."
dataset/images/685.png,"white, bipedal Pokémon has reddish-pink eyes with white pupils. on top of its head is a mass of fluffy pink fur with a red cherry-like sphere on top. around its neck is a wavy, red collar and there"
dataset/images/686.png,"it has a transparent mantle with a rounded, pink body inside that has several yellow, circular spots that can glow brightly. there are four of these luminescent spots on the front and two on the back."
dataset/images/687.png,"several purple tentacles sprout from the top of its head. it has yellow eyes with black sclerae, a dark pink beak-like mouth, and lighter purple eyelids."
dataset/images/688.png,a Pokémon that resembles a goose barnacle. It also has the appearance of a hand and arm; the “hand” serves as its head. Its head is brown with puffy orange cheeks and an orange marking where a nose would be located. On top of its head are three long claws. Its body is orange with a white band around the middle.
dataset/images/689.png,"the bipedal Pokémon has a body that consists of two gray rocks connected by an orange, segmented waist. its head is brown and resembles a left fist; there are four clawed fingers on top and a clawed thumb on"
dataset/images/690.png,"a brown aquatic Pokémon that resembles a common sea dragon. it has a purple face and neck, red eyes rimmed with black, a tubular, upturned snout, a leaf-like pectoral fin on either side of its"
dataset/images/691.png,"aquatic Pokémon is curved in a way that vaguely resembles the number three. it has a tubular, upturned snout and on the back of its head is a thin appendage. on either side of its body is a skinny"
dataset/images/692.png,a crustacean Pokémon that resembles a bright blue shrimp. it has three pairs of light gray legs; two pairs have simple blue spikes. the foremost pair forms a larger set of claws.
dataset/images/693.png,"it has semicircular, yellow eyes, a black stripe across its face divided into parts. it lacks legs but has two clawed arms. the left claw is dark blue with a black stripe along the back and a yellow tip."
dataset/images/694.png,"a bipedal, lizard-like Pokémon is primarily pale yellow with black feet and a black tail tip. the top of its head is also black with a triangular yellow marking on its forehead."
dataset/images/695.png,a bipedal Pokémon that resembles a yellow lizard. its head is mostly black with a yellow lower jaw. it has blue eyes with a pointed spike over each.
dataset/images/696.png,"a bipedal, dinosaurian Pokémon that resembles a large theropod. its body is grayish-brown with a small hump on its back. its belly and lower jaw are a lighter gray."
dataset/images/697.png,"the bipedal, dinosaurian Pokémon is proportionately large with a blunt, ridged snout and powerful jaws. it has black around its eyes and a light gray lower jaw covered by a beard of white, primitive feathers."
dataset/images/698.png,"a quadrupedal, dinosaurian Pokémon that resembles a sauropod is light blue with a white underbelly. it has a long neck, a short, stubby tail, and a single white claw on each"
dataset/images/699.png,"a quadrupedal, dinosaurian Pokémon that resembles a sauropod. it has bright blue eyes, a long neck, and a long tail with a teardrop-shaped tip. two large, flowing sails extend from the"
dataset/images/700.png,"quadrupedal, mammalian Pokémon covered with pale cream-colored fur. it has light blue eyes, long ears with blue interiors and thicker fur. there are two bows on its body: one at the base of its left ear and one at"
dataset/images/701.png,"a bipedal, birdlike Pokémon with colorful plumage. its mouth is located in a white patch under its curve. there is black space around its eyes, which are yellow with paler yellow sclerae."
dataset/images/702.png,"a bipedal, orange, rodent-like Pokémon with a round body. it has round black ears with pale yellow interiors, black eyes, a tiny nose, and a prominent upper incisor with a slight point. on each cheek is"
dataset/images/703.png,"a gray, rock-like Pokémon with a conical body. its body has light blue crystals of various shapes and sizes embedded in it. a white, fluffy collar surrounds its small head."
dataset/images/704.png,"the lower half of its body is light purple, while the upper half is a paler shade of purple. along the dividing line of the two colors are five large, green spots."
dataset/images/705.png,"the lower half of its body is light purple, while the upper half is paler purple. it has featureless, green eyes, a single, tiny eyelash over each eye. on top of its head are two pairs of antenna-like horns."
dataset/images/706.png,"most of its body is pale purple with a darker purple underside. it has bright green eyes, two green spots on each cheek, a relatively long neck, and a short, rounded snout."
dataset/images/707.png,"a small, gray-white Pokémon that resembles a key ring with four keys. it has a spherical head with a small, pink oval on its forehead. two black circles and a keyhole form its eyes and mouth."
dataset/images/708.png,a ghostly Pokémon has a tree stump with a wavy branch on each side. its black body is wispy with nubby arms.
dataset/images/709.png,"a ghostly Pokémon is resembling a slender brown tree. its shadowy black body is visible through gaps in the tree. a single, red eye is visible through a hole near the top."
dataset/images/710.png,"a ghostly pumpkin-like Pokémon varies dramatically in size. it has glowing yellow eyes, a pair of fangs in its upper jaw, and pointed ears."
dataset/images/711.png,"a dark brown pumpkin with a glowing, yellow-orange face carved into the front and a pair of nubby legs. the face consists of two triangular eyes and a grinning mouth. on top of the mouth is a small,"
dataset/images/712.png,"a quadrupedal Pokémon with a white, round body and nubby legs. its upper half is encased in a slightly transparent, pale blue chunk of ice. its eyes, which are yellow with purple rings surrounding them, are visible through"
dataset/images/713.png,"a massive Pokémon covered almost entirely in semi-transparent ice. its head is wedge-shaped with a white diamond-shaped ice chunk on each side in place of ears, a dark chink in the ice over each eye, a crack just before"
dataset/images/714.png,"a pale purple bat-like Pokémon has yellow eyes with black pupils and black creases within them. it has three tufts of spiked fur on each cheek, two dark purple teardrop-shaped spots on the front of its face forming the shape of a nose"
dataset/images/715.png,"a large, draconic Pokémon is primarily black with a purple underbelly and greenish turquoise wing membranes. it has a purple lower jaw; a large, red, V-shaped nose; two fang-like projections on its upper"
dataset/images/716.png,"a quadrupedal, stag-like Pokémon with four pairs of antlers. its main body is always black with a blue stripe down its back and a short, bushy tail. starting at its knees there is a blade-"
dataset/images/717.png,"yveltal's wings each have three spikes along the bottom edge near the body. its tail is similar in structure to its wings, including the five claws on the tip."
dataset/images/718.png,"a green and black Pokémon whose form depends on the percentage of Zygarde Cores and Zygarde Cells it has assembled. it can also use its Cells in attacks, either shooting them as arrows at its targets, or sending them crawling along"
dataset/images/719.png,"a small Pokémon with a vaguely humanoid appearance. its lower body is a conical, gray rock with a large, pink diamond in the side. around its neck is a golden, half-circlet with a pink diamond in the center"
dataset/images/720.png,"is a light-purple Pokémon with a vaguely humanoid appearance. it has green eyes with yellow sclerae, a yellow ring marking on its forehead, a small, pink dot under each eye, and dark pink hair tied"
dataset/images/721.png,"it has pointed ears with blue interiors, bright blue eyes, yellow markings over and behind its eyes that resemble eyebrows and eyelashes, a pointed, yellow mandible, and a spike-like protrusion on each cheek. on its chest are four yellow"
dataset/images/722.png,"a small, avian Pokémon is resembling a young owl with a round body and short legs. its plumage is primarily beige with a white underside and facial disc. its feet have two forward-facing toe"
dataset/images/723.png,"most of its plumage, including its heart-shaped facial disc, is white, but it has dark brown feathers covering its head, shoulders, and back. it also has a stubby beak with a white upper jaw and an orange-brown lower"
dataset/images/724.png,"the upper portion of its face is dark green with a thin, orange mask-like marking encircling its eyes. the feathers covering its wings and back are brown, while the rest of its body is primarily white."
dataset/images/725.png,"a quadrupedal, feline Pokémon covered with primarily black fur. it has a tiny, black nose, red eyes with yellow sclerae. there are two red stripes around each of its legs and two horizontal stripes."
dataset/images/726.png,"a quadrupedal, feline Pokémon is covered mostly in dark gray fur. its upper half, which includes its tail, is covered mostly in dark gray fur. the fur on its lower half is mostly reddish orange."
dataset/images/727.png,"a humanoid feline Pokémon has a muscular build. it has a short snout with a small red nose, bright green eyes with yellow sclerae. the upper half of its muzzle and the top and back of its"
dataset/images/728.png,"pinniped Pokémon has large eyes, a long white snout with black whiskers and a round, pink nose. around its neck is a light blue ruff, which extends past its shoulders."
dataset/images/729.png,"a light blue, pinniped Pokémon with three ruffle-like growths around its body. the first ruffle is just under its front flippers, while the last is shortly before the tail. the ruffles alternate between white and pale"
dataset/images/730.png,"a marine Pokémon that resembles a cross between a sea lion and a mermaid. most of its body is white, but it has a long, blue, fish-like tail. it has a round, pink nose, bright blue"
dataset/images/731.png,"avian Pokémon with black plumage. gray beak is long with a pointed, black tip, and it has large blue eyes."
dataset/images/732.png,"the beak is an avian Pokémon with black feathers. the majority of its beak is orange, changing to light red and then black at the tip."
dataset/images/733.png,"an avian Pokémon with black feathers and a prominent beak similar to a toucan. there are gases inside its beak, which can ignite and launch seeds with enough force to shatter boulders."
dataset/images/734.png,Yungoos is a long-bodied Pokémon similar to a mongoose. it is covered in brown fur with a yellow stripe down its back and underside.
dataset/images/735.png,a long-bodied mammalian Pokémon is capable of standing on its hind legs with its hands locked behind its back. most of its coat is brown with a yellow underside that extends over the top of its tail. there are tufts of fur near
dataset/images/736.png,"a small, insectoid Pokémon has a white body with three nubs on either side. there are two yellow spots on its side. the rest of its head is brown and has a reddish-orange structure."
dataset/images/737.png,"a small, cuboid Pokémon resembling an insect consists of three square segments. the last two sections have a thin, ring-like marking and a stubby brown leg on each side. each eye is covered by "
dataset/images/738.png,"a small orange face has robotic, yellow eyes and is covered by a blue carapace. the mandibles are blue on the inner surface and yellow on the outer surface."
dataset/images/739.png,"most of its shell is purple with blue and yellow accents. it has two long, yellow antennae over its eyes. one blue eyelid is usually half-closed, giving it the appearance of a black eye."
dataset/images/740.png,"the crustacean Pokémon is fluffier around its mouth, shoulders, and claws. the fur is absent on its face, the tips of its legs and arms, portions of its chest and abdomen. the parts of Crabominable's body not covered in fur"
dataset/images/741.png,"an avian Pokémon that can change between four markedly different forms. The form it takes depends on the kind of nectar it consumes. All forms have a light pink beak, thin legs, and dark eyes with white pupils. The feet have three toes in front and one in back, and the beak curves downward."
dataset/images/742.png,"a tiny Pokémon has a pale yellow body with a white face and tail. it has large eyes with spots resembling pixels in them, a brown proboscis and two tiny transparent tufts on its head resembling antennae"
dataset/images/743.png,"tiny, insectoid Pokémon with a large head, slightly smaller body, and thin arms and legs. it has a white face and lower body, and a tuft of hair on its back. around its neck is a brown scarf with a needle-"
dataset/images/744.png,"a quadrupedal, canine Pokémon is primarily light brown with a darker brown muzzle, paws, and ear tips. around its neck is a ruff of grayish-white fur stubbed with dark brown pebbles"
dataset/images/745.png,"a canine Pokémon resembling a wolf has three possible forms: Midday Form, Midnight Form, and Dusk Form. the first two forms are influenced by Solgaleo and Lunala when bathed in solar or lunar energy "
dataset/images/746.png,a fishlike Pokémon. It has two different forms depending on the situation.
dataset/images/747.png,"an echinoderm Pokémon with a purple, stalk-like body and head. it has blue eyes with yellow pupils and sclerae, and three pointed teeth. on top of its head is a starfish-like collection of ten tenta"
dataset/images/748.png,"echinoderm Pokémon has twelve large, starfish-like legs sprouting from the top of its small head. the main part of its body, consisting of a small head with protrusions similar to starfish arms below it, is a purplis"
dataset/images/749.png,"a quadrupedal, equine Pokémon resembling a small donkey. it has a dark brown coat with a cream-colored underbelly, muzzle, and circular markings on each cheek. a short, tear"
dataset/images/750.png,"a large, equine Pokémon has short, brown fur and a black-and-red mane and tail. along the top of its neck, its mane is black with red at the tip, and stands up straight. around its hooves is"
dataset/images/751.png,"a Pokémon resembling a spider with a water bubble over its head extends onto its abdomen in three triangular markings. the head itself has large light blue eyes with darker pupils and sclerae, two blue bumps on top,"
dataset/images/752.png,"the most of its body is dark gray with accents of yellow-green and light brown. it has large, blue eyes with a paler wavy line through the centers. above its eyes are light brown markings similar to eyebrows."
dataset/images/753.png,"small, plantlike Pokémon has large, dark pink eyes with slightly darker pupils. around its neck is a collar of short, dark green leaves with white tips."
dataset/images/754.png,"the top half of its head is light pink, while the bottom half is white. there are four extensions to the top half of its head. it has a light pink body with wavy, skirt-like extensions around the waist."
dataset/images/755.png,"it is one of the shortest Grass-type Pokémon. its head is much larger than its thin, stem-like body."
dataset/images/756.png,"the Pokémon has a slim, white body, similar to a stalk. it has black eyes with pale green half-circle markings on the outer sides. the ends of its long, thin arms split into three pale green filaments."
dataset/images/757.png,"a small, black Pokémon resembling a salamander or lizard. its body is dark gray with a black head and feet. along its back and down its tail is an orange-red line."
dataset/images/758.png,"the dark gray on its head and neck extends slightly onto its chest in a V-shape. it has a slender head with purple, almond-shaped eyes and two fang-like projections on each side of its lower jaw."
dataset/images/759.png,"small, quadrupedal Pokémon resembling a bear cub. its body and head are mostly pink, while its legs are brown. each foot has a single pink paw pad on the bottom."
dataset/images/760.png,"a black and pink Pokémon resembling a bipedal bear. its legs and the front of its body are black, while its head, back, and tail are pink."
dataset/images/761.png,"a small Pokémon resembling a mangosteen. Most of its body is fuchsia with a short, white bottom around its waist, which resembles the flesh of a mangosteen when it is cut open. It has beady yellow eyes and two tiny legs. On top of its head is a green calyx. This structure consists of four leafy green formations and a short stem."
dataset/images/762.png,"a bipedal, plantlike Pokémon with a humanoid appearance. its torso and legs are dark purple, while its hips, arms, and head are all white. on top of its head is a large, light green calyx "
dataset/images/763.png,"the bipedal, plantlike Pokémon has a humanoid appearance. its torso, arms, and legs are dark purple, while its hips and head are white."
dataset/images/764.png,"Comfey produce thin blue thread-like vines that come from the back of its head. the flowers are attached to rounded ""stems"" of the same color as the vine."
dataset/images/765.png,"a simian Pokémon is resembling an orangutan. its hands, feet, and snout are bare with its light gray skin visible. the fur around its head and under its chin is longer and creates the impression of"
dataset/images/766.png,"most of its fur is white, but it has a black muzzle, upper body, hands, feet and ankles, and tail. the fur around Passimian's head and face is longer and forms many small clumps, especially around the top of its head"
dataset/images/767.png,the main body is purple and is covered by silver plating across its back. the upper lids of its eyes appear to be covered with additional plating.
dataset/images/768.png,"a large, arthropod Pokémon has a pale purple body covered with silver armor plating. behind its head and curving down its back are several armor plates. most of its lower body is exposed, but there is additional armor resembling a loincloth"
dataset/images/769.png,"a mound of whitish sand is dotted with gray pebbles. a tunnel through its center acts as a mouth, and a small depression above that has two pebbles for eyes."
dataset/images/770.png,"the Pokémon is resembling a yellowish sand castle with gray pebbles along the base. it has a square main castle for its body, two round towers for arms, and the top of another round tower with a conical point rising up"
dataset/images/771.png,"an echinoderm Pokémon with an ovoid, black body. its face has two beady, pink eyes and a white mouth shaped roughly like a star or Daimonji."
dataset/images/772.png,"is a quadrupedal, chimeric Pokémon with traits from a variety of creatures. its head is enclosed in a brown helmet with green markings. the name of the Pokémon, as it wears the helmet, is called Null meaning nothing."
dataset/images/773.png,"Silvally is a quadrupedal, chimeric Pokémon with traits from a variety of creatures. it has a triangular black nose framed by three red lines, pointed ears with bright pink and black insides, and a slight overbite "
dataset/images/774.png,"a spherical Pokémon with two forms: one form with a rocky outer coating and the other with its core exposed. When it sheds its rocky coating, its exposed core form is both the lightest Rock-type and Flying-type Pokémon. Both of its forms tie with Carbink and Dwebble as the shortest Rock-type."
dataset/images/775.png,"a blue-gray Pokémon similar to a koala. it has large, rounded ears with light orange fur on the inside. there is a small ruff of longer, gray fur around its neck."
dataset/images/776.png,"a bipedal, turtle-like Pokémon with a spiny shell. its skin is a muted green and only visible on its limbs, tail, head, and neck. on top of its head is an additional shell with many points around the bri"
dataset/images/777.png,"most of its front is white, while its back is primarily gray. it has black eyes, a short pointed snout with a black nose, rounded ears, and a circular, yellow marking on each cheek."
dataset/images/778.png,a small Pokémon whose body is almost entirely hidden under an old rag. its eyes are beady black through the holes in the body of its disguise.
dataset/images/779.png,"the front of its body is light blue with large, dark purple lips and a mouth full of sharp teeth. the upper half of its body is mostly light purple, while the lower half is mostly yellow. the purple portion of its body is dotted with light blue spots."
dataset/images/780.png,"a serpentine Pokémon is similar to a Chinese dragon. most of its skin is bluish-green, but the lower half of its face and the underside of its neck is a pale green."
dataset/images/781.png,the anchor is a rusty brown mottled with blackish spots. the seaweed partially envelops the bottom of the anchor in a zigzag fashion.
dataset/images/782.png,"the lower half of its body is black, while the upper half is light gray. on the front of its head is a large, heart-shaped yellow scale."
dataset/images/783.png,"most of its body is light gray, but it has dark gray arms and legs. it has angular, red eyes, a rounded, beak-like snout with a small spike on either side of the upper jaw similar to teeth."
dataset/images/784.png,most of its body is gray with some lighter gray areas as well as yellow and red markings. most of its body is gray with some lighter gray areas as well as yellow and red markings.
dataset/images/785.png,"Tapu Koko's head and torso are black with white markings on its chest, just above its eyes, and on top of its head. there is a yellow marking covering the top bristle and half of the bristle below it. the lower"
dataset/images/786.png,Tapu Lele has a black upper body and head with a few small white markings. its eyes are blue with a pink line through the middle of each iris.
dataset/images/787.png,"Tapu Bulu has a bulky, black body with thick arms and no legs. it has blue eyes with an orange line across each iris. under each eye is a red line divided into three segments."
dataset/images/788.png,"Tapu Fini has a black body shaped similarly to a mermaid or fish. it has light blue eyes, white eyelids, and a light blue, fin-like marking. around its shoulders are segmented purple rings and its long thin"
dataset/images/789.png,a small Pokémon has a gaseous body similar to a nebula. the gaseous body ranges in color from violet to light blue. the center of its body is black both in front and back.
dataset/images/790.png,"a Pokémon in the shape of a translucent, dark-blue orb with a starscape pattern set in a golden shell-like structure. the main portion of the shell is a flat oval around the center of the orb. eight more flat, half"
dataset/images/791.png,four yellow spikes frame Solgaleo's head like a crown and two more pairs of spikes adorn either side of its lower jaw. each spike separates large tufts of Solgaleo's mane.
dataset/images/792.png,"a rigid raised hood wraps around its head in a crescent shape and drapes around its neck. the outer part that curves around its head is yellow, while the inner part that curves around its head is white with deep blue streaks. the wings have"
dataset/images/793.png,"the bell is semi-translucent and encircled with several white, star-shaped markings. its tentacles appear gelatinous and give it a vaguely humanoid shape. four shorter tentacles resemble shorter hair and arms"
dataset/images/794.png,"an ultra Beast that resembles a large, anthropomorphic mosquito. it has two red compound eyes with two black, spherical basal joints. around its waist are three rings of smaller sacs."
dataset/images/795.png,"the torso is composed of five thin discs that droop slightly downward. the widest disc makes up its shoulders, the second widest its hips, and the two smallest its chest and waist. there is a gold ovoid inside"
dataset/images/796.png,"the ""head"" is a white, brightly glowing electric spark with numerous points and no visible face. its arms have ties where its shoulders, elbows, and wrists would be. at the ends of its arms are copper structures that resemble hands."
dataset/images/797.png,"the ""hat"" has two small blue dots and four white spikes arranged in an X-shape. it has large, disembodied gray arms that resemble bamboo stalks. each smaller stalk has a bright blue ring with a small line "
dataset/images/798.png,"it appears to be folded out of a sheet of paper which is white on one side and orange on the other. it has long, thin arms that resemble katanas with a yellow, sheath-like structure around the upper area."
dataset/images/799.png,"the main body is primarily spherical with a large, yellow mouth in the center. the front row is yellow, while the rear row is black. in the second row of the upper jaw, two teeth curve out of the mouth similar to tusk"
dataset/images/800.png,Necrozma's body is primarily prismatic and black due to the amount of impurities in its system. its tail has a row of three large spikes along the top and is white in the back with a dark gray symbol resembling
dataset/images/801.png,"magearna's head is a medium-sized sphere with a slight point in the back. it has two large, rabbit-like ears with gold rims; a tiny nose and mouth; and light red eyes with pinkish ovals in the center "
dataset/images/802.png,"the area around its face resembles headgear, such as a helmet. on top of the helmet are two curled horns or ears with a wispy horn between them."
dataset/images/803.png,it has a bipedal build with a large head and relatively small limbs with no visible digits. on its head are three spikes: one in the front and one on each side.
dataset/images/804.png,an ultra Beast that has both draconic and insectoid features. its upper body is slender with thin arms and a long neck. its waist is dark purple with a fuchsia stripe on each side.
dataset/images/805.png,"an ultra Beast composed of many dark gray, stone lifeforms stacked together to form a four-sided tower with a spindly leg on each corner. its lighter gray stones have glowing blue lines on their sides, which are visible along its edges and underside "
dataset/images/806.png,it has thin arms with white frills on its wrists and teardrop-shaped hands. it has thin arms with white frills on its wrists and teardrop-shaped hands.
dataset/images/807.png,"the fur is thinner and black on its lower legs, lower body, upper arms, and face. there is also a zigzagging black stripe on each thigh and two more stripes on each forearm."
dataset/images/808.png,"Meltan is one of the smallest Pokémon, tying with Alolan Diglett and Klefki as the shortest Steel-type Pokémon."
dataset/images/809.png,"a large, silver Pokémon with a vaguely humanoid build consists mostly of liquid metal. many dark-gray hexagonal nuts are embedded in or attached to its body. a large, golden hexagonal nut encircles its neck and "
dataset/images/810.png,"a small, monkey-like Pokémon has a green body, a brown tail, brown wedge-shaped ears, orange hands and feet, and an orange snout. each of its hands has five fingers, while each of its feet has three toes."
dataset/images/811.png,"a bipedal, humanoid monkey Pokémon has a light-green body, and lighter-green markings on its face and chest. its ears, arms, and tail are dark brown, and its two large eyes are yellow in color."
dataset/images/812.png,"a bipedal Pokémon resembling a gorilla is a bipedal Pokémon. its body consists mostly of shades of brown: light, tan brown on its forehead, chest, abs, and extremities. dark brown on its nose"
dataset/images/813.png,"the rabbit-like Pokémon has a predominantly white body with orange and yellow markings on its ears, toes, and neck. it has long legs with long feet, and similar yellow bands under each paw pad."
dataset/images/814.png,"the fur on its head, hands, and small tail are grayish-white, while the fur on its body is primarily black, with red colorations on its arms, shoulders, and front half of its feet. it also has a fur collar that covers its neck and mouth"
dataset/images/815.png,"Cinderace is a bipedal, rabbit-like Pokémon. most of its torso and head, as well as its arms and tail, are white. it has two whisker-like tufts of white fur on each side of its face."
dataset/images/816.png,"a small lizard-like Pokémon has light-blue skin, with darker blue patches on its cheeks and the tip of its curled tail. it has white eyes with dark blue irises and a lighter blue belly and face."
dataset/images/817.png,"a slim, lizard-like Pokémon is primarily blue with a white belly and a dark blue mark above it. on its head are three hairlike structures, two dark blue and one purple. inside its mouth, Drizzile has a long,"
dataset/images/818.png,"a bipedal, reptilian Pokémon that resembles a chameleon. its head, slender arms, and tail are light blue in coloration. its tail has a thin dark blue streak following the ridge of the tail "
dataset/images/819.png,"it is grayish-brown in color, with a large fluffy tail, dark-grayish-brown at the top. it has two orange freckles underneath each eye and an orange nose."
dataset/images/820.png,"a bipedal, squirrel-like Pokémon with a tan and brown plump body, a buck tooth, orange nose, stumpy limbs, and a huge tail twice as long as its body. it has a darker brown area on its"
dataset/images/821.png,"a small, birdlike Pokémon that is primarily dark blue, including its wings, tail, back and part of its head. the lower part of its body and chest is yellow, and it has a plume of black feathers that begins from under its wings to its face"
dataset/images/822.png,"a crow-like, avian Pokémon is adorned with a mask-like crest. its tail and dorsal feathers have a navy coloration, and its breast feathers are blue-gray."
dataset/images/823.png,"a large, avian Pokémon is resembling a raven. most of its body is a lustrous black, but its lower beak and legs have a matte color."
dataset/images/824.png,"an insectoid Pokémon has five body segments and is covered in sensitive setae. the dorsal half of its ovular head is a dark blue, and the ventral half is beige."
dataset/images/825.png,"the shell is made up of yellow triangular surfaces with blue circles around its vertices, arranged to form an icosahedron. the shell is so heavy it prevents Dottler from getting food to eat and water to drink."
dataset/images/826.png,"a beetle-like Pokémon with a large head that resembles the body of a ladybug. its shell is red with seven dark blue spots and a black underside. six of these spots can glow, making concentric cyan and white rings"
dataset/images/827.png,"the orange-maroon fox-like Pokémon has a slender body and a large head relative to its body size. it has long, black ears, white spots on its head that resemble eyebrows."
dataset/images/828.png,"orange-maroon vulpine Pokémon has a moderate build, slender limbs, and a long tail. it has white chest fur that puffs out from its body and vaguely resembles a cravat."
dataset/images/829.png,"a small, plantlike Pokémon with a large, yellow flower on its head. This flower covers most of its cream-colored head, which has a green stripe down its forehead and two yellow eyes with black sclerae. It has red, hair-like growths surrounding the back of its head and a green stem-like body."
dataset/images/830.png,"a plant-like Pokémon has a light green head, with amber-brownish eyes and light green pupils. above its head is a green crest that fills a notch in its head. there are tiny brown seeds that can be found scattered on"
dataset/images/831.png,"a black ovine Pokémon with a thick coat of white wool makes it look spherical. its small head pokes out of the front of the wool, along with two short horns. two large ears are visible behind gray strings of wool that "
dataset/images/832.png,dubwool's head is mostly black with a white patch surrounding its mouth and nose. its nose is pink and its eyes are yellow with black irises and white horizontal pupils with small gray eyebrows above them.
dataset/images/833.png,"a quadrupedal teal turtle-like Pokémon has a large head bigger than its body. the top of its shell is a darker shade of blue with a brown trim, and it has a light brown underbelly similar to Squirtle"
dataset/images/834.png,"a large quadrupedal Pokémon resembling a turtle, with a shell made of rock. its carapace (upper shell) is brown and is divided into three segments. its plastron (lower shell) is flat and pale"
dataset/images/835.png,canine Pokémon has a brown body with yellow fluff around its neck. it has a yellow bolt-shaped tail and a heart-shaped pattern on its rear.
dataset/images/836.png,"a quadrupedal, canine Pokémon is a quadrupedal, canine Pokémon. its two front paws are white with a yellow stripe on each leg above the white part. it has a thin, yellow tail and hind"
dataset/images/837.png,"it has a single orange-red eye that can light up and illuminate dark areas. its lower body has a wheel-like leg, which it rolls on and uses for movement."
dataset/images/838.png,"a Pokémon which resembles a minecart. It has a head with two triangular eyes and a mouth that has a warm, orange glow. Behind its head is a small heap of coal which can glow orange-red, atop a body of black stone. It has four wheel-like legs which it moves on."
dataset/images/839.png,"a large, coal-black body has two legs and a pair of stubby arms. it bears a head consisting of a pair of white eyes that can glow red and a mouth with serrated teeth."
dataset/images/840.png,"a small, worm-like Pokémon with a light green body and a dark green underside. above its head are two large leaf-like eyestalks. these eyestalks give the apple it lives in the appearance of having a stem with leaves."
dataset/images/841.png,"a green, worm-like dragon Pokémon uses parts of an apple to form its body. the top part sits on the top of its head, with a single horn sticking out. the bottom of the apple is attached to its tail."
dataset/images/842.png,a dragon-like Pokémon whose body is reminiscent of apple pie. it is mostly green with a yellow underside and lower jaw. it has an orange spot on its chest that resembles an apple core.
dataset/images/843.png,resembles a small snake. its body is mostly brownish white with a few darker spots. its tail is curled at the tip.
dataset/images/844.png,"a tan serpent Pokémon with a black and brown pattern all over its body, resembling cracked earth. Around its neck is a dark greenish brown ring, which is its neck pouch. Its long body is coiled in a spiral shape. It has lime green eyes with red bags underneath them and a snout with two prominent nostrils and two fangs."
dataset/images/845.png,"a blue avian Pokémon resembling a cormorant has bright green, large, circular eyes with small black pupils. it has a ruff of light gray feathers that goes around its torso and sticks out at the back, making it"
dataset/images/846.png,a brown and tan fish Pokémon resembling a barracuda. it has two big black eyes and two small jaws pointing upward. it also has five fins scattered on its body.
dataset/images/847.png,"a fishlike Pokémon with a long body and tapered head is colored brown. it has small eyes with beady black pupils and no visible irises. its mouth has a noticeable under-bite, and two teeth on each side of its lower"
dataset/images/848.png,"toxel is a small, quadrupedal, purple, lizard-like baby Pokémon. it has a lightning bolt-like protrusion on its forehead, along with four conical spikes surrounding its head. it has violet eyes with black"
dataset/images/849.png,"a bipedal, lizard or salamander-like Pokémon with two forms. Both Amped Form and Low Key Form Toxtricity have purple-colored bodies and white eyes with black irises. Both forms also have four spikes on the back, four spikes on each wrist, and a crescent-shaped body part with seven light purple spikes on the waist."
dataset/images/850.png,"an insectoid Pokémon with a long, flat body. Its thorax and head are mainly red-orange with dark brown sections across its body and yellow rings on its underside which can get very hot. Two fiery whiskers protrude from its face, and it uses its short stubby legs to move around."
dataset/images/851.png,"a flat, centipede-like Pokémon is red, with circular orange-yellow heat-generating organs on the underside of each section. its dorsal side, along with its legs and mandible, are a darker shade of red "
dataset/images/852.png,Clobbopus has six small tentacles that it uses to get around. two large tentacles that act as arms are lined with orange suction cups.
dataset/images/853.png,"a blue, amphibious, cephalopod Pokémon with a yellow jagged eyemask-like marking, suckers, and what appears to be a breathing organ on the left side of its head. it has a dark blue underside and cyan eyes"
dataset/images/854.png,the teacup that Sinistea lives in is a famous piece of antique tableware; seafoam green in color with gold rims. there are many forgeries in circulation.
dataset/images/855.png,"Polteageist inhabits a large, white teapot with cracks and holes on it. it has a yellow handle, as well as yellow accents on its cover and bottom."
dataset/images/856.png,"a small Pokémon with a round pink body and a pair of small feet. most of its body is covered by a blue wig-like feature with a pink, hat-like erect tail."
dataset/images/857.png,"a small, vaguely humanoid Pokémon has a pink body and a large, light blue mass of hair surrounding its head. it has a conical point on top of its hair that is pink at the bottom and white at the top, with the tip being"
dataset/images/858.png,"a small humanoid Pokémon has a thin, white body. it has a small mouth, narrow black eyes with white pupils. it has two elliptical pink markings over each of its eyes resembling eyebrows."
dataset/images/859.png,"a small, fuchsia Pokémon has a large head, small body, and wiry limbs. its hands have three fingers each while its feet don't have digits. its face has a purple ""mask"", prominent pointed ears"
dataset/images/860.png,"a slightly humanoid Pokémon with a magenta upper body and a light green lower body divided by a zig-zag line. it has long, lanky arms with hands that have three sharp fingers, and round feet that have three toe"
dataset/images/861.png,"a green-skinned humanoid Pokémon covered in long, dark purple hair. most of its hair wraps around its body, except for part of its face, its abdomen, its feet, and a small red patch on its chest. Grimms"
dataset/images/862.png,"black-and-white, bipedal Pokémon is a black-and-white, bipedal Pokémon. its head sits forward of its body on a long, thick neck; it has a pointed snout like a badger."
dataset/images/863.png,Perrserker remains bipedal and has a body shape similar to what it had as a Meowth. the hair on its head and parts of its limbs have hardened into natural armor.
dataset/images/864.png,"the lower body of Cursola resembles that of Galarian Corsola. it has an oval-shaped opening with three inward-facing notches where the core is. on its ectoplasmic body, two small branches below the core serve as its"
dataset/images/865.png,"avian Pokémon stands no taller than its pre-evolved form Farfetch'd. its wings serve as humanoid hands, with the feathers at the end resembling fingers."
dataset/images/866.png,"is a bipedal, humanoid Pokémon. it has growths resembling clown hair, but they are now black rather than blue. it has yellow eyes and a moustache that covers its mouth."
dataset/images/867.png,"two sections of the slab have broken off and are held in place by shadowy black tendrils. the ""tail"" fragment also resembles the piece carried by Galarian Yamask."
dataset/images/868.png,"a small cream-colored Pokémon that resembles a splash of milk. It has a droplet-shaped body composed of cream, with two arms and a crown of six protrusions. These protrusions are made out of that same cream with droplets constantly jumping from them. It has completely white eyes."
dataset/images/869.png,a vaguely humanoid Pokémon with a body made of whipped cream. its head resembles several clumps of whipped cream styled like hair. each of these bangs is topped with the Sweet Alcremie.
dataset/images/870.png,"a single Falinks is a formation of six individuals, similar to Exeggcute. it consists of five troopers and a leader, known as ""the brass"""
dataset/images/871.png,"an echinoderm Pokémon with a black, sea urchin-like body. a line of sharp spines runs down its back, along with two other lines of two spines each on the side of its body."
dataset/images/872.png,"a small, larval Pokémon. Most of its round white body is covered by a translucent shell of icy spikes. Its exposed head features two black eyes and round mouthparts. Four short legs are located underneath its body."
dataset/images/873.png,"a white, moth-like Pokémon with a round body, of which the upper half is thicker, giving it the appearance of a ruff. it has a blue jewel between its eyes and two long antennae, which are gray at the tip with trap"
dataset/images/874.png,"a tall Pokémon made of rock, resembling Stonehenge. it has a gray, rectangular body with white eyes and mouth. on top of its body are two, smaller rectangular stones giving it the appearance of a hat."
dataset/images/875.png,"a medium-sized, penguin-like Pokémon has a large ice cube encasing its head. it has two flippers and yellow feet, with three toes on each. it has two white eyes, black eyebrows and a white be"
dataset/images/876.png,"both forms have white faces, rounded heads and pear-shaped bodies. males have upward-turned spiral horns, blue markings in-between their eyes. females have downward-turned spiral horns, pink markings above their eyes."
dataset/images/877.png,"a short, chubby rodent Pokémon can change forms via its signature Hunger Switch Ability. the features shared between the two forms are short, stubby arms and feet; a pair of pink circular cheek pouches; a very tiny nose; two almond"
dataset/images/878.png,"cufant uses it to dig in the ground and carve out rocks and ores to eat. it has four stout legs, and each leg has a single anterior nail."
dataset/images/879.png,"a large, cuboid, elephantine Pokémon with a dark green body and a light teal underbelly. it has a long, broad, muscular trunk that ends in three claw-like protrusions."
dataset/images/880.png,a hybrid fossil Pokémon has a small yellow upper body with two long wings shaped like lightning bolts on its arms. the upper half is connected to the middle of the lower body with an orange and yellow circle surrounding the neck.
dataset/images/881.png,it has a light-blue body with a snow-like patch on the top. it has a plesiosaur-like tail with a fin on top.
dataset/images/882.png,a hybrid fossil Pokémon consists of the head of the fish fossil and the back legs and tail of the dino fossil; the head appears to have been mounted on the tip of the tail. the tail region ends abruptly at a circular cutoff.
dataset/images/883.png,the plesiosaur half is colored blue and white. the fish half is applied upside down.
dataset/images/884.png,"a tall bipedal dinosaur-like Pokémon with large feet, a chunky tail, and a head integrated into its neck. its body is mainly light gray and dark blue, with zigzag patterns running down its body, gray bands around its arms, and"
dataset/images/885.png,"a small, green Pokémon resembling a reptile or amphibian. Its head is a darker green, with yellow eyes, pink eyelids and gills, and large horns tipped with pink. Its serpentine body has two long front limbs, as well as a darker green stripe near its tail with three fins surrounding it."
dataset/images/886.png,"a large, black-colored head with two vertical horns and two pinkish-red triangle-shaped stripes on either side. it has yellow eyes with pink eyelids, while the underside of its mouth is light blue."
dataset/images/887.png,"a draconic Pokémon. Dragapult's appearance is reminiscent of both ancient lepospondyls such as Diplocaulus and modern stealth bombers. It has a triangular, wing-shaped head; a relatively short body; and a long, laterally flattened tail similar to a newt's."
dataset/images/888.png,"Zacian is a large cyan lupine Pokémon with yellow eyes, a tan underside, a lean frame, a pink tail, and pink braids going down the side of its body. there are battle scars on its shoulders,"
dataset/images/889.png,"Zamazenta is a large magenta lupine Pokémon with yellow eyes, a bulky frame, and a ponytail on its head. its tail and ponytail are a deep blue; it also has deep blue accents on its neck and for"
dataset/images/890.png,"a gigantic, draconic alien Pokémon has a vaguely draconic shape and skeletal appearance. its main body and tail are long and thin and resemble a spinal column. its torso is formed from a cage of appendages "
dataset/images/891.png,"a small, bearlike Pokémon is primarily dark gray, with a yellow snout and white patches of fur on its head and chest. the patch of fur on its forehead partially covers its black eyes and has two black downturned eyebrows on top."
dataset/images/892.png,"a large, bipedal Pokémon resembling a humanoid bear with a wushu motif. it has long legs and long arms with large paws and claws for striking. the front of Urshifu's "
dataset/images/893.png,"a simian Pokémon resembling a baboon or mandrill is covered in coarse black fur. its chest and belly are patterned with shorter gray fur. its upper snout, palms, and rings around its eyes"
dataset/images/894.png,"an electric golem-like Pokémon is made mostly of electric energy generated by a single organ. it has a round yellow body with three spikes on top of its head and a pattern of seven pink dots on its face that resembles the letter ""X"""
dataset/images/895.png,"it has a dark red body made of crystallized dragon energy, with the energy being the densest at its central core. it has two red legs with black feet that are shaped like teeth. the right arm resembles a dragon's upper jaw,"
dataset/images/896.png,"the equine Pokémon has a white coat and has light-blue ice covering parts of its body. its mane consists of ice spikes, with three rows behind its neck and a single large spike between its ears. both have ice behind"
dataset/images/897.png,equine Pokémon has black fur and a purple marking covering the right side of its face extending to the base of its ears. it has a wavy purple mane that transitions into mauve towards the tips.
dataset/images/898.png,"a bipedal Pokémon with legs approximately twice as long as its torso. four prongs grow from its head to support a green, transparent bud resembling a type of crown, much larger than its head."
dataset/images/899.png,"a snow deer-like Pokémon has white spots, white fur on its lower legs, underside, round tail, eyebrows, and mane. Wyrdeer has large, golden antlers, the shape of which resembles radio antennae."
dataset/images/900.png,"a mantis-like insect is adorned with numerous black rocky protrusions. a ring of angular rocks on each of its shoulders, a mask of rock lining its brows down to its jawline, two sharp toe claw"
dataset/images/901.png,the pelt has nine rectangular brown spikes on its back and four rectangular spikes on each side of its head. the front paws have five claws each while the back paws have three claws.
dataset/images/902.png,"a large, green, fish-like Pokémon has a jagged mouth with pointed teeth. its spine is aligned with a dark gray line, with colored stripes that flank it on either side and extend around its gills."
dataset/images/903.png,a bipedal Pokémon that resembles both a cat and a weasel. its body is dark gray with purple accents around its face and ankles. it has long arms that extend to just above its ankles.
dataset/images/904.png,"a large, spherical piscine Pokémon resides in the sea. all over its body are overgrown conical spikes whose colors correspond to those on Overqwil's body. the spikes on the top half of its body have parts of purple"
dataset/images/905.png,"forme, Enamorus is a pink, slim humanoid Pokémon. it is a female-only species with no male counterpart. its eyes are yellow with beady white irises and no visible pupils."
dataset/images/906.png,"a quadrupedal feline Pokémon covered in pale green fur. the fur's composition is similar to that of plants, allowing it to absorb sunlight for energy."
dataset/images/907.png,"a bipedal, feline Pokémon has a growth of green fur-like leaves on its neck. it has a growth of green fur-like leaves on its neck, along with its hands, feet, and face."
dataset/images/908.png,"a humanoid feline Pokémon has light green fur covering most of its body. the fur is especially longer around its ears, thighs, and arms. it is covered in a four-pointed mask-like shape, with a pattern of three green"
dataset/images/909.png,"the bipedal crocodilian Pokémon has a mostly red body and a white face. its body contains a small flame sac, which constantly leaks fire energy due to its size. the energy releases in the form of two bright yellow tufts of"
dataset/images/910.png,"a bipedal, crocodilian Pokémon is a bipedal, melon-shaped body. its face and chest are white simulating a mask; its hands and feet are black. it has yellow rectangular scales covering its back and"
dataset/images/911.png,"large, red, crocodilian Pokémon covered in rectangular scales. its belly is angular and has a white coloration flanked by black stripes. it also has various white-colored patterns on its head, lower jaw, neck, back, shoulders"
dataset/images/912.png,a white duckling-like Pokémon has a yellow beak and blue eyes. it has teal webbed feet and a large teal coif-like crest.
dataset/images/913.png,"Quaxwell's face has blue eyes, a pointed yellow beak, and a teal brow just above it. on top of its head is a round blue crest twice as large, which droops towards the back."
dataset/images/914.png,"a humanoid avian Pokémon is resembling a waterfowl. its plumage is mostly dark blue, except for the light blue on its shoulders and tail. its face has blue eyes and a pointed yellow beak."
dataset/images/915.png,it has a triangular pink snout with two huge oval nostrils as well as stubby feet ending in pink hooves. its tail is short and curled.
dataset/images/916.png,"Oinkologne has a large, stout build with a smooth, glossy coat. it has yellow growths underneath its eyes that resemble eyelashes, droopy triangular ears with yellow insides, a triangular snout"
dataset/images/917.png,a lime-green arachnid Pokémon is wrapped in a ball of white threads that it secretes from its rear. it has eight spindly legs tipped with a dark green color on the ends.
dataset/images/918.png,"arachnoid Pokémon has eight long, slender, cylindrical legs. all eight feet have white circular ports that serve as spinnerets."
dataset/images/919.png,"a gray, oblong, insectoid Pokémon resembling a grasshopper. its head has two stubby semicircular antennae, a circle on its snout resembling a mouth or nose "
dataset/images/920.png,"a bipedal, insectoid Pokémon which resembles a locust. it is primarily dark gray, with glossy black colorations on the head, thorax, lower abdomen, forearms, lower legs, and third set of legs"
dataset/images/921.png,"a small, quadrupedal, rodent-like Pokémon has a body that is almost entirely orange. it has cream colorations on its lower forelimbs, snout, and tail, and green on the insides of its ears."
dataset/images/922.png,"compared to Pawmi and Pawmot, its fur is almost entirely light orange. its face has beady brown eyes, a tiny nose, and yellow electric sacs on its cheeks."
dataset/images/923.png,"a stout, bipedal, rodent-like Pokémon has a body that is almost entirely orange. its face has beady brown eyes, a tiny nose, and yellow electric sacs on its cheeks. it has shaggy "
dataset/images/924.png,"each individual is small, white, and bipedal, and has a spherical head with large ears and stubby limbs with large paws. each one also has two black beady eyes, a tiny black nose with short"
dataset/images/925.png,"a group of three or four separate mouse-like rodent Pokémon work together as one, similar to Exeggcute, Falinks, or its pre-evolved form Tandemaus. each individual is small, white, and bipedal, and has "
dataset/images/926.png,"the head contains small, black beady eyes with rounded eyebrow-like growths on top; a snout with a rounded triangular nose and a tiny mouth; and rounded ears that resemble pastries or bread buns. the"
dataset/images/927.png,"a stout, canine Pokémon with an elongated body is mostly brown. its fur is mostly brown, with various shades of lighter and darker brown on its head, snout, ears, neck, back, tail, and paws."
dataset/images/928.png,a small Pokémon resembling an olive. It has a round green body with two stubby legs. It has beady black eyes with white pupils and a jagged mouth. A few leaves surround a yellow fruit with a hole on top of its body.
dataset/images/929.png,"a green plant Pokémon is resembling a human wearing a dress. its head is light green, with several leaves and two olive fruits on top."
dataset/images/930.png,"Arboliva's lower body flares out into multiple root-like portions. it contains thin, slanted, purple eyes that appear closed."
dataset/images/931.png,"the avian Pokémon is resembling a parrot, with a large rounded yellow beak and lazy eyes. it has tan legs with feet shaped in a zygodactyl arrangement; i.e. two to"
dataset/images/932.png,"a Pokémon composed of rock salt. Its upper body is rugged and brown, with an off-white stripe circling it, while its lower body is a white salt cube with rectangular orange-yellow eyes that can glow red. A white salt cube is embedded on the top half of its body as well."
dataset/images/933.png,the head is connected to Naclstack's body; the upper half of the body consists of a brown cuboid stone at the front and a dark brown rock dotted with salt at the back. the lower body is a single white
dataset/images/934.png,"a large, bipedal Pokémon is made up of rock salt and sedimentary rock. its head has a rugged look and two eyes shaped like right angles. each of the eyes are orange in color with yellow squares at their centers."
dataset/images/935.png,"a humanoid Pokémon is said to have been born from burnt charcoal. its body is mostly black, except for its torso and extremities, which are red. it has a fire-like plume above it, tipped with pink and dark"
dataset/images/936.png,"a bipedal, humanoid Pokémon is a bipedal, humanoid Pokémon. its body is primarily black, with red colorations on its cylindrical legs and hands. its head is also red, with yellow sharp ""ears"" protru"
dataset/images/937.png,"a bipedal, humanoid Pokémon is a bipedal, humanoid Pokémon. its body is primarily black, though some regions on its head, arms, and legs are dark blue. its eyes have pink irises and"
dataset/images/938.png,a small amphibian Pokémon has a spherical yellow head that takes up most of its body. this head has two white spots at the top and can emit light. Tadbulb blinks it on and off to warn its allies.
dataset/images/939.png,"a large, rotund, amphibian Pokémon has orange patterns on its head, back, and lower body, along with small orange feet. the pattern on its back consists of two orange chevrons and a lightning bolt shape, surrounding an orange circle with a"
dataset/images/940.png,"a tiny avian Pokémon is a tiny avian Pokémon. its feathers are mostly black, except for the grayish light-blue feathers. its head is nub-like and contains its fairly long orange beak."
dataset/images/941.png,"a large avian Pokémon is a large avian Pokémon. its feathers are mostly black, with a grayish dark blue lower body. the latter contains zig-zag patterns on the sides of the neck."
dataset/images/942.png,"a brown, quadrupedal, canine Pokémon has a dark gray snout and underside. it has a layer of thick fat under its skin that protects it from attacks. its paws have four toes each; the head"
dataset/images/943.png,"a large, canine Pokémon has blackish gray colorations on its underside, back, and around its face and eyes. it also has a stripe of light gray fur running down its spine."
dataset/images/944.png,"a tiny shrew-like Pokémon has an almost hemispherical body. its fur is gray on top and white on the underside, except for its black head. it contains large, yellow-green eyes with tiny black pupils."
dataset/images/945.png,"the top half of its body is mostly black and somewhat resembles a hoodie. its forearms and the bottom half of its body are dark bluish-gray in color. it has a white face with large ears, huge yellow-"
dataset/images/946.png,"the Pokémon has small, rhombic, black, leaf-like eyes with thin red pupils that float inside its body. it has brownish yellow, jagged, thorny plant stalks that point up and curl slightly inward to form a sp"
dataset/images/947.png,"a tumbleweed-like Pokémon that is similar to its pre-Evolution Bramblin, only larger and with more thorns. Most of the branches that compose its loose, spherical body are brownish yellow with light purple tips on top, while the base of its body and its center front branch are entirely dark brown."
dataset/images/948.png,"toedscool has small pupils on its eyes and its lower body flares out into frayed flaps. these flaps sometimes fall off from its body, and have a chewy and delicious taste."
dataset/images/949.png,a large mushroom-like Pokémon whose physical appearance heavily resembles Tentacruel. its upper body resembles a mushroom cap and is black in color. one of these protrusions sits in the front and center of the cap.
dataset/images/950.png,"a crustacean Pokémon is primarily orange in color, with a cream underbelly and pink cheeks. its eyes are supported by stalks extending from inside its shell. Klawf can rotate these eyes freely in any direction to survey its surroundings."
dataset/images/951.png,"a short, green, bipedal plant Pokémon with no arms and a very short, stubby tail. it has a white, round cap radially split into six at the rim. its face has black eyes and an orange coloration on the"
dataset/images/952.png,"a monstrous, bipedal Pokémon resembles a pepper plant. it has a dark-green body and a leafy growth surrounding its neck. two leafy arms grow out of this growth."
dataset/images/953.png,"a small, brown, beetle-like Pokémon has four horn-like protrusions on its head. its abdomen has a rounded yellow pattern, and it has four long limbs, each tipped with two claws."
dataset/images/954.png,"a teal, metallic, beetle-like Pokémon that perpetually floats upside down in the air. its face is red, with a diamond-shaped nose, a white four-pointed star on its forehead, and long, prominent white hair"
dataset/images/955.png,"a small Pokémon resembling a bird chick has a yellow body, large blue eyes with a lavender triangular mark between them. it has white frills on its head and both yellow and pink frills extending from its belly."
dataset/images/956.png,"a tall flightless avian Pokémon resembling an ostrich. its head, neck, and legs are lavender in color, with brown stripes covering its neck and white stripes covering its legs and front toes."
dataset/images/957.png,"a short, pink, humanoid Pokémon has a relatively large head and arms compared to the rest of its body and stumpy toeless feet. its arms have three fingers each, and it has what appears to be a pyramidal diamond-shaped steel plate"
dataset/images/958.png,"a pink humanoid Pokémon has a large head and arms and short, stumpy feet with light pink circles underneath. its arms have three fingers each, and it has steel plates on its hips that resemble outturned pockets. it has thin eyebrows or eye"
dataset/images/959.png,"a pink humanoid Pokémon has large, white arms and short, stumpy feet. its arms have five fingers each, with the thumbs having the same color of pink as the body. it has steel plates on its hips that resemble outturned pockets."
dataset/images/960.png,"a long, white Pokémon that seems to be perpetually buried within the earth. it has beady dark blue eyes and a large, round, pink nose."
dataset/images/961.png,"a long, red, three-bodied fish Pokémon that lives in a black spiky rock. Each body has a head with beady dark blue eyes and a large, round, white nose. Only Wugtrio's heads and parts of its bodies are seen; it is unknown what the rest of its body looks like inside of the rock."
dataset/images/962.png,"white avian Pokémon has black slanted eyes with black eyeliner-like markings around them. it has long neck and tall, thin, reddish pink legs, with three toes facing forward and one toe facing backward on each foot."
dataset/images/963.png,"it has a pale bluish white coloration on its underbelly that extends to its lower jaw and eyes, as well as on its dorsal fin. it has a pair of pectoral fins and a split tailfin."
dataset/images/964.png,"Palafin is an cetacean Pokémon that resembles a dolphin. its underbelly and the underside of its fins are colored in a paler shade of light blue. it has eyes with two-tone blue and pink irises, "
dataset/images/965.png,"an inorganic, metallic Pokémon is said to be created when an unknown Pokémon enters and possesses an unused engine at a scrap-processing factory. its front has a protrusion tipped with a shape somewhat resembling a skull"
dataset/images/966.png,the front of Revavroom's body also has a few spikes to the left and right. the front of Revavroom's body also has a small hole resembling a frown located just below its eye.
dataset/images/967.png,"a green reptilian Pokémon is resembling a lizard. its head is mostly black, with a green coloration between its casque and lower jaw. its neck, paw pads, and tail are also black; the latter has "
dataset/images/968.png,"a long, worm-like Pokémon with a six-segmented metal body. its body is red on top and light orange on the bottom, except for its second segment. the first segment is its head, which contains its small, pale blue eyes and "
dataset/images/969.png,"a crystal plant-like Pokémon. It has a light purple body shaped like the stem of a plant, and its face is black with bright yellow eyes covered by a transparent cone. It has six dark blue crystal petals with light blue lines each around the head. The minerals inside of these petals are filled with crystallized poison."
dataset/images/970.png,coned flower Pokémon has three light green crystalline petals as a tail. tail is connected to four light purple crystalline petals with light green lines each.
dataset/images/971.png,"a quadrupedal canine Pokémon whose body is covered in long, shaggy pale grey hair reaches down to its legs. its large snout peeks under the hair covering most of its head, and contains a black triangular nose and"
dataset/images/972.png,"the top of its head and its humped back are covered in long, shaggy, whitish-gray fur that is a light purple color at the base. its face has a large, protruding lower jaw, and its feet have three"
dataset/images/973.png,"the avian Pokémon is resembling a flamingo. it is mostly pink, with a rounded body and wings, and a long serpentine neck. it is said that Flamigo ties its neck into a knot to keep"
dataset/images/974.png,"a white round cetacean Pokémon has large eyes, a large curved mouth, long fin-like forelimbs, a large tail, and two stubby legs. there are pink accents around its eyes, on its hands, below its feet,"
dataset/images/975.png,"Cetacean has a white piscine body with large forelimbs and legs. it has pink accents around its eyes, forepaws, and tail."
dataset/images/976.png,"a fishlike Pokémon with a gray body; pointy, translucent, bright magenta fins; and red eyes. it has thin blue lines running the length of its body from its eyes. inside is also a row of diamond-shaped spikes similar to "
dataset/images/977.png,"it has three colors: light blue at the top; dark blue in the middle; and white on its belly, upper lip, and fins. it has a pair of pectoral fins and its rear half is flanked on either side by elongated an"
dataset/images/978.png,"all forms have a white throat sac, which resembles a bed of rice when inflated. Tatsugiri inflates its throat sac to camouflage itself."
dataset/images/979.png,a simian Pokémon with a round body is situated on two thin legs with black shackles around its ankles. it is covered in shaggy grey fur that streams upwards and fades to white as it seems to evaporate. it has three-
dataset/images/980.png,"a quadrupedal, amphibious Pokémon, has a rounded body that is dark brown on the top and light brown on the bottom. it has black beady eyes, a large mouth, and a pair of tiny nostrils."
dataset/images/981.png,"the tail head is dark brown with a black face, yellow eyes, sharp white teeth, and four ossicone-like antennae. it has a row of eight dark brown and yellow spikes running down its spine."
dataset/images/982.png,"a serpentine Pokémon looks nearly identical to its pre-Evolution, Dunsparce. it has the same yellow body with a blue underside and blue and cream stripes on its back. its tail has a blue ""cap"" on it."
dataset/images/983.png,"a humanoid Pokémon whose appearance resembles a samurai has grown tremendously from its time as a Bisharp. its body is mostly red and black, with gold accents on its torso and helmet-like head."
dataset/images/984.png,"is a large gray proboscidean Pokémon. its trunk, topside, and tail are covered in dark purple plates. similar pinkish-red accents form around its slanted yellow eyes."
dataset/images/985.png,is a pink Pokémon with a spherical body. it has pointed ears with black insides and small tufts of hair beneath them. is a very long curled tuft of fur that extends down its back.
dataset/images/986.png,"is a mushroom-like Pokémon with large caps on its head and arms that resemble modern Poké Balls (despite being from the ancient past), pink lips with a jagged appearance, four stumpy brownish legs, and a tail; the cap on its head is spiked and has what seems to be green moss growing underneath it."
dataset/images/987.png,"is a dark bluish-green, ghost-like Pokémon. its lower half has several small appendages that resemble a ruffled dress."
dataset/images/988.png,"is a large, moth-like Pokémon with four legs. its thorax is navy blue in the center, and its tail-like abdomen is teal with black dots."
dataset/images/989.png,is a seemingly metallic Pokémon with a body composed of three units that resemble ancient versions of Magnemite. the top unit bears markings similar to tribal war paint as well as iron filings on its body and horseshoe magnets that resemble hair.
dataset/images/990.png,is a quadrupedal Pokémon with a spherical gray metallic body and a black underbelly. underneath them is a metal plate that can be retracted to reveal its mouth. iron Treads also has long black plate-like
dataset/images/991.png,is a red Pokémon resembling a robotic bird. its face is covered in white plating with two three-pointed crests above its blue eyes. its feet have two digits each.
dataset/images/992.png,"is a large, bulky cyborg Pokémon that looks like a futuristic sumo wrestler. the head crest is a deep blue with ten black lines connecting across it. the upper half of their body is colored light gray resembling"
dataset/images/993.png,"is a three-headed, mechanical, draconic Pokémon with six thin, pointed black wings. its body is dark blue, with black armor plating resembling fur covering its necks and shoulders. the inner armor surrounding its head is fuchs"
dataset/images/994.png,"is very similar to Volcarona in appearance, resembling a robotic moth. it has four small ""feet"", red compound eyes, red horns on the sides of its head."
dataset/images/995.png,"is a large, bipedal, robotic dinosaur-like Pokémon with green metallic armor plating covering its body and limbs. its claws, lower jaw, parts of its abdomen, and tail tip are black."
dataset/images/996.png,"a stout, gray, bipedal reptilian Pokémon is large compared to the rest of its body. it has eyes containing yellow sclerae and black pupils, a bulbous light gray snout with two nostril"
dataset/images/997.png,"a bluish gray theropod-like Pokémon has a jagged light blue pattern on its underside, a medium-sized tail, and a large, triangular, dark gray dorsal fin on its back. its eyes have yellow "
dataset/images/998.png,"theropod-like Pokémon has hexagon-shaped ice patches located near its chest area, on its kneecaps, and underneath its tail. it also has squareish polygonal light blue patches underneath its feet."
dataset/images/999.png,"a small, blue-gray, metallic, bipedal Pokémon, with bands of two thin black stripes present around its torso and between its gold, circular eyes. It has a pair of thin black antennae and a tail, which are bent near the base and tipped with small gold circles."
dataset/images/1000.png,"a bipedal humanoid Pokémon whose body is composed of 1,000 Gimmighoul Coins stacked together gives it a golden, cylindrical appearance. its face has oval eyes and a mouth displaying a crooked smile. it wears"
dataset/images/1001.png,"a snail-like Pokémon comprising a dark-green mossy form covered in dead green and yellow leaves. two pairs of long, curling vines form its eyestalks, which contain eyes with green eyelids, orange sclerae,"
dataset/images/1002.png,"ice crystals run down its back and legs, and forms its claws, eyes, and whiskers. the sword's blade, which narrows slightly near the tip, forms its left fang. the broken ends of the sword halves jut through Chien"
dataset/images/1003.png,"a large Pokémon is resembling a cloven-hoofed mammal such as a deer or a moose. its body is composed of layered rock, ranging in color from dark brown to a light tan"
dataset/images/1004.png,a fish-like Pokémon is composed of two pairs of curved jade beads. each of these pairs circle a black orb coated by white around the sides. its eyes and beads sometimes glow red and yellow when it attacks.
dataset/images/1005.png,"is a quadrupedal, draconic Pokémon with a long, tapering tail. it is primarily blue with a red underside with four yellow markings. there are red markings on the underside of its tail, and stripes on the"
dataset/images/1006.png,"is a mechanical, bipedal Pokémon whose appearance retains numerous visual traits from both Gardevoir and Gallade. its arms consist of gauntlets with large magenta blades protruding from the sides, which it can detach and combine to"
dataset/images/1007.png,"Koraidon's head has a crest of feathers and a pair of long, brow-plume-like tendrils. its eyes have yellow sclerae, orange irises, and brown pupils."
dataset/images/1008.png,"a large, robotic, reptilian Pokémon with a primarily metallic, violet body. its face, neck, abdomen, tail, and knee joints are silver, while its claws are white. a distinctive feature of Miraidon is the gular sac"
dataset/images/1009.png,"is a large, bipedal, theropod dinosaur Pokémon with white, diamond-shaped markings. it has a long, white snout with one horn underneath the chin. horizontal eyes are red, with yellow sclerae"
dataset/images/1010.png,"is a mechanical Pokémon that resembles a futuristic stag or antelope-like, quadrupedal that is primarily green and grey. on the sides of its head are long metal horns that end in half-circle points."
dataset/images/1011.png,"Dipplin appears to be composed of a pair of separate creatures known as ""wyrms"" the head belongs to the ""fore-wyrm"" while the tail belongs to the ""core-wyrm"""
dataset/images/1012.png,"the tea caddy is primarily black and white, with a white lid, a sealed crack near the top, and a painted pattern resembling a face. the tea caddy is primarily black and white, with a white lid, a"
dataset/images/1013.png,"the Pokémon inhabits a  chawan, a tea bowl used in the traditional Japanese tea ceremony. its main body is entirely green, except for its mouth and swirly eyes, which are yellow in color. Sinistcha is not biologically related to Pol"
dataset/images/1014.png,"a bulky, bipedal canine Pokémon has broad shoulders, pointy ears, and a large, fluffy tail. its fur is almost entirely black, except for the green on its muzzle, face, chest, hands, back, waist, thighs, and feet"
dataset/images/1015.png,"a blue simian Pokémon with long black fur covering most of its body, except for its face, hands, feet, and part of its chest. it has yellow eyes with black striped markings between them, and they have magenta colorations on its rear and"
dataset/images/1016.png,the avian Pokémon stands atop a pair of long slender bronze-colored legs. its tail consists of a long train of bronze-colored feathers ending in forked tips that gently curl outwards. a pair of magenta
dataset/images/1017.png,"a predominantly green, humanoid Pokémon is spotted with white flowers and yellow dots. it is capable of extending green and black vines of ivy. its torso is mostly covered by a large, green, multicolored cloak-"
dataset/images/1018.png,"a tall, metallic, bipedal dinosaur-like Pokémon with an angular, cuboid body bent at its chest and hips. it has dark blue colorations on its palms and soles, as well as dark blue platings on its face"
dataset/images/1019.png,"a Pokémon composed of seven symbiotic creatures known as ""syrpents"" living within an apple-shaped structure completely made of red syrup.[1] Each syrpent has green, leaf-shaped eyestalks with yellow eyes; a long green body with a pale yellow underbelly; and a tail tipped with leafy green ornaments."
dataset/images/1020.png,is a massive lion ceratopsian hybrid Pokémon with some mastiff qualities. it is covered in brown fur with three green spike lines on both back legs. there is cream belly fur on its chest.
dataset/images/1021.png,"is a massive quadrupedal, yellow, sauropod-like Pokémon with feline features. it has black stripes and a white bottom with red lines surrounding it. most of its face consists of thick, white fur and shorter red fur around its blue"
dataset/images/1022.png,"is a spherical, bull-like Pokémon coated in a reflective metal. it has a black, rounded forehead adorned with two brown, rotatable, axe-like horns. the edge of the horns and the"
dataset/images/1023.png,"the top of its luminous head has two yellow metal horns similar in shape to drills. the metal snout is gray, and there is a luminous blaze running from its nose to the back of its head. iron Crown's face, parts"
dataset/images/1024.png,"a small reptilian Pokémon resembles an indigo tortoise. its head, legs, and tail stem from a cyan, hexagonal shell. its tail has a cyan four-pointed star at its tip."
dataset/images/1025.png,"it has two forms it can take inside and outside of battle. first form resembles an upside-down peach, with a black circular face at the center and a thin, vertical line splitting its body into two halves. in its face are two white semicirc"
