Pokedex_number,ImageLocation,Caption
1,dataset/images/1.png,"Bulbasaur is a small, quadrupedal amphibian Pokémon that has blue-green skin with darker patches. It has red eyes with white pupils, pointed, ear-like structures on top of its head, and a short, blunt snout with a wide mouth. Small, pointed teeth are visible in the upper jaw when its mouth is open. Each of its thick legs ends with three sharp claws. On Bulbasaur's back is a green plant bulb that conceals two slender, tentacle-like vines, which is grown from a seed planted there at birth. The bulb also provides it with energy through photosynthesis and from the nutrient-rich seeds contained within.
"
2,dataset/images/2.png,"Ivysaur is a quadrupedal amphibian Pokémon that has blue-green skin with darker patches. On top of its head are pointed ears with black insides, and it has narrow red eyes. Ivysaur has a short, rounded snout with a wide mouth and two pointed teeth in its upper jaw. Each of its feet has three claws on them. The bulb on its back has bloomed into a giant pink bud. A short brown trunk surrounded by leafy green fronds supports the bud.
"
3,dataset/images/3.png,"Venusaur is a squat, quadrupedal amphibian Pokémon with bumpy, blue-green skin. It has small, circular red eyes and a short, blunt snout. Its mouth is wide with two pointed teeth in the upper jaw and four in the lower jaw. On top of its head are small, pointed ears with reddish-pink insides. It has three clawed toes on each foot. The bud on its back has bloomed into a large pink, white-spotted flower. The flower is supported by a thick, brown trunk surrounded by green fronds. A female Venusaur has a gynoecium in the center of its flower.
"
4,dataset/images/4.png,"Charmander is a bipedal, reptilian Pokémon with a primarily orange body and blue eyes. Its underside from the chest down and the soles of its feet are cream-colored. It has two small fangs visible in its upper jaw and two smaller fangs in its lower jaw. A fire burns at the tip of this Pokémon's slender tail, which has blazed there since Charmander's birth.
"
5,dataset/images/5.png,"Charmeleon is a bipedal, reptilian Pokémon. It has dark red scales and a cream underside from the chest down. It has blue eyes and a long snout with a slightly hooked tip. On the back of its head is a single horn-like protrusion. It has relatively long arms with three sharp claws. Its short legs have plantigrade feet with three claws and cream-colored soles. The tip of its long, powerful tail has a flame burning on it. The temperature rises to unbearable levels if Charmeleon swings its tail.
"
6,dataset/images/6.png,"Charizard is a draconic, bipedal Pokémon. It is primarily orange with a cream underside from the chest to the tip of its tail. It has a long neck, small blue eyes, slightly raised nostrils, and two horn-like structures protruding from the back of its rectangular head. Two fangs are visible in its upper jaw when its mouth is closed. Two large wings with blue-green undersides sprout from its back, and a horn-like appendage juts out from the top of the third joint of each wing. A single wing finger is visible through the center of each wing membrane. Charizard's arms are short and skinny compared to its robust belly, and each limb has three white claws. In Pokémon Red and Green, Charizard is seemingly shown holding a fireball, implying that it's capable of manipulating its flames using its hands; this is seen in media where it uses Fire Punch. It has stocky legs with cream-colored soles on each of its plantigrade feet. The tip of its long, tapering tail burns with a sizable flame, which can intensify to a blue flame if Charizard is irritated. 
"
7,dataset/images/7.png,"Squirtle is a small reptilian Pokémon that resembles a light-blue turtle. While it typically walks on its two short legs, it has been shown to run on all fours in Super Smash Bros. Brawl. It has large, purplish, or reddish eyes and a slightly hooked upper lip. Each of its hands and feet has three pointed digits. The end of its long, squirrel-like tail curls inward. Its body is encased by a tough shell that forms and hardens after birth. This shell is brown on the top, pale yellow on the bottom, and has a thick white ridge between the two halves.
"
8,dataset/images/8.png,"Wartortle is a bipedal, indigo reptilian Pokémon similar to a turtle. It has brown eyes, a dark blue streak on each cheek, and two sharp teeth protruding from its upper jaw. It has three clawed fingers and pointed toes. On each side of its head are feather-like ears covered in pale blue fur. A brown shell with a pale yellow underside encases its body. A thick, white rim separates the upper and lower halves of the shell. An older Wartortle may have scars and algae growing on its shell. Poking out of the bottom of the shell is a thick, wavy tail that also has light blue fur and cannot be fully withdrawn into its shell. Its tail fur will darken with age. Its tail symbolizes longevity and good luck, making this Pokémon popular with the elderly.
"
9,dataset/images/9.png,"Blastoise is a large, bipedal turtle Pokémon. Its body is blue and is mostly hidden by its tough, brown shell. This shell has a cream-colored underside and a white ridge encircling its arms and separating the upper and lower halves. Two powerful water cannons/jet nozzles reside at the top of its shell over its shoulders. These cannons can be extended or withdrawn. Blastoise's head has triangular ears that are black on the inside, small brown eyes, and a cream-colored lower jaw. Its arms are thick, and it has three claws on each hand. Its feet have three claws on the front and one on the back. Poking out of the bottom of its shell is a stubby tail.
"
10,dataset/images/10.png,"Caterpie is an insect Pokémon that resembles a green caterpillar with a yellow underside and teardrop-shaped tail. Yellow ring-shaped markings down the sides of its segmented body resemble its eyes and are meant to scare off predators. Its most notable characteristic is the bright red antenna (osmeterium) on its head, which releases a stench to repel predators. Despite these features and its camouflage in green foliage, Caterpie is often preyed upon by Flying-type Pokémon. Its four tiny feet are tipped with suction cups, permitting this Pokémon to scale most surfaces with minimal effort.
"
11,dataset/images/11.png,"Metapod is an insect Pokémon that resembles a green chrysalis. Its body is crescent-shaped, with several segments making up the lower point. It has two heavy-lidded eyes on the sides of its shell, while the front of its shell feature geometrically shaped portions and projections, and the back has three pointed protrusions; two veering towards the sides, and one in the middle. In certain angles, the back of a Metapod's shell resembles a face alongside the eyes on the sides, with one of the protrusions resembling a sharply pointed nose, and the tail resembling a sharply pointed chin.
"
12,dataset/images/12.png,"Butterfree is a lepidopteran insect Pokémon which resembles a vaguely anthropomorphic butterfly with a purple body. Unlike true insects, it only has two body segments and four light blue legs. The upper pair of its legs resemble small, three-fingered hands, while the lower pair resembles long, digit-less feet. Butterfree has two black antennae, a light blue snout with two fangs underneath, and large, red compound eyes. Its two pairs of wings are white with black venation. Two oval scales on a female Butterfree's lower wings are black, but they are white on a male.
"
13,dataset/images/13.png,"Weedle is a larval insect Pokémon with a segmented body ranging in color from yellow to reddish-brown. Each segment of its body is a sphere. It has a bulbous red nose, two small, black eyes on its face, and two spherical feet on each body segment. The combination of red and yellow in its color scheme creates a bright warning to predators that it is poisonous. Weedle has a conical, two-inch (five-centimeter) venomous stinger on its head and a barbed one on its tail. Weedle can retaliate against attackers and those who step on it with its strong toxin. It can distinguish its favorite kinds of leaves using its acute sense of smell. As a young Bug-type Pokémon, its daily appetite for leaves matches its weight. Weedle can be found in temperate forests and usually hide in grass, bushes, and under the leaves they eat.
"
14,dataset/images/14.png,"Kakuna is a yellow, insect cocoon-like Pokémon. Kakuna has a dome-shaped head and black, triangular eyes with glowing white pupils. It has two scythe-like arms in the middle of its body. When it comes close to evolving, its body gives off heat that makes it warm to the touch. Kakuna remains virtually immobile and waits for Evolution, often hanging from tree branches by long strands of silk. When attacked, however, it can extend its poison barbs. Kakuna nests in temperate forests and misty wooded areas. Occasionally, it will also nest at the mouth of tunnels and caves, as seen in Pokémon Snap.
"
15,dataset/images/15.png,"Beedrill is an insect Pokémon which mostly resembles a bipedal, yellow wasp; however, it only has four legs instead of six and lacks pigment pits. Beedrill's head is round with a slightly pointed mouth, large, red eyes, and black antennae with a sharp bend in the middle. Its forelegs are tipped with long, conical stingers. It stands on its other two legs, which are long, segmented, and insectoid in shape. Beedrill has two pairs of rounded, veined wings and another stinger on its yellow-and-black striped abdomen. The abdominal stinger contains Beedrill's most potent poison.
"
16,dataset/images/16.png,"Pidgey is a small, plump-bodied avian Pokémon. It is primarily brown with a cream-colored face, underside, and flight feathers. On top of its head is a short crest of three tufts. The center crest feathers are brown, and the outer two tufts are cream-colored. Just under its crest are its narrow eyes, which have white sclera and pupil and black irises. Angular black markings extend from behind its eyes and continue down its cheeks. It has a short, stubby beak and feet with two toes in front and one in back. Both its beak and feet are a grayish-pink. It has a short, brown tail made of three feathers.
"
17,dataset/images/17.png,"Pidgeotto is a raptor-like avian Pokémon. It is covered with brown feathers and has a cream-colored face, underside, and flight feathers. It has a crest of pinkish-red feathers on its head and black, angular markings behind its black eyes. The plumage of its tail has alternating red and yellow feathers with ragged tips. Pidgeotto's beak and legs are pink. Two of its toes point forward, while one points backward. Additionally, it has powerful, sharp talons that it uses to grasp prey.
"
18,dataset/images/18.png,"Pidgeot is an avian Pokémon with large wings, sharp talons, and a short, hooked beak. Its glossy plumage is mostly brown with cream-colored underparts and flight feathers. Its head has a decorated crest nearly as long as its body. The center feathers of its crest are yellow, while the outer feathers are red. The fan-like feathers of its tail are red or brown. Its beak and legs are pink, with three forward-facing toes and one backward-facing toe on each foot. Behind each eye is an angular black marking.
"
19,dataset/images/19.png,"Rattata is a small, quadrupedal rodent Pokémon. It has purple fur with a cream-colored face, paws, and underbelly. It has narrow eyes containing white sclera and pupil with red irises, rounded ears with cream-colored insides, and a single whisker on each cheek. Its long tail is tightly curled at the end. Its most notable feature is its large teeth. Like most rodents, its teeth grow continuously throughout its life and must be worn down by gnawing. This also ensures that Rattata is not awoken by the sound of its grinding teeth while sleeping. Females will have shorter whiskers.
"
20,dataset/images/20.png,"Raticate is a large, rodent-like Pokémon. Although it is often depicted on its hind legs, it is a quadruped. It is primarily tawny-colored with a cream underside. It has narrow black eyes, ears with ragged edges and dark insides, and large incisors that grow constantly. There are three whiskers on each side of its face, which it uses to maintain balance. It has short arms with three-fingered hands and webbed feet with three toes. The webbing on its feet allows it to swim. Its tail is long and scaly. Females will have shorter whiskers.
"
21,dataset/images/21.png,"Spearow is an avian Pokémon that is very small. It has rough, brown plumage on its head and three brown tail feathers. It has narrow, dark brown eyes with white pupils and a short, hooked beak that is light pink. The feathers covering its wings are pinkish-red with lighter tips, and it has a beige underside with two thin, horizontal stripes. Its light pink feet have two toes in front and one in the back. Black feathers cover its back.
"
22,dataset/images/22.png,"Fearow is a large, mostly brown avian Pokémon with a vulturine neck and broad, powerful wings. It has a long, pointed, pink beak and a decorative red coxcomb on top of its head. Its narrow eyes have very small pupils and do not appear to have colored irises. It has shaggy feathers at the base of its neck and covering the upper portion of its wings. These feathers are cream-colored, as are the tips of its flight feathers. Its sharp-clawed talons are pink, with three toes pointing forward and one pointing backward.
"
23,dataset/images/23.png,"Ekans is a purple, serpentine  Pokémon. Its eyes, underbelly, the thick stripe around its neck, and the rattle are yellow. Ekans have three pairs of black lines encircling their body, and another line connects to each slit-pupil eye and curves toward its nose. Its large mouth has a round, pink tongue and no visible teeth. While painful, a newborn Ekans's bite is not venomous. This Pokémon grows longer with age.
"
24,dataset/images/24.png,"Arbok is a serpentine Pokémon that resembles a cobra. It has narrow eyes and several sharp teeth. Just below its head is a large hood with a face-like pattern. This pattern has over 20 possible variations. The pattern typically has two red and yellow eyespots outlined in black, a wide black streak resembling an upturned mouth, and a black V-shaped stripe above the eyespots.
"
25,dataset/images/25.png,"Pikachu is a short, chubby rodent Pokémon. It is covered in yellow fur with two horizontal brown stripes on its back. It has a small mouth, long, pointed ears with black tips, and brown eyes. Each cheek is a red circle that contains a pouch for electricity storage. It has short forearms with five fingers on each paw, and its feet each have three toes. At the base of its lightning bolt-shaped tail is a patch of brown fur. A female will have a V-shaped notch at the end of its tail, which looks like the top of a heart. It is classified as a quadruped, but it has been known to stand and walk on its hind legs; therefore, Pikachu is a facultative biped.
"
26,dataset/images/26.png,"Raichu is a bipedal, rodent-like Pokémon. Even though it's classified as bipedal, Raichu usually get around on all fours. Raichu is covered in dark orange fur with a white belly. Its bifurcated ears are brown on the outside, yellow on the insides, and end in a distinctive curl. There is a circular yellow marking on each cheek where its electric sacs are, and it has a triangular, dark brown nose. Its arms and feet have patches of brown fur at the end, and the soles of its long feet are tan with a circular orange pad in the center. On its back are two horizontal brown stripes. Its long, thin tail has a lightning bolt-shaped end. This lightning bolt is chipped on females. Raichu exudes a weak electrical charge from its body and glows slightly in the dark.
"
27,dataset/images/27.png,"Sandshrew is a bipedal pholidote Pokémon (though it runs on all fours in Pokémon the Series)[1]. Its brick-patterned yellow hide is dry and tough, blends in with desert sand, and protects its soft white underbelly and muzzle. Sandshrew has blue, almond-shaped eyes, a pointed snout, and triangular ears with white insides. Its tail is thick and conical. It has two long claws on each foot and three sharp claws on its forepaws, which are used to burrow.
"
28,dataset/images/28.png,"Sandslash is a bipedal, ground-dwelling pholidote Pokémon. Although Sandslash is usually bipedal, it can run on all fours. Most of its body is yellow with a white underbelly. It has a narrow muzzle, almond-shaped blue eyes, and a thick tail. Its back is mostly covered in sharp, brown quills from its tough, dry hide. It has two large claws on its paws and feet. These claws are its primary weapons and are used for slashing, but can also be used for burrowing. Its claws and spikes can both break off, but they grow back quickly and are shed regularly. Sandslash's broken parts can be used to carve plows for tilling farm fields. The claws can become harder and smoother if they live in drier areas.
"
29,dataset/images/29.png,"Nidoran♀ is a small, quadrupedal, mammalian Pokémon. It has large, spiny ears, oversized front teeth, red eyes, and whiskers on each cheek. It is light blue with several darker blue spots. There are two white claws on each of its paws. Its back is covered with small toxic spines, and it has a small forehead horn.
"
30,dataset/images/30.png,"Nidorina is a quadrupedal, sky-blue mammalian Pokémon with dark-blue patches. It has red eyes, large, spiny ears, and two pointed teeth protruding from its upper jaw. It possesses large poison spikes, which it retracts whenever it is with a group, feeding its children,  or resting in its burrow. Its paws have three claws each, and it is able to stand on its hind legs. The hind legs are longer and thicker than its forelegs. It has a stubby tail. Nidorina is a female-only species.
"
31,dataset/images/31.png,"Nidoqueen is a large, bipedal blue mammalian  Pokémon with distinct reptilian features. Its body is encased with extremely hard scales that serve as excellent protection from any attack and stand up when Nidoqueen is excited or provoked. It has a blunt snout, narrow brown eyes, and large ears with brown insides. There is a small horn on its forehead, a single spine on each ear, and a line of toxic spikes running down its back. Each hand has three short claws, and each foot has two claws. Its lower jaw, the front of its abdomen, and two plates on its chest are cream-colored. It has a thick, powerful tail. Nidoqueen is a female-only species. As stated in An Illustrated Book of POCKET MONSTERS, it cannot lay Eggs as it loses the ability to do so upon evolution.
"
32,dataset/images/32.png,"Nidoran♂ is a small, quadrupedal, mammalian Pokémon. It is pinkish purple with darker patches. It has large, spiny ears with teal insides, oversized front teeth, and red eyes. Its back is covered with three lines of large spines that can release potent poisons if threatened. The center line of spines is taller than the other two. The size of the long, pointed horn on its forehead is indicative of the strength of its venom. Nidoran♂ is a male-only species.
"
33,dataset/images/33.png,"Nidorino is a light-purple, quadrupedal mammalian Pokémon. It has several darker purple patches across its body. It has large, spiny ears with teal insides, narrow black eyes, and a long snout with two pointed teeth protruding from the upper jaw. Nidorino has a ridge of toxic spines on its back and a long, pointed horn on its forehead. The horn is harder than a diamond and can secrete poison on impact. The more adrenaline Nidorino has in its body, the more potent the poison is. Its short legs have three claws on each foot. Nidorino is a male-only species.
"
34,dataset/images/34.png,"Nidoking is a large, bipedal, purple mammalian Pokémon with distinct reptilian features. It has narrow eyes, large, spiny ears, fur-like tufts on its cheeks, and a short snout filled with pointed teeth. A long, venomous horn is on its forehead and a ridge of spines down its back. Gray plates cover its chest and belly, with a gray, rounded spine on each elbow. Each hand has three claws, while each foot has only a single hoof-like nail. It has a long, powerful tail. Nidoking is a male-only species.
"
35,dataset/images/35.png,"Clefairy is a bipedal, pink Pokémon with a chubby, vaguely star-shaped body. A small, pointed tooth protrudes from the upper left corner of its mouth. It has wrinkles beside its black, oval eyes, a single dark pink oval marking on each cheek, and large, pointed ears with brown tips. A tuft of fur curls over its forehead, much like its large, upward-curling tail. Each stocky arm has two small claws and a thumb on each hand, and both feet have a single toenail. There is a pair of tiny, butterfly-shaped wings on its back. Though incapable of flight, Clefairy's wings can store moonlight and allow it to float.
"
36,dataset/images/36.png,"Clefable is a tall, pink Pokémon with a vaguely star-shaped body. It has long, pointed ears with dark brown tips and black, oval eyes with wrinkles on either side. A curled lock of fur hangs over its forehead, much like its long, tightly curled tail. On its back is a pair of dark pink wings; each wing has three points. Its hands have three fingers each, and its feet have two clawed toes and dark pink soles.
"
37,dataset/images/37.png,"Vulpix is a small, quadrupedal, canine Pokémon. It has a red-brown pelt with a cream-colored underbelly. It has brown eyes, large, pointed ears with dark brown insides, and a triangular dark brown nose. Its paws are slightly darker than the rest of its pelt and have light brown paw pads. On top of its head are three curled locks of orange fur with bangs, and it has orange tails with curled tips. It is most commonly seen with six tails. However, Vulpix is born with only a white tail that splits as Vulpix grows. The tails grow hot as Vulpix approaches Evolution.
"
38,dataset/images/38.png,"Ninetales is a quadrupedal canine Pokémon covered in thick, luxurious golden-white fur. It has a small mane of thicker fur around its neck and a long, fluffy crest atop its head. It has slender legs with three-toed paws and nine long tails with pale orange tips. It has red eyes, pointed ears, and a triangular black nose.
"
39,dataset/images/39.png,"Jigglypuff is a pink Pokémon with a spherical body. It has pointed ears with black insides and large, blue eyes. It has small, stubby arms and slightly longer feet. On top of its head is a curled tuft of fur. Its body is filled with air, and, as seen in Pokémon Stadium, Jigglypuff can deflate until it is flat. It can float by drawing extra air into its body, as demonstrated in Super Smash Bros.
"
40,dataset/images/40.png,"Wigglytuff is a balloon-like Pokémon with leporine features, a bean-shaped body and stubby arms and legs. A fluffy, curled tuft of fur on its head is described as perfectly heavenly. It has long, rabbit-like ears with black insides and a slightly lighter color at the tips. Its large, blue eyes are covered in tears that quickly wash away debris. It is covered in pink fur with a white belly. This fine layer of fur is so soft that those who touch it, including other Wigglytuff, will not want to stop. As a result, Wigglytuff is a highly sought-after Pokémon because of its bouncy body and fur. It sheds seasonally, and people gather the fur to spin into yarn. It is proud of its fine and delicate fur.
"
41,dataset/images/41.png,"Zubat is a blue, chiropteran Pokémon. While it lacks eyes, it has pointed ears with purple insides and a mouth with two sharp teeth on each jaw. A male will have larger fangs than a female. It has purple wing membranes supported by two elongated fingers and two long, thin tails.
"
42,dataset/images/42.png,"Golbat is a large, blue, chiropteran Pokémon with purple wing membranes. It has small eyes with slit-like pupils, along with tiny triangular ears with purple insides, and a massive mouth with two fangs in each jaw. The fangs are smaller on a female Golbat. While its mouth seems to be otherwise empty, Golbat occasionally displays a long, purple tongue. It has short legs with long, tiny feet. Despite this, Golbat can walk skillfully on the ground.
"
43,dataset/images/43.png,"Oddish is a Pokémon that resembles a blue plant bulb or a root vegetable. It has a round body, beady red eyes, a small mouth, and ovoid feet. Five large, green leaves sprout from its head. As demonstrated in the Pokémon the Series episode Foul Weather Friends, these leaves are prehensile and can be used to scale vertical surfaces and catch light objects. When defeated in the Pokémon Stadium series, Oddish's leaves fall off its head. Known by the scientific name Oddium Wanderus, Oddish lives in grasslands.
"
44,dataset/images/44.png,"Gloom is a blue, bipedal Rafflesia-like  Pokémon with rudimentary hands and feet. On its head is a flower with spherical petals surrounded by four reddish-brown leaves. The petals are a dark reddish-brown and have white spots. A female displays a single large spot on each petal, while a male will have many smaller spots. Gloom's eyes are wide and often appear closed and its lips are thin and purple.
"
45,dataset/images/45.png,"Vileplume is an indigo, bipedal  Rafflesia-like  Pokémon with rudimentary hands and feet. It has beady red eyes and a small mouth, and its head and torso are a single joined segment. On its head is a massive red flower with five bulky petals and an orange-brown center. Vileplume's flower is said to have the largest petals in the world and is almost too heavy for the Pokémon itself to support. The rounded petals of the flower are red and covered with white spots. A female Vileplume has fewer, but larger, spots on its petals. When defeated in the side series games, Vileplume's body appears to either deflate or withers while the flower remains.
"
46,dataset/images/46.png,"Paras is an orange, insectoid Pokémon that resembles the nymph stage of a cicada. Its ovoid body is segmented, and it has three pairs of legs. The foremost pair of legs is the largest and has sharp claws at the tips. There are five specks on its forehead and three teeth on either side of its mouth. It has circular eyes with large pseudopupils.
"
47,dataset/images/47.png,"Parasect is an orange, insectoid Pokémon that has been completely overtaken by the parasitic mushroom on its back. It has a small head with pure white eyes and a segmented body that is mostly hidden by the mushroom. It has three pairs of legs with the foremost pair forming large pincers. The fungus growing on its back has a large red cap with yellow spots throughout.
"
48,dataset/images/48.png,"Venonat is an insect Pokémon with a spherical body covered in purple fur. The fur releases a toxic liquid and it spreads when shaken violently off their bodies. A pink pincer-like mouth with two teeth, stubby forepaws, and a pair of two-toed feet are visible through its fur. Its limbs are light tan. There is also a pair of white antennae sprouting from the top of its head. However, the most prominent feature on its face are its large, red compound eyes. Venonat's highly developed eyes act as radar units and can shoot powerful beams.
"
49,dataset/images/49.png,"Venomoth is a lepidopteran insect Pokémon whose body is varying shades of purple. Its head and thorax are both light purple, and it has bulbous, round, light blue eyes, a small mandible, and a three-point crest on its head. Tucked close to its thorax are three pairs of tiny, whitish legs. Its abdomen is paler with several black, zigzagging stripes encircling it. It has two pairs of pale purple moth-like wings with thin black venation. Its official artwork and various TCG cards depict the wings as translucent.[1]
"
50,dataset/images/50.png,"Diglett is a tiny, brown Pokémon that seems to be perpetually buried within the earth, leaving only its head visible. Its small stature makes it both the lightest and shortest Ground-type. It has beady black eyes and a large, round, pink nose. A Diglett in Pokémon Mystery Dungeon: Red Rescue Team and Blue Rescue Team mentions that it has feet, though their size and appearance are unknown. It spends much of its time underground and has very thin skin. If Diglett is exposed to sunlight, its blood will heat up and cause it to grow weak.
"
51,dataset/images/51.png,"Dugtrio is a set of Diglett triplets sharing a single body, although no one knows what its body looks like since it's perpetually buried underground. Each head is incredibly tough with a smooth surface, and has brown skin, black eyes, and a large, round, pink nose. Dugtrio's three heads think the same thoughts and act cooperatively, though on rare occasions may fight over which head gets to eat first. In order to make burrowing easier, each head will bob up and down to loosen the soil. Dugtrio can tunnel under the earth at 60 mph (100 km/h) to a depth of 60 miles (100 kilometers), triggering tremors and earthquakes. It is capable of burrowing endlessly. Dugtrio lives in tunnels and caves under the earth. Dugtrio is considered important for agriculture as its digging aerates the soil and makes it suitable for farming. As shown in the Pikachu short Pikachu's Rescue Adventure, Dugtrio sometimes lives in hollow trees in forests. It maintains the soil and plants trees to revitalize wooded areas. As mentioned in Pokémon Sleep, the three triplets of Dugtrio is known to sleep together, never separating from each other. The trio's teamwork remains strong even when sleeping.[1]
"
52,dataset/images/52.png,"Meowth is a small, feline Pokémon with cream-colored fur that turns brown at the tips of its hind paws and tail. Its ovoid head features four prominent whiskers, wide eyes with slit pupils, two pointed teeth in the upper jaw, and a gold koban coin embedded in its forehead. Its ears are black with brown interiors and are flanked with an additional pair of long whiskers. Meowth can freely manipulate its claws, retracting them when it wants to move silently. The tip of its tail curls tightly. Meowth is a quadruped with the ability to walk on its hind legs. While the games almost always depict Meowth on two legs, it is stated in the Pokémon the Series episode Go West Young Meowth that Meowth normally walks on all fours.
"
53,dataset/images/53.png,"Persian is a large, quadrupedal, feline Pokémon. Its fur is pale tan with the exception of its black-rimmed ears. It has a short muzzle with a small, black nose, red eyes with slit pupils, rounded ears, a pair of pointed teeth in its upper jaw, and three whiskers on either side of its face. Its thick whiskers are very sensitive to changes in air movements, enabling it to detect its prey by movement alone. In the center of its forehead is a red jewel. Its long tail has a distinctive curl at the end. Persian communicates with body language and holds its tail upright to signal its intention to pounce. It has long legs and three-toed paws with retractable claws. Persian's lithe muscles also enable it to walk without making a sound.
"
54,dataset/images/54.png,"Psyduck is a yellow Pokémon resembling a duck or a bipedal platypus. On top of its head are three thick strands of black hair, and it has a wide, flat cream-colored beak. Psyduck's eyes seem vacant and have tiny pupils. Its legs and tail are stubby, and it has cream-colored webbed feet. There are three claws on each of its hands.
"
55,dataset/images/55.png,"Golduck is a blue, bipedal, duck, or platypus-like Pokémon. It has red eyes, a cream-colored beak, a red gem in the center of its forehead, and four spikes on the back of its head. Its hands and feet all have three clawed digits with cream-colored webbing in between. Its body is specially adapted to have a hydrodynamic shape, and it has a long tail that it uses as a rudder to steer. Golduck is sometimes mistaken for the Japanese monster, and the physical inspiration for Golduck, the Kappa due to its general humanoid shape, beak, and webbed hands and feet.
"
56,dataset/images/56.png,"Mankey is a small, simian Pokémon, similar to a New World monkey. It is bipedal and has a round body covered in whitish, shaggy fur. Its nose is similar to a pig's snout, and it has narrow, red eyes and triangular ears with brown insides. Mankey's three-fingered hands, two-toed feet, and the tip of its curved, prehensile tail are brown.
"
57,dataset/images/57.png,"Primeape is a bipedal, simian Pokémon with a round body covered in light beige, shaggy fur. There is usually a throbbing vein on the left side of its forehead, and it has triangular ears with pink insides, narrow eyes with tiny pupils, and a pink, snout-like nose. Its arms and legs are brown and have metal shackles on the wrists and ankles. This is probably indicative of a method of training with weights. The hands have no visible fingers, instead resembling mittens or boxing gloves, and the feet have two toes.
"
58,dataset/images/58.png,"Growlithe is a quadrupedal canine Pokémon. It has orange fur with black stripes along its back and legs. The fur on its muzzle, chest, belly, and tail is beige, as is an additional tuft of fur on top of its head. Growlithe's coat is noticeably longer on its chest and tail. It has gray eyes, a black nose, and large, round and triangular ears with beige interiors. Its forepaws have two visible claws, while its hind paws have three toes each. Each paw has a brown pad.
"
59,dataset/images/59.png,"Arcanine is a quadrupedal, canine Pokémon with an orange pelt marked by jagged black stripes. It has diamond-shaped ears with beige insides, black eyes, a round, black nose, and two pointed teeth protruding from its upper jaw. Its head, muzzle, and chest are covered in shaggy, beige fur, except for two oval sections around each eye and ear. Long tufts of fur grow behind its elbows and around its ankles. Its underside is black, and it has a billowing, beige tail that is bent in the middle. Each paw has three toes and a round, pink pad.
"
60,dataset/images/60.png,"Poliwag is an amphibian Pokémon resembling a blue, spherical tadpole. It has large eyes and pink lips that can also act as suction cups for rocks. Its skin is very thin, but flexible and difficult to puncture. There is a black and white swirl on its abdomen, which is actually its internal organs showing through its semitransparent skin. The swirl is clearer following a meal and will have a white tinge if the Pokémon is affected by disease. The direction of the belly spiral differs by area; the equator is thought to have an effect on it.
"
61,dataset/images/61.png,"Poliwhirl is a blue, bipedal amphibian Pokémon with a spherical body. It has bulbous eyes that protrude from the top of its head. A black and white swirl covers its belly, which is actually its organs showing through its thin skin. It appears to have white gloves on its hands and rounded, digit-less feet. When out of water, it sweats to keep its skin moist and healthy. This keeps it covered in an oily fluid that allows it to slip away from enemies. All of its skin feels this way except where its swirl is, which is instead very smooth. The swirl on its belly undulates slowly and staring at it induces drowsiness.
"
62,dataset/images/62.png,"Poliwrath is a blue, bipedal amphibian Pokémon with a round body and muscular arms. It has bulbous eyes that protrude from the top of its head and its belly is covered by a white and black swirl. There appear to be white gloves on its hands, and it has rounded, digit-less feet.
"
63,dataset/images/63.png,"Abra is a bipedal mammalian Pokémon that is primarily yellow. Its face is kite-shaped with a small, pale yellow snout and two short, pointed ears with pale yellow interiors. Its wide eyes are normally closed. Abra's body is segmented with black skin visible between its joints and along its neck. It has two brown, pauldron-shaped extensions on its shoulders, as well as a brown, fauld-like piece around its chest. It has three digits on each hand and foot, but its fingers are considerably shorter than its toes. Two of its toes face forward and one faces backward. Its tail is thick and long, with a brown band located near the tip.
"
64,dataset/images/64.png,"Kadabra is a primarily yellow, slightly humanoid Pokémon with mammalian features. It has two long, pointed ears on top of its head, a red star on its forehead, narrow, deep-set eyes, and wide cheeks leading down to a thin snout. Extending from each side of its snout are two mustache-like tufts of fur; a male will have a longer mustache than a female. Kadabra's torso is segmented with bulky shoulders, a thick, brown chest, and a small abdomen marked by three red, wavy lines. Attached to the Pokémon's abdomen is a large, thick tail encircled with a brown band near its base. Its arms are thin with brown elbows and end in three-fingered hands with white claws. Its legs have prominent knees and large, three-toed feet, also ending in white claws. Two of its toes face forward and one backward. Kadabra is always seen carrying a silver spoon, which amplifies its telekinetic powers. A gold spoon does not work as an amplifier and Kadabra is only half as strong without a spoon.
"
65,dataset/images/65.png,"Alakazam is a slightly humanoid Pokémon with a large mustache. A female Alakazam has a significantly shorter mustache than a male. It has a long, thin snout, narrow eyes, ear-like spikes extending from the top of its head, and an additional spike protruding from each cheek. Covering its yellow, skeletal body are brown armor-like sections over its chest, shoulders, forearms, and knees. There are three toes on each foot, each of which has a white claw. Two of the toes face forward, while one faces backwards. It wields a silver spoon in each hand, which act as amplifiers for its psychic abilities. The spoons are created using its psychic powers and it may give one to someone it trusts. According to its Pokémon Ultra Moon Pokédex entry, anything eaten with the spoon becomes delicious.
"
66,dataset/images/66.png,"Machop is a humanoid, bipedal Pokémon that has blue-gray skin. It has three brown ridges on top of its head, large red eyes, and a relatively flat face. On either side of its chest are three, thin, rib-like stripes. Its feet appear to have no toes, while its hands have five fingers. Machop also has a short, stubby tail.
"
67,dataset/images/67.png,"Machoke is a bipedal, humanoid Pokémon covered in blue-gray skin (purple prior to Generation VI). It has a vaguely reptilian face with a short snout, narrow red eyes, and four pointed teeth visible inside its mouth. Two of these teeth are in the upper jaw, while two are in the lower jaw. On top of its head are three brown ridges. Its arms are muscular with dark red, vertical stripes on them. The lower part of its body has black markings that resemble briefs.[1] It is always seen wearing a black and gold power-save belt resembling a championship belt. It possesses large pectoral muscles that protrude slightly over its belt.
"
68,dataset/images/68.png,"Machamp is a humanoid Pokémon with four well-muscled arms. It has bluish-gray skin, red eyes, and large, pale, yellow lips. On its head, there are three brown ridges right above its eyes. It has two arms on each side of its body: a pair located in the normal position, and another pair directly above that attaches on the top of the shoulders. It has black markings that resemble briefs[1] and wears a golden power-save belt that resembles a championship belt. Its legs have considerable muscle tone, and its feet have two toes each.
"
69,dataset/images/69.png,"Bellsprout is a plant-based Pokémon with a stem-like brown body. There is a single green leaf on each side of its body. It has a yellow bell-shaped head with what appear to be pink lips at the end and beady black eyes. It is capable of spitting corrosive acid from its mouth. Its stem is long, thin and very flexible, making it capable of swerving rapidly to avoid many attacks or moving with blinding speed to capture prey. Its roots resemble feet, and it uses them as such. 
"
70,dataset/images/70.png,"Weepinbell is a pitcher plant Pokémon with a yellow, bell-shaped body. Above Weepinbell's circular eyes are three small green spots and a small, brown hook-shaped stem. It has wide, gaping mouth with pink lips. On each side of its body is a large, green leaf. 
"
71,dataset/images/71.png,"Victreebel is a pitcher plant Pokémon with a bell-shaped body. It has a gaping mouth with pink lips and two sharp teeth. Its semicircular eyes appear directly under its mouth and it has several dark green spots on its body. On either side of its body is a large green leaf. Covering Victreebel's mouth is a leaf with a long, brown, yellow-tipped vine growing out of it. The vine is flicked to mimic an animal in order to attract prey. Victreebel also produces a sweet scent to further aid in luring its victims. Acid that has dissolved numerous prey animals becomes sweeter and even more effective at attracting prey.
"
72,dataset/images/72.png,"Tentacool is a small, cnidarian Pokémon. It has a light blue, clear body with two large, transparent, red, crystalline eyes on each side of its body and one small one in the middle. Near the base of its body is a pointed, beak-like projection and two eyes with small pupils. There are two grayish tentacles extending from beneath its round lower body, which has a cape-like formation on the back.
"
73,dataset/images/73.png,"Tentacruel is a large, cnidarian Pokémon. It has a clear, light blue body with two large, red orbs on either side and a smaller orb in the center. Its eyes are visible in its round lower body, which is black. Extending from its lower body are two blue, beak-like appendages and numerous grayish tentacles. Its red orbs glow whenever it is excited or agitated, communicating with its own kind, and it may alert others to danger by stridently flashing them. They are also capable of refracting sunlight, storing energy, and firing ultrasonic waves.
"
74,dataset/images/74.png,"Geodude is a brownish-gray boulder Pokémon. It has bulging, rocky eyebrows, trapezoidal eyes with brown pupils, and a wide mouth. Its arms are muscular with five-fingered hands. Geodude uses its arms to climb steadily up steep mountain paths. As a result of their physical appearance, Rhyperior sometimes mistake this Pokémon for actual boulders and fire them through their hands.
"
75,dataset/images/75.png,"Graveler is a bipedal, boulder Pokémon. Its round body is covered with small bumps and it has a rocky crest above its small eyes and mouth. It has four arms, each with a three-fingered hand. Its second pair of arms is typically kept tucked against its chest. It was shown in Pokémon Snap that, despite having legs, it can revert to a legless form. This grants it the ability to float.
"
76,dataset/images/76.png,"Golem is a bipedal tortoise-like boulder Pokémon with a spherical body covered by a shell of plated, green rocks. Its body is so hard that even dynamite cannot scratch it. Its head protrudes from the center of the shell. The head has a flat snout with two pointed teeth in the lower jaw and red eyes. It has short arms that have three claws and two legs with feet that have four claws in front and one in back. The head and limbs are light brown. 
"
77,dataset/images/77.png,"Ponyta is an equine Pokémon with cream-colored fur that resembles a foal/filly. It has brown eyes and triangular ears with reddish interiors. Yellow and reddish-orange flames make up its mane and tail. The mane forms a short crest on top of its head and a short strip down its back to its tail. Additional flames are present behind its elbows and knees. The fire appears about an hour after hatching. It has four long legs, each ending in a single, gray hoof. These hooves are said to be ten times harder than diamonds and act as shock absorbers.
"
78,dataset/images/78.png,"Rapidash is an equine Pokémon with cream-colored fur and a pointed horn on its forehead. It has small, red eyes and triangular ears with reddish interiors. Yellow and reddish-orange flames stream from the back of its head to form a long, flowing mane. A short version of the mane trails down its back to its equally fiery tail. Flames are also present on its fetlocks. It has slender legs, each with a single black hoof.
"
79,dataset/images/79.png,"Slowpoke is a pink Pokémon that resembles a cross between a salamander and a hippopotamus. It has vacant eyes that never seem focused, curled ears, and a rounded, tan muzzle. It has four legs, each of which ends in a single white claw. Its long, tapering tail has a white tip. This tail drips a sweet, sappy substance that is attractive to many species of fish. Slowpoke uses the tail as a fishing lure. The tail often breaks off, but it will grow back. Slowpoke tails are considered a delicacy and commonly used as a cooking ingredient: in Alola, they are often dried and used in home-cooked stews, while in Galar, they are smoked and packaged as a curry ingredient. Slowpoke is also known to dive underwater to hunt, but is often itself caught instead.
"
80,dataset/images/80.png,"Slowbro is a bipedal, pink Pokémon with a tan, striped belly and a rounded, tan muzzle. It has large, vacant eyes, curled ears, and two small pointed teeth protruding from its upper jaw. It has three clawed fingers on its hands and two clawed toes on its feet. There is a Shellder attached to its tail. This Shellder has a gray, spiral shell with darker gray spots and small, triangular eyes near the base. There are several spikes across the surface of the Shellder, and it holds onto Slowbro with many sharp teeth. Shellder developed its spiral form in an effort to suck more sweetness out of Slowbro's tail. If its tail or the Shellder attached to it is broken off, Slowbro will revert to its unevolved form, Slowpoke.
"
81,dataset/images/81.png,"Magnemite is a seemingly robotic Pokémon that has a gray, spherical metal body, with blue-and-red tipped horseshoe magnets on each side and a single, large eye. It has three Phillips head screws on its body: two near the bottom of its body and the one on top of its head that looks similar to an antenna. The two bottom screws serve no noticeable purpose, although they may be its feet as the Pokédex identifies a footprint similar to that of the screw's head. Even though Magnemite and its evolved forms are mechanical creatures, it is shown in the Pokémon the Series episode Get Along, Little Pokémon that it has emotions and a way of reproducing. In The Poké Spokesman, it exhibited the need to eat, although its main form of nutrition are electrical currents. It is commonly found in locations such as power plants or caves with a strong magnetic field. Despite its modern, artificial appearance, Magnemite has been depicted in carvings discovered at the Ruins of Alph. It has also been present in AZ's retelling of the Kalos war, indicating it has existed for at least 3,000 years.
"
82,dataset/images/82.png,"Magneton is a robot-like Pokémon, the result of three Magnemite becoming linked together by a strong magnetic force, although a single Magnemite can evolve by itself when there are no other Magnemite in the vicinity. Each individual Magnemite has a gray spherical body with a single eye, and a gray and red-and-blue tipped horseshoe magnet on each side. The topmost Magnemite has three Phillips head screws on its body, while the others appear to have only two. The three Magnemite that Magneton consists of can be linked in several ways. Magneton is most commonly seen as one Magnemite on top, and two Magnemite linked by the screws on the bottom, forming a triangle. In some cases, commonly seen in 3D games such as Pokémon Snap, the Magnemite will not be connected at all, remain in a triangular formation at rest, and are able to freely move within each other's vicinity to form other patterns. In this case, all three Magnemite have three screws. The magnetic forces that hold the three Magnemite together are powerful enough to dry up all moisture and raise the temperature by 3.6 °F (2 °C) within a radius of 3,300 feet (one kilometer). It can also be disruptive to electronic devices and induce earaches. It uses powerful radio waves to help it study the surrounding area.
"
83,dataset/images/83.png,"Farfetch'd is an avian Pokémon that resembles a light brown duck with a white underbelly. It has a flat, yellow beak, brown eyes, a V-shaped black marking on its forehead (similar to a unibrow), and a three-feather crest on top of its head. Its wings are as big as its body and appear to be prehensile enough to substitute for hands. It has yellow legs with webbed feet and a stubby tail.
"
84,dataset/images/84.png,"Doduo is a two-headed, bipedal avian Pokémon. Each head has a long sharp beak and two beady black eyes. It has a bristly, down-like covering of brown feathers on its body and both heads. A male has black flexible necks, whereas a female has brown necks; both genders have brown legs. Each foot has four digits ending in a sharp claw. Both heads have an identical brain. However, it is believed that on occasion they may possess different brains. It is also theorized that the two heads communicate with some form of telepathy for coordination. Even when sleeping or nourishing itself with food and water, one head is usually awake and alert and keeps a keen eye out for enemies. The two heads switch turns every hour or so, with both only sleeping at the same time when they feel completely safe. Both heads have the same genes and battle together in perfect sync.
"
85,dataset/images/85.png,"Dodrio is a large, wingless, three-headed avian Pokémon. Each head has a long, sharp beak and a black V-shaped, feather crest. It has bristly brown feathers covering its head and upper body, while its lower half has a smooth layer of black feathers. Its tail consists of three pale red feathers with lighter tips. Its wingless body rests on two long and slender, but powerful legs with feet that have three clawed toes in front and one in back. A male has black necks, whereas a female has brown necks; both genders have brown legs.
"
86,dataset/images/86.png,"Seel is a pinniped Pokémon with a thick hide covered in bluish-white fur. It has a pale tan canine maw with a large red tongue and a pair of tusks on its lower jaw. It has circular eyes, prominent black eyebrows (it’s one of the few Pokémon that has eyebrows) and a black nose that is capable of closing when it swims. There is a small horn on its forehead, which it uses in combination with its tusks to bore through ice floes. It has two flippers on its chest, and two more on the end of its tail. When the tail is raised, it resembles a waterspout.
"
87,dataset/images/87.png,"Dewgong is a pinniped Pokémon with a snowy white, furry body. Its fur renders it virtually invisible in snowy conditions. Its face has two black eyes, a black nose, and two tusks extending from its upper jaw. It has a streamlined body with two front flippers and a long flowing tail. Even in extremely cold and ice-packed waters, its tail allows it to be a swift and agile swimmer at speeds of 8 knots. On top of its head is a sharp horn, which allows it to cut through the thickest ice floes.
"
88,dataset/images/88.png,"Grimer is a slimy, amorphous Pokémon, born from sludge in dirty streams or seabeds that are exposed to lunar radiation. It has two large eyes with beady pupils and a gaping mouth with a gray tongue. While it lacks any visible legs, it does have two arms with three digits on each hand. Its purple sludge body contains a variety of pungent bacteria, which are so potent that it renders soil barren and incapable of supporting plant life. It is constantly oozing a bacteria-rich fluid from all parts of its body. Should it run out of internal germs, Grimer will die. Pieces of it often break off during travel and go on to become new Grimer. When combined with another Grimer, it produces new poisonous compounds.
"
89,dataset/images/89.png,"Muk is a large, sticky, amorphous Pokémon made of living purple sludge. It has two small eyes with beady black pupils. It also has an enormous mouth with a gray tongue and strands of ooze connecting its top and bottom jaws. While it has no visible legs, it does have two arms with three fingers on each hand. However, it typically keeps one hand tucked in while it extends the other hand.
"
90,dataset/images/90.png,"Shellder is a bivalve mollusk Pokémon encased within a spiky, blue-violet bivalve shell. It has two round white eyes with tiny black pupils. Its long, red tongue, usually hidden due to the darkness of Shellder’s body, extends from its often closed mouth. Shellder uses this tongue to burrow into the sand to sleep overnight and to lure and capture prey. If it were to close its shell, nothing could come to it; however, the tongue protrudes even when its shell is shut. Tugging on it will cause the shell to pop open. Its soft and tender body is well-protected by its extremely durable shell, which is purported to be harder than diamonds and has historically been used by people to make shields. It can make pearls from accumulated sand, though it discards them as they are typically in its way. 
"
91,dataset/images/91.png,"Cloyster is a black bivalve mollusk Pokémon. It is encased inside a light-gray shell, which is surrounded by a second jagged, blue-violet outer shell casing. It has one barb-like spike protruding from above its head, and multiple conical horns on its outer shell. Its shell is harder than a diamond with spikes that are even harder; harsh tidal currents will affect the size and sharpness of these spikes. On its pearl-like face, it has two white eyes and a mouth. Aside from its face and head, its internal anatomy has never been seen. Once it has shut itself in, it is impossible to open its shell from the outside. This impressive defense allows it to withstand anything from a bomb blast to even a missile strike.
"
92,dataset/images/92.png,"Gastly has no true form, due to 95% of its body being poisonous gas, with the other 5% believed to be made up of the souls of those who died from the gas. However, it consistently appears as a black, spherical Pokémon surrounded by a purple haze. Gastly has a wide, pink mouth with two visible fangs. Though its eyes seem to extend past its round body, visible eyelids surround them.
"
93,dataset/images/93.png,"Haunter is a purple Pokémon with a gaseous body. It has a round head flanked by three large, spiked protrusions on either side. It has triangular eyes with small pupils and a mouth with a long, pink tongue. The gases composing its head curve into its mouth to form several pointed teeth. Disembodied hands with three clawed fingers each float in front of its body. Its body tapers into a jagged tail. Haunter's gaseous form makes it one of the lightest Pokémon in existence.
"
94,dataset/images/94.png,"Gengar is a dark purple, bipedal Pokémon with a roundish body. It has red eyes, a wide mouth that is usually curled into a sinister grin, and pointed ears. On its back are numerous spikes and it has smaller spikes on top of its head similar to tufty fur. Its arms and legs are short with three digits on both its hands and feet. It also has a stubby tail.
"
95,dataset/images/95.png,"Onix is a Pokémon composed of a giant chain of gray boulders that become smaller towards the tail. Its length makes it the tallest Rock-type Pokémon. It has black eyes and a rounded snout. On top of its head is a rocky spine. As it grows older, it becomes more rounded and smoother, eventually becoming similar to black diamonds. Inside its brain is a magnet that serves as an internal compass, guiding Onix wherever they need to go and prevents them from getting lost while digging.
"
96,dataset/images/96.png,"Drowzee is a bipedal Pokémon that resembles a tapir. It has tired-looking eyes, a short trunk above its mouth, and triangular ears with brown interiors. The upper half of Drowzee's body is yellow and the lower half is brown. A wavy line separates the two halves. It has a round belly and short legs. Its feet are brown, except for its two toes, which are yellow. The bottom of each foot has a small, round, pink pad in the middle of it. There are three fingers on each of its hands. Drowzee is believed to have a common ancestor with Munna and Musharna.
"
97,dataset/images/97.png,"Hypno is a bipedal, slightly humanoid Pokémon that has yellow skin. It has triangular ears with brown interiors, sleepy-looking eyes, and a large nose. On its neck, it has a ruff of white fur, which is longer on the female. Hypno has five fingers on each hand and holds a pendulum in its left. The pendulum resembles a flat, silver ring and is used for hypnotism. Hypno is never seen without it. It has three toes on each foot, which also have a pink pad on the undersides.
"
98,dataset/images/98.png,"Krabby is a crustacean Pokémon with a strong outer shell protecting its small body. Its upper half is red and has its eyes and two small spikes on the top of its head. Its light tan arms are also connected to its upper body. Its lower body is light tan and doubles as its jaw with two fangs overlapping its upper body. Its hips are visible on the lower front of its body connected to its four long, thin legs. Each leg has a single, claw-like foot. The main features of Krabby's body are the two large, red pincers at the end of its arms. Krabby uses them as its main form of offense, and as a form of balance. Sometimes, Krabby may lose a claw during battle or have a damaged claw forcibly removed. However, the claw regenerates over a short period.
"
99,dataset/images/99.png,"Kingler is a crustacean Pokémon resembling a crab. Its strong shell covers the outside of its body, featuring a red upper half and a light tan lower half. Its upper half is topped with six tall, thin spikes that resemble a crown. Its light tan arms are also connected to its upper body. Its lower half doubles as its jaw with six fangs overlapping its upper body. Its two outer fangs are much larger than the inner four and are roughly half as tall as Kingler's entire body. Its hips visibly protrude from its lower body and connect to its four long, thin legs. Each leg has a single, claw-like foot. Kingler's main features are its orange pincers. Its left claw is roughly twice as large as the other and is as hard as steel.
"
100,dataset/images/100.png,"Voltorb is a spherical Pokémon that resembles a buttonless Poké Ball with eyes. The top half is red, while the bottom half is white. Because of its resemblance to Poké Balls, it is thought that it was created when one was exposed to an energy pulse. This is supported by the fact that its components do not occur naturally.
"
101,dataset/images/101.png,"Electrode is a round Pokémon resembling an upside-down Poké Ball with a smile mouth, black slit eyes, prominent black eyebrows that are usually depicted with an angry expression and eyes. Its top half is white, while its lower half is red. The Pocket Monsters Carddass Trading Cards depict Electrode as hollow.
"
102,dataset/images/102.png,"Exeggcute is a Pokémon resembling a group of six light pink ""eggs"", usually seen arranged with five heads huddled around a sixth. Each ""head"" has a slightly different facial expression, but each face has triangular eyes with tiny black pupils and a small mouth. Each shell has some cracks, and one member of the bundle usually has its yellow insides or brain exposed. More numerous cracks are a sign that it is close to evolution. Despite looking like eggs, Exeggcute is actually more closely related to plant seeds. It is believed to carry genes of plants and other species.
"
103,dataset/images/103.png,"Exeggutor is a tall, bipedal Pokémon that resembles a coconut tree or palm tree. Its body and legs are light brown with thin black rings and its legs are thick with two-toed feet. There is a light yellow paw pad on each foot's underside. It has thin, green leaves sprouting from the top of its body. Exeggutor has three round, light yellow heads that resemble coconuts, each with different facial expressions.
"
104,dataset/images/104.png,"Cubone is a small, bipedal, dinosaur-like reptilian Pokémon with a light brown hide that covers most of its body, except for its cream-colored belly. Two small claws, one on each hand, serve as its thumbs, and one large nail on each foot make up its toes. It has two small spikes on its back and a short tail. On its head, Cubone wears the skull of its dead mother as a helmet. Because of this, much of its actual face has never been seen, except for its triangular, black (sometimes green or blue) eyes and a small area surrounding them, and in its Bandai Namco card a bit of its mouth, where it has a pair of a few sharp teeth and a long pink tongue. The skull has two rounded horns on the top of its head and a tooth-like point on the lower sides. Under the skull, Cubone has a brown snout. This small Pokémon survives only through the immense skill it possesses in wielding the bone it carries as a weapon.
"
105,dataset/images/105.png,"Marowak is a bipedal Pokémon with light brown skin and a cream-colored underside. Two small claws, one on each hand, serve as its thumbs, and one large nail on each foot makes up its toes. It has a short tail with a small spike near the tip. Marowak's head is composed of the skull it once wore as a mask. It can no longer remove the skull, which has become part of its body. The skull has two pointed spikes on the back similar to ears and tiny nostrils on the tip of the snout. Marowak's triangular, brown eyes are also located in the skull. 
"
106,dataset/images/106.png,"Hitmonlee is a humanoid Pokémon with an ovoid body. Lacking a distinct neck and head, its upper torso has almond-shaped eyes with black space around them and appears to lack a nose and mouth. Primarily brown, it has cream-colored, segmented arms and legs. Each hand has three fingers and each foot has three clawed toes. The soles of its feet and its ankles have circular, yellow pads. Hitmonlee is an exclusively male species with no female counterpart.
"
107,dataset/images/107.png,"Hitmonchan is a tan, humanoid Pokémon that is exclusively male and has no female counterpart. There are five blunt protrusions on top of its head, and it has structures resembling pads over its shoulders. It appears to be wearing a light purple tunic and kilt, as well as red boxing gloves and light purple boxing shoes. The gloves are actually masses of muscle. In between the tunic and kilt is a small, black area.
"
108,dataset/images/108.png,"Lickitung is a bipedal amphibian Pokémon with a round body and a thick, powerful tail. It has soft, pink skin with curved yellow lines on its belly and a yellow ring marking on each knee. It has a thumb-like claw on each hand and a single large nail on each foot. There is a yellow spot on its palms and the soles of its feet. It has beady eyes and a long, prehensile tongue, with nerves that extend its entire length. The tongue is likely connected to its tail, which twitches and retracts when the tongue is pulled.
"
109,dataset/images/109.png,"Koffing is a spherical Pokémon filled with toxic gases. It has vacant eyes and a wide mouth that usually has two pointed teeth in the upper jaw. However, a full set of teeth is shown in the Pokémon the Series: Black & White episode Rocking the Virbank Gym! Part 1. Below its face is a cream-colored skull-and-crossbones marking. Several geyser-like protrusions, which usually release a mustard-colored gas, cover this Pokémon's body. Koffing's purple skin is very thin, and over-inflation can cause it to explode. The Pocket Monsters Carddass Trading Cards depicts Koffing as having a hollow body.
"
110,dataset/images/110.png,"Weezing is a purple Pokémon consisting of two spherical heads connected by a thin tube with another sphere in the center. The heads have different sizes and features. The left head is larger and has prominent eyebrows, pointed teeth protruding from its lower jaw, and two flat teeth in its upper jaw. The smaller, right head simply has two pointed teeth, one at each corner of its mouth. The larger head has a cream-colored skull-and-crossbones marking below its face, while the smaller head has a ring marking instead. It is covered with many geyser-like protrusions, which usually expel mustard-colored gases. Weezing is said to form when poisonous gases pool and two Koffing fuse over many years. Very rarely, two Koffing can become a Weezing in a short time span because of a sudden mutation. Triplet Weezing have been discovered, although they are extremely rare.
"
111,dataset/images/111.png,"Rhyhorn is a rhinoceros-like Pokémon with a body covered in gray, rocky plates. Its underside and rear are smooth, and it has four short legs with two claws on each foot. It has a triangular head with narrow, red eyes, two fangs protruding from its upper jaw, small, triangular openings on the upper sides, and a short horn on the tip of its snout. A female will have a shorter horn than a male. A spiked ridge runs along its back. In addition to its rocky hide, its bones are a thousand times harder than human bones.
"
112,dataset/images/112.png,"Rhydon is a large, gray, bipedal Pokémon with features similar to both dinosaurs and rhinoceroses. It has narrow, red eyes and two fangs in its upper jaw. On the tip of Rhydon's snout is a cream-colored horn, which is smaller on a female than on a male. There are several other spikes and projections on its head: on top is a spike that curves forward, two triangular points resembling ears on the sides, a wide, wavy crest under each ear, and spiky ridges on each cheek. It has a cream-colored abdomen divided into strips by thin divots. A rocky plate on its chest slightly overlaps its abdomen. There is a row of spikes down its back and they have a long tail with thin, black stripes.
"
113,dataset/images/113.png,"Chansey is a pink, ovoid Pokémon with stubby arms and dark pink feet. It has tiny eyes and three hair-like growths on each side of its head. The tufts of hair have dark pink tips. On the center of its belly is a dark pink pouch that contains a single white egg. The egg is said to be very nutritious and it lays several new ones every day. Finally, it has a short tail. Chansey is a female-only species with no male counterpart.
"
114,dataset/images/114.png,"Tangela is a plant Pokémon covered by blue, seaweed-like vines that obscure its face. There is a small opening in the vines that reveals its eyes surrounded by a black space. The vines give Tangela a round shape, but it is unknown what it looks like without them. Its vines are covered in fine hair and are always growing. If damaged or lost, replacements are grown. There is a pair of red boot-like feet poking out from under the vines, but no visible arms.
"
115,dataset/images/115.png,"Kangaskhan is a large, bipedal marsupial Pokémon that vaguely resembles a kangaroo. It has a brown hide with several raised patches and a cream-colored belly. It has large, cream-colored ears, narrow, red eyes, and a short, rounded snout with two fangs in the back of its upper jaw. On top of its head is a thick, black plate. There are epaulette-like growths over its shoulders and a row of spikes down its back. It has three clawed digits on each hand and foot and a thick tail. On its belly is a pouch that contains a baby Kangaskhan. Unlike its parent, the baby is light purple and has smooth skin. Kangaskhan is a female-only species with no male counterpart.
"
116,dataset/images/116.png,"Horsea is a light blue, piscine Pokémon that is similar to a seahorse. It has red eyes, a long, tubular mouth, and three spike-like fins on either side of its head. Its ridged belly and single dorsal fin are cream-colored. Highly adept in the water, it uses its dorsal fin to swim in any direction while facing forward. It has a tightly curled tail that it can use as both a balance and an anchor when caught in a strong current. In safer environments, it uses its tail to play with other members of its species.
"
117,dataset/images/117.png,"Seadra is a light blue, piscine Pokémon that is similar to a seahorse with a cream-colored belly covered in rough scales. It has a long, tubular mouth, narrow, black eyes, a fin-like ridge above each eye, and spiny pectoral fins. It also has a large, coiled tail. It has a pair of dorsal fins with sharp, cream-colored tips that exude venom. Seadra's venom is toxic enough to induce numbness and even fainting in humans, but it is still prized among practitioners of traditional medicine.
"
118,dataset/images/118.png,"Goldeen is a white piscine Pokémon with orange markings. It has circular blue eyes with orange lids and prominent pink lips. On its forehead is a large horn, which is larger on a male than on a female. It has a small, wavy dorsal fin surrounded by an orange patch and long pectoral fins with orange markings at the bases. Goldeen's billowing tail fin is orange around the base and turns white toward the edges. Its tail is admired by many for its beauty and similarity to a ballroom dress.
"
119,dataset/images/119.png,"Seaking is a primarily orange-and-white, piscine Pokémon. It has round, dark eyes, prominent pink lips, two small fangs, and a cream-colored horn in the center of its forehead. A female will have a smaller horn than a male. Most of its body is orange with a patch of white under its mouth and along its underside. There are several black markings on its body: two thick lines under each eye, a large wavy patch on its back, and several speckles near its tail. It has billowing pectoral fins and a pair of tail fins shaped like butterfly wings, all of which are white speckled with black. However, its dorsal fin is pure white and rigid.
"
120,dataset/images/120.png,"Staryu is a golden-brown, echinoderm Pokémon with faceted skin and five appendages. These appendages surround an exterior organ called the core. The core resembles a golden metal casing with a red gem in the center, which is held in place by a golden ring looped around Staryu's lower left point. Staryu have no jointed limbs to speak of, instead using their psychic powers to move themselves around. If any of Staryu's appendages are lost or eaten by predators like Lumineon, it is unharmed and can grow them back with ease provided the core is still intact.
"
121,dataset/images/121.png,"Starmie is an echinoderm Pokémon that resembles two violet starfish with faceted skin and five appendages each. The front starfish has a golden formation in the center. In the center of the golden casing is its red jewel core, an exterior organ which can glow in seven colors and has developed to resemble a cut precious stone. The second starfish is semi-attached to the back of the first and can spin 360 degrees. This rotational action is how Starmie swims through the ocean. It can also launch itself out of the water and fly through the air for short periods, as seen in Pokémon Snap. 
"
122,dataset/images/122.png,"Mr. Mime is a bipedal, humanoid Pokémon. Blue growths resembling clown hair extend from the sides of its pale pink head, and there is a magenta circle on each cheek. Its jaw is curved inward, resembling the mouth of a wooden dummy. It has a round, white body with a magenta spot in the middle, light pink arms and legs that connect to its body via magenta spheres, and small white coverings over its knees. Its white hands resemble gloves with magenta pads on the tips of its white fingers and its dark blue feet curl upward at the tips.
"
123,dataset/images/123.png,"Scyther is a bipedal, insectoid Pokémon. Its body is primarily green and has a thin, cream-colored section between its head, thorax, and abdomen. Female Scyther have larger abdomens than male Scyther. Its reptilian head has two narrow, triangular eyes and three blunt horns extending from its forehead. Its arms end in large, white scythes, which it uses for both hunting and fighting. Two pairs of cream-colored wings extend from its back. While these wings do allow Scyther to fly, it rarely does so. Scyther's thighs have large, upward-pointing spikes. Its feet are tall, rounded, and conical, almost extending to its thighs; each foot ends in three small, white claws on its front side.
"
124,dataset/images/124.png,"Jynx is a bipedal, humanoid Pokémon that resembles a woman. It has a purple face, pink lips, saucer-like eyes, and long blonde hair. It wears a red gown with two gold circlets on the chest. While the Pokémon the Series episode Stage Fight! showed it to possess feet, the games show only blackness under the dress, and it lacks a footprint. Despite this, it is able to learn the kicking move Triple Axel. It has white arms and five-fingered purple hands. Jynx is a female-only species with no male counterpart.
"
125,dataset/images/125.png,"Electabuzz is a slightly humanoid Pokémon with a few feline traits. It has antennae with bulbous tips where its ears should be, two long tufts of fur on top of its head, small eyes, and two large fangs in its upper jaw. It is covered in yellow fur with many black stripes. There is a large, lightning bolt-shaped stripe on Electabuzz's chest, a V-shaped stripe on its forehead, one stripe on its side, a thick stripe down its back, two bands on each leg, several broken bands on each arm, and many rings around its long tail. There are three clawed toes on each of its feet, two in front and one in back, and five fingers on each hand.
"
126,dataset/images/126.png,"Magmar is a bipedal Pokémon that has a red body with yellow flame designs along the bottom half. It has a puckered tan beak, small eyes, and two lumps on its forehead with a yellow flame on top of each one. Rigid, red scales cover its arms and it has five, clawed fingers on each hand. Magmar's shoulders and thighs are yellow, and its red feet have two, clawed toes each. It has black, metal shackles around its neck and ankles. Down its back is a row of red spikes, and there is a flame at the tip of its tapering, yellow tail.
"
127,dataset/images/127.png,"Pinsir is a bipedal, coleopteran insectoid Pokémon with a wide, dull-brown body divided into segments by thin lines. On top of its head is a large pair of gray, spiky pincers on top of its head. In its mouth are many long, flat teeth arranged horizontally and it has triangular eyes. Capable of seeing color to some degree, Pinsir appears to be attracted to the color green. Its legs are short and thick, while its arms are long and thin. It has three claws on each hand and foot; two of its toes face forward and one backward.
"
128,dataset/images/128.png,"Tauros is a quadrupedal, bovine Pokémon. It is covered in light brown fur with a thick, darker brown mane around the neck. It has a hump on its shoulders, a rounded muzzle with a dark brown nose, small, triangular eyes, three gray bumps running vertically down its forehead, and a pair of curved, gray horns growing from atop its head. Each of its three black tails has a tuft of fur on the end, and there is a single gray hoof on each foot. Tauros is a male-only species.
"
129,dataset/images/129.png,"Magikarp is a piscine Pokémon with large, heavy reddish-orange scales. It has large, vacant eyes and pink lips. Its pectoral and tail fins are white. On its back is a stiff, three-peaked yellow fin, resembling a crown; there is an identical fin on its underside. It also has long barbels. The barbels are white on a female and pale-yellow on a male. A long-lived Magikarp is able to utilize its immense splashing power to leap high enough to scale mountains. It also has a strong enough immune system to survive in the most polluted of waters. However, it is usually overlooked by Trainers because of its perceived weakness: even in the heat of battle, it will do nothing but flop around. It is believed that the ancestors of Magikarp were actually much stronger than modern Magikarp, and this led scientists to research this species.
"
130,dataset/images/130.png,"Gyarados is a piscine, draconic Pokémon with a long serpentine body covered in slightly overlapping scales. It is mostly blue with a yellow underbelly, and it has a row of yellow spots down each side. Its mouth is very large and gaping, bearing four pointed teeth and yellow lips. It has one pair of barbel and a small white fin on each side of its face. The barbels are white on a female and blue on a male. It has small, red eyes, a three-pointed, dark blue crest on its head, and four white, spiky dorsal fins. Gyarados's tail fin is similar in structure to the crest on its head, except with a thin, white fin spread between the points.
"
131,dataset/images/131.png,"Lapras is a marine reptilian Pokémon that resembles a plesiosaur. It has a blue hide with darker blue spots and a cream-colored underside. It has large brown eyes, a short horn on its forehead, and tightly curled ears. It has a long neck and four flippers. The foremost flippers are larger than the hind. On its back is a heavy, gray shell covered in blunt knobs.
"
132,dataset/images/132.png,"In its natural state, Ditto is a light-purple or pink blob-like Pokémon with vestigial facial features. It is often referred to as amorphous, but has a relatively consistent appearance in official artwork, including two small nubs on its ""head"", a few soft lumps at its base, and two pseudopod-like protrusions in place of arms. The face consists of beady eyes and a simple mouth; almost always pulled into a smile.
"
133,dataset/images/133.png,"Eevee is a small, mammalian, quadrupedal Pokémon with primarily brown fur. The tip of its bushy tail and its large furry collar are cream-colored. It has short, slender legs with three small toes and a pink paw pad on each foot. Eevee has brown eyes, long pointed ears with dark brown interiors, and a small black nose.
"
134,dataset/images/134.png,"Vaporeon is a Pokémon that shares physical traits with both aquatic and land animals. Vaporeon's body is light blue with a dark blue marking around its head and a spiky ridge down its spine. It has black eyes and a tiny black nose. There is a white fin encircling its neck and three fins with cream-colored webbing on its head. Two of these fins are on either side of its head, similar to ears; and one is directly on top of its head, resembling a dorsal fin. Vaporeon is a quadruped with three small toes on each foot and dark blue paw pads on the hind feet. Its split tail fin has been mistaken for a mermaid's in the past and is believed to be the origin of mermaid folklore. It can detect moisture with its fins, which vibrate when sensing incoming rain.
"
135,dataset/images/135.png,"Jolteon is a quadrupedal, mammalian Pokémon. It is covered in yellow fur with a spiky fringe around its tail and a white ruff around its neck. Its ears are large and pointed with black interiors, and its eyes and small nose are black. It has slender legs and small paws, each with three toes and a pink paw-pad.
"
136,dataset/images/136.png,"Flareon is a mammalian, quadrupedal Pokémon covered in short, reddish-orange fur. It has long ears with black interiors, dark eyes, and a small black nose. There are three small toes and a yellow paw pad on each foot. Fluffy yellow fur forms a small tuft on its head, as well as its bushy tail and a mane around its chest and neck.
"
137,dataset/images/137.png,"Porygon is an artificial Pokémon made completely out of programming code. It has a pink, polyhedral head that ends in a blue beak and has hexagonal eyes, and it has a pink polyhedral body with a blue front, blue triangular prism feet, and a blue rectangular prism tail. In 3D games, such as Pokémon Stadium, it can open its beak and can detach its limbs and head from its torso. According to its Pokédex entries, it has copy protection built into its code, preventing duplication through electronic means. It was created in 1995 by Silph Co.,[1] but documents at Silph Co. claim it was created at the Pokémon Lab on Cinnabar Island using the state-of-the-art technology of its time. Because it was created decades ago, many of its parts have since become obsolete. It was the first artificial Pokémon to have ever been created through computer programming. In ancient Hisui, people were confused about Porygon and its Evolutions due to them arriving through space-time distortions and being the product of far more advanced technology than what was available at the time.
"
138,dataset/images/138.png,"Omanyte is a small extinct cephalopod mollusk Pokémon similar to an ammonite or nautilus. It has a sky blue body with ten tentacles and a pale yellow, helix-spiraled shell on its back. The shell's rim has two circular indents where Omanyte's large saucer-like eyes protrude. If attacked or threatened, it quickly withdraws into its hard shell.
"
139,dataset/images/139.png,"Omastar is a cephalopod mollusk Pokémon similar to an ammonite or nautilus. Its sky blue body has several tentacles; the tentacles toward the front are shorter and thicker than those in the back. There is a pale yellow, helix spiraled shell on its back. Several sharp spikes line the shell's midsection from the front to about halfway down its back. The shell's rim has two circular indents where Omastar's eyes are visible. Its eyes have yellow sclerae and vertically-slit pupils. It has an oval mouth with a four-sectioned, fang-like beak.
"
140,dataset/images/140.png,"Kabuto is a small arthropod Pokémon resembling a horseshoe crab. It is mostly flat with a protective, brown shell covering its body. There are two small, black eyes on top of its shell, which it uses for sight when it hides on the ocean floor. Underneath the shell is a black space that hides the structure of its main body. Only its four short, yellow legs and a second pair of luminescent red eyes are visible on its underside. In its original time, Kabuto was prominently found on beaches, likely aided by its fast and powerful swimming ability. While it is commonly believed to be extinct, isolated populations of Kabuto have been unchanged for 300 million years.
"
141,dataset/images/141.png,"Kabutops is a bipedal prehistoric arthropod Pokémon with a skeletal, well-armored build. It has a flat, half-circular head with a point on each side and two small eyes on the front. It is mostly brown, except for its light gray chest and abdomen. There is a ridge down its back with three flat spines on either side and it has a flat, pointed tail. Instead of hands, its forearms have large, sharp, gray scythes. Its thin legs are brown lead to small feet with two large gray claws.
"
142,dataset/images/142.png,"Aerodactyl is a reptilian, bipedal prehistoric Pokémon that resembles a pterosaur with several draconic features. It has small sharply pointed ears, narrow dark green eyes, a ridged snout, a gaping mouth, and a strong lower jaw full of serrated fangs. Its body is covered in light blue-gray skin and it has large, violet membranous wings. The clawed hands at the end of each wing allow it to grasp objects. There is a hump-like ridge with a spike on its back, and it has a strong tail with an arrow-shaped tip. Its talon-like feet have two toes in front and one in the back, and are capable of scooping up and tightly clutching its prey in flight.
"
143,dataset/images/143.png,"Snorlax is a huge, bipedal, dark blue-green mammalian Pokémon with a cream-colored face, belly, and feet. Its body is composed of mostly its belly, as its limbs are comparatively small. Its head is large with small, pointed ears, and two pointed teeth protruding from its lower jaw. It has round feet, which both have three claws and a circular brown paw pad, and short arms with five claws on each hand. Snorlax's bulk makes it the heaviest Normal type.
"
144,dataset/images/144.png,"Articuno is a large avian  Pokémon with predominantly sky blue plumage and wings said to be made of ice. On its forehead is a crest that consists of three, darker blue rhombus-shaped feathers. It has circular red eyes, a short gray beak, and long, thin gray legs. Each foot has three forward-facing digits and one facing backward. On its chest is a mass of white, downy feathers. Its long, streamer-like tail is longer than its body and the same shade of blue as its crest. Its appearance is so beautiful that, as stated in An Illustrated Book of POCKET MONSTERS, those who see it will die rooted to the spot.
"
145,dataset/images/145.png,"Zapdos is a large, avian  Pokémon with predominantly yellow plumage. It has small, triangular eyes with black around them and a long, thin, light orange beak. Its wings and tail are a mass of spiky feathers and there are black feathers covering the back of its wings and inner tail feathers. A large crest of spiked feathers surrounds its head. Its thighs are tan, and it has thin, light orange legs. It has feet with three forward-facing toes and one backward-facing toe; each toe has a short talon. 
"
146,dataset/images/146.png,"Moltres is a large, avian Pokémon with a light yellow plumage. It has a long, flowing head crest and a billowing tail, both made of reddish flames. Additionally, its wings are also shrouded in fiery plumage. It has a long, thin neck, a pointed, brown beak, and small, triangular eyes. Its thin, brown legs have anisodactyl feet, with three forward-facing digits and one facing backward. 
"
147,dataset/images/147.png,"Dratini is a reptilian Pokémon with a blue serpentine body and a white underside. It has white, three-pronged fins on the sides of its head and a white bump on its forehead, which is its horn growing. Above its round, white snout are oval, purple eyes.
"
148,dataset/images/148.png,"Dragonair is a long, serpentine reptilian Pokémon with sky blue scales and a white underside. It has a rounded snout, oval purple eyes, and a small, white horn on its forehead. On each side of its head is a small, stylized wing, which is white and curves into a swirl at the base. Three blue, crystal orbs adorn its body: one on its neck and two on its tail.
"
149,dataset/images/149.png,"Dragonite is a draconic, bipedal reptilian Pokémon with light orange skin. It has large, grayish-green eyes and a round snout with small nostrils. A pair of long, thin antennae sprout from the top of its head with a small horn set between them. Its striated underbelly is cream-colored and extends from its neck to the tip of its long, tapering tail. It has thick arms and legs ending in three claws each. The leg joints are well defined, while its arms have a smooth, rounded appearance. Dragonite's wings are small relative to its body with teal wing membranes. As mentioned in Pokémon Sleep, Dragonite is known to sleep soundly while displaying its belly.[1] This rare sight is said to be an exhausted Dragonite resting after flying over the vast seas.
"
150,dataset/images/150.png,"Mewtwo is an artificial Pokémon. It is a bipedal, humanoid Pokémon with some feline features. Its body is primarily gray with a long, purple tail and a large purple underbelly. On top of its head are two short, blunt horns, and it has purple eyes. A tube extends from the back of its skull to the top of its spine, bypassing its neck. It has a defined chest and shoulders, which resemble a breastplate. The three digits on each hand and foot have spherical tips. Its tail is thick at the base but thins before ending in a small bulb.
"
151,dataset/images/151.png,"Mew is a pink, bipedal Pokémon with mammalian features. It has a rounded, wide snout; triangular ears; and large, blue eyes. It has short arms with three-fingered paws and large hind paws with oval markings on the soles. Its tail is long and thin with an ovoid tip. Its fur is so fine and thin, it can only be seen under a microscope.
"
152,dataset/images/152.png,"Chikorita is a small, pale-green, quadrupedal Pokémon with dark-green buds around its neck. Its head is large in proportion to the rest of its body, and it has big red eyes. Chikorita has four short legs with a single nailed toe on each and a stubby tail. On top of its head is a large, green leaf that is usually longer than its body.
"
153,dataset/images/153.png,"Bayleef is a quadrupedal, pale-yellow reptilian Pokémon that resembles a sauropod dinosaur. It has a long neck, red eyes, a short, rounded snout, and a stubby tail. Each foot has a single, light gray nail. Sprouting from its forehead is a green leaf that curves back over its head and around its neck are a series of tightly curled leaves. Inside the leaves are small tree shoots. 
"
154,dataset/images/154.png,"Meganium is a quadrupedal, pale-green reptilian Pokémon that resembles a sauropod dinosaur. It has a long neck; yellow eyes; a short, blunt snout; and two stamen-like antennae on top of its snout. The antennae are shorter on a female than on a male. Encircling Meganium's neck are large, pink flower petals with a yellow central pattern and white edges. It has three claws on each foot and a stubby tail.
"
155,dataset/images/155.png,"Cyndaquil is a small, bipedal mammalian Pokémon with bluish fur on top of its body and cream-colored fur on its underside. Its eyes are usually seen closed, and it has a long, thin snout. Its arms are short, but its legs are slightly more developed and have a single nail on each foot. On its back are four red circles that can erupt into flames. When the flames are burning, its back has the appearance of being covered in spines.
"
156,dataset/images/156.png,"Quilava is a quadrupedal Pokémon with a long and slender body. The top half of its body is a dark blue-green, while its underside is cream-colored. It has triangular ears with dark red interiors, a rounded snout, and triangular red eyes. Each of its paws has three toes. It has five red spots on its body that can project flames: two arranged vertically on its forehead and three lined up horizontally on its rear.
"
157,dataset/images/157.png,"Typhlosion is a bulky mammalian Pokémon with a long, yet agile body. It is classified as a quadruped, but it is capable of bipedal movement. Most of its body is cream-colored, but its back and the top of its head are a dark green-blue. It has a short, rounded snout and small, triangular eyes and ears. When its mouth is open, its sharp canine teeth and thick tongue are visible. Each of its paws has five digits and there is a coarse, spiky fringe of fur along its rear. Across the back of its neck, several red spots can produce fire.
"
158,dataset/images/158.png,"Totodile is a bipedal, crocodilian Pokémon with well-developed jaws. It has red eyes with ridges above them, black markings around its eyes, and several sharp teeth. On its chest is a yellow, V-shaped marking that extends to its arms; there is a thin line through the center of the marking. Totodile has five fingers and three toes. Down its back is a row of three red spines with a small, red ridge on either side. The tip of its tail has a single red spine as well.
"
159,dataset/images/159.png,"Croconaw is a bipedal, crocodilian Pokémon. It has well-developed, rounded jaws with two fangs visible in the corners of the lower jaw even when closed. Its eyes are red with black markings around them. There are three clusters of red spikes on its body: one with three points on top of its head, one with two points between its shoulders, and a diamond-shaped one near the tip of its tail. While most of its body is blue, its lower jaw is yellow and there is an asymmetrical, yellow-and-blue pattern around its chest that resembles a spotted animal skin.
"
160,dataset/images/160.png,"Feraligatr is a bulky, bipedal, crocodilian Pokémon with blue scales. It has large, powerful jaws lined with several sharp fangs. Three teeth are visible when its jaws are closed: two in its lower jaw and one in its upper jaw. Its eyes are red with black markings around them and ridges above them and its lower jaw is yellow. There are three red spines on its body, each with three points: one on top of its head, one between its shoulders, and one near the tip of its tail. There are also several groups of large, rectangular scales on its arms, knees, tail, and waist. Its back is slightly hunched with ridges behind the shoulders and hips. On its lower body is a yellow, V-shaped marking that extends up to its thighs; there is a thin line through the center of the marking. Its arms have five clawed fingers each, and its feet three clawed toes.
"
161,dataset/images/161.png,"Sentret is a small mammalian Pokémon covered in brown fur. It has long, dark brown ears with dark pink interiors, beady black eyes, and a small mouth. While it is capable of standing on its hind legs, it typically moves on all fours. It has a round body with wide arms and two small feet. On its belly is a white ring and there are dark brown stripes around its tail.
"
162,dataset/images/162.png,"Furret is a long, slim-bodied mustelid Pokémon with cream-colored fur and dark brown rings along the length of its body. The back of its head and neck are also dark brown; this marking extends to below its arms where the first ring is formed. It has cream-colored tips on its ears, two brown, whisker-like markings on each cheek, and round, black eyes. Its four limbs are stubby; the forepaws are brown and the hind paws are cream-colored. Furret is capable of standing on its hind legs but prefers to move on all fours. Its body and tail are so similar in structure that it is impossible to tell where its tail begins.
"
163,dataset/images/163.png,"Hoothoot is an avian Pokémon that resembles an owl with a round body. Most of its feathers are brown, but its belly is cream-colored. It has large, red eyes; a small, pinkish beak; stubby wings; and a fan-like tail with three feathers. Encircling its eyes are black rings; the lower rims of each ring have three protrusions that resemble the teeth on a gear, while the upper rims have extensions that resemble the hands of a clock. As seen in the Pokémon Journeys: The Series episode Finding a Legend!, Hoothoot's feathers can grow to be shaggy, and the protrusions on its head droop. It has two pinkish feet, each with five-clawed toes. However, it will typically only stand on one foot at a time and alternates between the two at speeds too difficult to track with the naked eye.
"
164,dataset/images/164.png,"Noctowl is an avian Pokémon that resembles an owl. It has light brown plumage with a darker brown pattern of triangles on its chest. Its fan-like tail is the same dark brown, while its wings are a slightly lighter shade of brown with light brown undersides. It has red eyes with black rings around them and a second, cream-colored ring around the first. Above its eyes are bushy, cream-colored feather ""horns"" that resemble large eyebrows. Its small beak and talons are pinkish, and its feet are cream-colored with three toes facing forward and one backward. As seen in the Pokémon the Series episode Throwing in the Noctowl, an elderly Noctowl can grow a small beard.
"
165,dataset/images/165.png,"Ledyba is a coleopteran insectoid Pokémon that resembles a ladybug. Its elytra are red with five black spots; this pattern differs slightly for each individual. The wings themselves are transparent. Its main body and lower jaw are yellow, while the rest of its head is red. It has large, round white eyes with big black pupils and a pair of black antennae. The antennae are shorter on the female of this Pokémon than on the male. It has six black legs with white hands that resemble boxing gloves.
"
166,dataset/images/166.png,"Ledian is a coleopteran  insectoid Pokémon that resembles a slightly humanoid ladybug. It has a pair of black antennae, a black spot in the center of its forehead and on the back of its head, blue eyes, and a cream-colored area around its mouth; the rest of its head is red. The antennae are shorter on the female than on the male. Its back and the top of its elytra are red with black spots, while the underside of its body and elytra are cream-colored; in Mewtwo Returns, the spots are shown to flash red at night. Underneath its elytra are a pair of clear wings. Its neck and limbs are black. It has four arms with white hands that resemble boxing gloves and a pair of legs with red feet.
"
167,dataset/images/167.png,"Spinarak is a green arachnid Pokémon that resembles a spider. It has black eyes with white pupils, a white horn on its forehead, and a pair of red mandibles. On the back of its abdomen are two black dots and a line that resembles a face; the face on its back can change expression.[1] There is an additional line encircling the end of its abdomen. It has three pairs of yellow legs, each with a black band around the middle.
"
168,dataset/images/168.png,"Ariados is a red arachnid Pokémon that resembles a spider. It has purple eyes, a pair of white mandibles, and a white horn on its forehead. Around its abdomen are two black stripes and there are two black spots and a yellow spinneret on its rear. The spots and spinneret together form a pattern similar to a face. Ariados can produce thread from both its spinneret and its mouth. It has four yellow legs with two purple bands each; on its back are yellow structures similar to its legs with a single purple stripe each. Its feet are tipped with tiny hooks that allow it to climb ceilings and vertical walls.
"
169,dataset/images/169.png,"Crobat is a purple, chiropteran Pokémon with a small, round body. It has long, pointed ears, yellow eyes with red pupils, and a small mouth that usually has its teeth bared. On its body are two pairs of wings: an upper pair that is slightly larger and a lower pair that developed from its hind legs. Both pairs have green-blue membranes, but the lower pair's membranes are only visible from the back. The upper wings have two claw-like fingers near the middle. On the bottom of its body are what appear to be a pair of stubby feet or tufts of fur.
"
170,dataset/images/170.png,"Chinchou is a small, piscine Pokémon with a round, blue body. It has large yellow eyes with pupils shaped like plus signs, a pair of semi-transparent, light blue pectoral fins, and stubby feet. Positioned on Chinchou's rear, where its tail would be, are a pair of antennae that curve up and over its head. The antennae developed from fins and have yellow, teardrop-shaped orbs at the tips.
"
171,dataset/images/171.png,"Lanturn is a blue piscine Pokémon resembling an anglerfish. It has big, red eyes with a yellow mask-like marking around them and small, light blue pectoral fins. The lower half of its tailfin is yellow with jagged edges. On its back is a Y-shaped antenna with a spherical orb at each tip; this antenna is a modification of its dorsal fin. 
"
172,dataset/images/172.png,"Pichu is a small, ground-dwelling rodent Pokémon with pale yellow fur. Its ear-tips, collar, and tail are black and angular. Pichu's pink cheek pouches can store small amounts of electricity, and its tiny nose looks like a dot. Pichu is classified as a quadruped, but it can walk easily on its hind legs.
"
173,dataset/images/173.png,"Cleffa is a small, pink Pokémon that is vaguely star-shaped in appearance. Its ears are completely brown. Cleffa has two small black eyes and a small mouth, and it appears to have a small, permanent blush on its cheeks. It possesses stubby arms and legs, which have no defined digits and come to a point. It has a curl on its forehead and a curled-up tail.
"
174,dataset/images/174.png,"Igglybuff is a small, bipedal balloon-like Pokémon that is completely pink. Its body can turn deep pink when the temperature increases, or when it sings continuously. It has a rounded tuft of hair on top of its head, a small swirl-like pattern on its forehead, and red eyes. Igglybuff has small, stubby limbs, and is usually seen levitating in the air. Rather than walking, this small Pokémon bounces like a ball to move around, as its body is extremely soft and elastic — although it may not be able to stop if it does this. As Igglybuff moves, it secretes sweat with a sweet fragrance, which calms the emotions of its foes.
"
175,dataset/images/175.png,"Togepi is a small, light-yellow Pokémon with a rounded, egg-shaped body. After hatching from its Egg, Togepi's body remains encased in its eggshell. That shell has a white base color, and rounded, mostly unfilled shapes (with thick borders that are either red or blue) dot the shell on all sides. Sticking out of its shell, Togepi has stubby, rounded cone arms and round feet with two toes each. Togepi has thin, black, oval eyes with thin, black arcs on their outer sides. Its head has five round-tipped, conical spikes that seem to form a crown. It also has semi-oval, brown pads on the soles of its feet.
"
176,dataset/images/176.png,"Togetic is a dainty, bipedal Pokémon that is small in stature. It is white with a red and blue triangular ring pattern on its body. It also has a relatively long neck and long legs and a pair of wings on its back, giving it a vaguely angelic appearance. Togetic is capable of levitating itself without needing to flap its wings.
"
177,dataset/images/177.png,"Natu is a tiny, mostly green avian Pokémon with a nearly spherical body colored in accents of red, yellow, and black. It possesses brightly colored, yellow-and-red wings with thick black stripes. The wings are small and not fully-grown, thus making it unable to fly. However, it can hop and climb tree trunks. Natu has a red crest on the top of its head, and its three-toed feet and three tail feathers are red as well. Natu also has almond-shaped eyes and a yellow beak.
"
178,dataset/images/178.png,"Xatu is a green, trogon-like Pokémon with long, red-and-black tipped white wings that cover most of its front. Underneath its wings are designs that resemble red eyes. Along with its main green coloration, Xatu's design has accents of black, yellow, and red. There is an extra set of yellow stripes on a male Xatu. It has almond eyes, a long, slightly hooked beak, and two long, red feather crests. Xatu's feet have only two toes, one in front and one in back. Xatu's design is similar to a totem pole or a kachina doll.
"
179,dataset/images/179.png,"Mareep is an ovine Pokémon with fluffy cream-colored wool covering its entire body, as well as a curly tuft of wool in the middle of its head. Its head is blue, and it has black eyes. Its four feet are blue and have two digits on each foot, and it appears to be on tiptoe at all times. Its conical ears and tail have a yellow-and-black striped pattern. Mareep has an orange sphere at the end of its tail, which acts like a small light bulb. This sphere glows brighter the more electricity and heat it has.
"
180,dataset/images/180.png,"Flaaffy is a pink, bipedal, ovine Pokémon. It has thick, conical ears with black stripes on the sides of its head and small, blue eyes. A white mane of wool covers its head and upper body. This mane forms sideways curls on the top of its head. It has stubby arms and one nail on each foot. Flaaffy's long tail has black stripes and is tipped with a blue orb.
"
181,dataset/images/181.png,"Ampharos is a yellow, bipedal ovine Pokémon with a white belly. It has conical ears with black stripes and a red orb on its forehead. Its long neck has several black rings around it near the base. Its stubby arms resemble flippers and each foot has a single white nail. It has a long, black-striped tail with a red orb at the tip. The orb on its tail can shine so bright, that it can be seen from space. People have used the light as a beacon, or to send signals across the ocean. Ampharos is generally found in grasslands, though it can also be found in farms alongside its pre-evolved forms Mareep and Flaaffy. As mentioned in Pokémon Sleep, the tail light of a sleeping Ampharos can sometimes seen in the distance at night.[2]The reason is due to Ampharos forgetting to turn off its tail light before going to sleep.
"
182,dataset/images/182.png,"Bellossom is a primarily green flowering plant Pokémon with circular blue eyes and red markings on its cheeks. It has two bright red Rafflesia-like flowers on its head and green and yellow leaves around its waist that resemble a skirt, all adding to the appearance of a hula dancer. Bellossom's petals are said to be more beautiful the worse the aroma of the Gloom it evolved from. When it rubs the petals on its head together, it creates a pleasing sound. Bellossom does not possess feet; in the Pokémon the Series episode Flower Power, its center-most leaves bent as it was getting ready to spring, suggesting that it uses its leaves as substitutes for feet or legs. However, the Pokédex does classify it as a biped.
"
183,dataset/images/183.png,"Marill is a small, blue, bipedal semi-aquatic rodent Pokémon. It has a nearly spherical shape with a white belly and it has round ears with red insides. These sensitive ears can detect distant sounds. Marill's arms and feet are short and possess no visible digits. There is a blue, bubble-like ball at the tip of its zigzagging black tail. The tail is flexible and configured to stretch, and the ball is full of oil that acts as a buoy to help keep Marill afloat. The ball at the tip of its tail can glow when Marill attacks. In the Pokémon the Series: Ruby and Sapphire episode Abandon Ship!, Marill was shown to be able to bounce on its tail. In the TCG, Marill is shown to rapidly spin its tail, seemingly readying for an attack.
"
184,dataset/images/184.png,"Azumarill is a blue, bipedal semiaquatic leporine Pokémon that has an ovoid body. The lower half of its body is white with a white, bubble-like pattern above it, which helps to camouflage it in water. It has elongated, rabbit-like ears with red insides and circular eyes. When in the water, it rolls up its ears to prevent the insides from becoming wet. Its arms and feet are short with rounded ends and no discernible digits. It has a black zigzagging tail with a blue, bubble-like tip. The tip of its tail tends to glow when it attacks or is excited.
"
185,dataset/images/185.png,"Sudowoodo is a Pokémon that has a brown, log-shaped body with yellow spots. It has short legs with toeless feet, and thin forelegs with three green spheres at the ends of its fingers. It has a forked ""branch"" on top of its head, which is shorter on the female than on the male. Despite its appearance, Sudowoodo's composition is closer to a rock than a plant. Originally, it was incorrectly believed to be a Grass-type.
"
186,dataset/images/186.png,"Politoed is a green, bipedal, amphibian Pokémon with yellow hands, belly, throat, and toes that resembles a frog. It has a long, curled hair on top of its head and pink cheek spots that are smaller on the female than on the male. There is a green swirl on its belly. Its legs are well developed and it has bulbous toes and fingers.
"
187,dataset/images/187.png,"Hoppip is a round, pink plant Pokémon with long green leaves growing on top of its head. The leaves on its head have ragged edges, similar to a dandelion. It has big, triangular ears with dark insides, and beady yellow eyes that lack pupils. Its arms and legs are stubby, and it has a short tail with a rounded tip. There is a circular yellow pad on the underside of each foot.
"
188,dataset/images/188.png,"Skiploom is a plant Pokémon that has a round, green body with stubby arms, feet, and tail. It has large, flat ears on the sides of its head and oval, orange eyes with no pupils. On top of its head is a yellow bloom with a white center. Skiploom spreads its petals to absorb as much sunlight as possible. The bloom on top of its head opens and closes as the temperature fluctuates and its flower blossoms when the temperature rises above 64 °F (18 °C). Because of this, it is sometimes used as a thermometer. It floats in the air to try to get closer to the sun, but closes its flower and immediately hides under the shade of a tree when it rains. If the weather gets too cold, Skiploom will fly away and migrate to warmer regions so that it can photosynthesize. Some people claim to be able to determine a Skiploom's birth location by the scent coming off of its flower. Skiploom lives in temperate grasslands. As seen in the games, the bloom on its head can turn clockwise.
"
189,dataset/images/189.png,"Jumpluff is a round, blue plant Pokémon with red, pupilless, beady eyes, two small, round feet, and a tail. Three cotton puffs, almost as large as the body itself, extend off it: one on each arm, and one on top of its head. These puffs produce cotton spores that Jumpluff can use to float in the air, and it can control its flight even in a hurricane. Three to four leaves grow at the base of the top puff.
"
190,dataset/images/190.png,"Aipom is a simian Pokémon with a three-fingered hand at the end of its tail. Its fur is purple, while the skin of its face, inner ears, belly, feet, and the tip of its tail are beige. Its face usually has a cheeky smile and round, blue eyes. With its round ears, Aipom's head is disproportionately large compared to its body. Atop its head is a cowlick that is longer on females than males. Unlike its feet, Aipom's arms are simple, purple stubs.
"
191,dataset/images/191.png,"Sunkern is a mostly yellow, seed-like Pokémon with a small sprout growing out of its top. It has triangular, spike-like protrusions on top of its head, encircling the sprout. Its body has three broad, brown, vertical stripes. Two of the stripes start jaggedly above Sunkern's dark eyes and continue downward. The other stripe is directly below Sunkern's mouth. Since Sunkern's eyelids are brown, the brown streak patterning appears uninterrupted when Sunkern's eyes are closed. Its beady eyes are black with white pupils.
"
192,dataset/images/192.png,"Sunflora is a plant Pokémon with a sunflower-like design, having a green trunk and limbs. Its head is circular and cream-colored, with yellow petals growing along the rim. The petals become more vivid as the weather becomes warmer. Sunflora's face has two eyes that appear perpetually closed, and a thin line running vertical beside each eye. Sunflora has leaves extending like arms from its round body and two toes on each foot.
"
193,dataset/images/193.png,"Yanma is a large, red insectoid Pokémon that resembles a dragonfly. Compared to its long, thin abdomen, its thorax is short and wide. It has three pairs of gray two-toed legs and two pairs of wings with red bands on them. The see through wings are described as frail and thin. A bright green mask marking covers most of its face, and it has two spikes on top of its head. Its blue eyes can see all around its body at 360 degrees without even moving its head. This allows Yamma to have a high evasiveness. The end of Yanma's tail has two flat extensions from the sides and two gray spikes in the center.
"
194,dataset/images/194.png,"Wooper is a mostly blue, amphibious  Pokémon that resembles an upright, armless axolotl. Wooper's head is large compared to its body, and it has small, round, black eyes. It has purple, branching gills on either side of its head; the males have more branches in its gills than the females. Wooper stands on two small, round feet, and it has a large, thick tail. On its belly are dark blue curved markings.
"
195,dataset/images/195.png,"Quagsire is a light blue, bipedal, amphibious Pokémon. Its head is broad and round, having little neck to distinguish it from the rest of its body. It has a wide mouth and tiny, black eyes. A wavy, purple stripe runs down its back. Along its spine is a dark blue fin, which is larger on the male than on the female. Quagsire's hands and feet both have three digits. Its outer layer of skin is slimy and slippery. Quagsire shares many similarities with its Paldean relative, Clodsire.
"
196,dataset/images/196.png,"Espeon is a quadrupedal, feline-like mammalian Pokémon with slender legs and dainty paws. It is covered in fine, lilac fur. Its ears are large, and it has purple eyes with white pupils. There are tufts of fur near its eyes, and a small, red gem embedded in its forehead. It also has a thin, forked tail.
"
197,dataset/images/197.png,"Umbreon is a mammalian Pokémon which has a sleek, black body with four slender legs and crimson eyes. It has two pairs of pointed teeth (one pair in each jaw) which are visible when its mouth is open. It has long, pointed ears and a bushy tail, each with a yellow band around them. Its forehead and legs have yellow rings on them.
"
198,dataset/images/198.png,"Murkrow is an avian Pokémon with black feathers. Its crooked, yellow beak and the three, feathery tufts on its head resemble a witch's nose and hat respectively. The feathery crest is smaller on the female than on the male. It has semi-circular, red eyes with white sclerae and pupils and a spiky collar of feathers around its neck. The shaggy feathers on its tail resemble the end of a broom, and there is a thin, red band at the base of the tail. Its yellow feet have four toes, three facing forward and one backward.
"
199,dataset/images/199.png,"Slowking is a bipedal Pokémon with a Shellder latched onto its head. It is primarily pink, with a pale yellow muzzle and scaled belly. Its feet and hands each have a single clawed digit, while the hands also have a clawless thumb. Around its neck is a spiny ruff with alternating red and white stripes. The Shellder on its head has a spiral shape with two horns near the base. A red gem resides in the center of the Shellder. The Shellder's eyes are visible on the back of the Shellder.
"
200,dataset/images/200.png,"Misdreavus is a dark bluish-green, ghost-like Pokémon. While it has no visible arms or legs, its lower half has several small appendages and resembles a ruffled dress. It has five round red gems halfway around its neck, which are used to absorb fear and use it as nourishment. When defeated in the side series games, its body disappears, leaving only the gems around its neck behind. This implies that Misdreavus retreats into the gems when it has been severely weakened. It has long, flowing lilac-tipped ""hair"". Misdreavus's large, red eyes have yellow sclerae.
"
201,dataset/images/201.png,"Unown is a flat, thin Pokémon shaped like a circular eye with appendages that make it resemble a letter or a punctuation mark. It is entirely black, except for its white sclerae. All 26 alphabetic forms of Unown have fully open eyes, while the two punctuation forms have half-closed eyes. Though each of its forms has a counterpart in the Latin alphabet, Unown is said to resemble ancient writing and hieroglyphs called Unown symbols. It is a mystery whether Unown predates or postdates written language, and therefore which one is based on the other. Unown can move its appendages independently like tentacles or fingers.
"
202,dataset/images/202.png,"Wobbuffet is a tall, cyan Pokémon with a soft body. Its eyes usually appear scrunched, and it has a jagged upper lip. The female Wobbuffet has a red marking on its mouth that resembles lipstick, while the male does not. It has flat arms that are wider towards the tip and four stubby legs at the base of its body. There are two eyespots on its black tail. Its eyespots are revealed to be capable of blinking and looking around using its tail in the Pokémon Stadium series. Wobbuffet is very protective of its tail, supposedly due to the belief that said tail hides a secret about Wobbuffet, to the point where it will suddenly turn uncharacteristically aggressive if the tail is attacked.
"
203,dataset/images/203.png,"Girafarig is a cloven-hooved, quadrupedal giraffine Pokémon with a long neck. There is a white blaze on its muzzle, which ends in a round, pink nose. It has two ossicones with bulbous tips on top of its head. Its front half is yellow with brown spots, while its back half is brown with yellow spots. The brown section on female Girafarig is smaller than that of the male. There are many triangular, pink spikes along its back. Girafarig lives in savannas and grasslands, where it feeds on the plant life.
"
204,dataset/images/204.png,"Pineco is an insectoid Pokémon encased in a blue-green, pine cone-like shell that protects it from bird Pokémon. It has red eyes and no visible limbs, along with a single spike on top of its head, which is supposedly its stem. It makes its shell thicker by gluing tree bark to its body. The glue is made of fluid that Pineco spits out, which hardens when it is exposed to air. Pineco's shell becomes bigger and thicker as more tree bark is accumulated; older Pineco are very large in size.
"
205,dataset/images/205.png,"Forretress is a large, spherical insectoid Pokémon with no visible limbs. The upper and lower halves of its body are capped by bumpy steel plates, giving it a strong defense against opponents. The outer plates have zigzagging ridges that open along its back and front, revealing its smooth, red inner shell. The inner shell is punctuated by four cylindrical spikes, each tapering to an open point. Between the spikes, the inner shell opens along a straight line to reveal Forretress's eyes, which are round with large pupils. Whatever else lies inside its shell is unknown.
"
206,dataset/images/206.png,"Dunsparce is a serpentine, and somewhat insectoid, Pokémon with a primarily yellow body, blue underside, and blue-and-cream-striped back. Its head is round with a wide mouth extending under its jowls and curving up toward the middle of its face. Its chin is blue with two rounded prongs. Its eyes—round and rimmed with blue—are kept closed, revealing its cream-colored eyelids. On Dunsparce's upper back are two tiny white wings. Its body ends in a drill-like tail.
"
207,dataset/images/207.png,"Gligar is a purple, chiropteran Pokémon with scorpion features. Its head and body are round and roughly equal in size. It has long, triangular ears and triangular eyes with small pupils. Two large pointed teeth protrude from its upper jaw, and a pink tongue is often seen lolling from its mouth. Its arms are segmented at the wrists and end in large pincers. Spread between its arms are two blue wing membranes, each tipped with a purple claw. Its legs are thin and likewise segmented at the ankles, with its round feet having one claw each. Gligar has a long tail split into spherical sections, ending in a large, round stinger. The female Gligar will have a smaller stinger than the male.
"
208,dataset/images/208.png,"Steelix is a long, serpentine Pokémon with a silvery-gray body made of rock-like sections, which can possess chips and scrapes from fights and tunneling. Three of those sections have long rock spikes coming out of them on either side. It has a massive head mainly made up of its large, wide jaw with sets of large square teeth inside. Along its bottom jaw are ridges: there are two pairs of ridges on a male Steelix, while there is only one pair on a female. Several small, square lumps cover the underside of its lower jaw. Its eye sockets are slightly deep-set, and the eyes themselves are red. Its head has two long ridges going from the eyes up to the top of its head. The tip of its tail is conical with a blunt tip.
"
209,dataset/images/209.png,"Snubbull is a pink, bipedal, bulldog-like Pokémon with blue polka dots covering its body. It has loose skin that drapes to cover the lower part of its body, giving it the appearance of a dress. There is a small, blue ruff around its neck. It has a pronounced underbite, but it still has powerful jaws. Additionally, it has two earflaps that are flat, curved, and tipped with black, and a small, shiny black nose. Its feet are beige with three toes and a circular pink paw pad, while its arms are short and stubby.
"
210,dataset/images/210.png,"Granbull is a stout, purplish-pink, bipedal, bulldog-like Pokémon. It has a prominent lower jaw with two long, fang-like growths. Its upper jaw has two small fangs. The jaws are so heavy that the Pokémon has trouble keeping its head up. On the sides of its head are flat, curved ears, and its small nose is black. There is a black collar around its neck with two small white markings on it. Around its wrists are two black band markings, and it has a short tail.
"
211,dataset/images/211.png,"Qwilfish is a sea dwelling piscine Pokémon with a spherical body and a flat, paddle-shaped tail. The upper half of its body is dark teal and the lower half is light greenish-yellow. Its tail is tall and thin with a dark teal outline, light greenish-yellow inside, and two dark teal dots in the center that resemble the Japanese character ハ Ha. Its eyes are even with its body and are always seen slanted angrily. Below its eyes are its puffy pink lips. All around its body are sharp, conical spikes, which evolved from scales over time.
"
212,dataset/images/212.png,"Scizor is a bipedal, insectoid Pokémon with a red, metallic exoskeleton. It has gray, retractable forewings and hind wings with simple, curved venation. Its rounded head has three blunt horns extending above its forehead and eyes with dark yellow irises. Scizor's thin, black neck connects to a black, teardrop-shaped patch on its thorax. Scizor has broad shoulders and thin, segmented arms ending in large, round pincers, which comprise a third of Scizor's body weight. Scizor has a large, rounded abdomen with three black, chevron-shaped stripes extending from its waist down its front; female Scizor has larger abdomens than male Scizor. Scizor's legs are defined by large hip joints, thin thighs, and wide calves, and its feet end in a clawed toe on each side. Its arms appear similar to pincers of animals from crustacean group like crabs and the presence of markings resembling eyes gives the illusion of additional heads.
"
213,dataset/images/213.png,"Shuckle is a slender Pokémon with a yellow body that appears to be soft. Until they are in use, Shuckle's limbs appear limp. It is encased in a very hard red shell that has many holes in it. The holes in its shell are rimmed with white.
"
214,dataset/images/214.png,"Heracross is a bipedal, coleopteran insectoid Pokémon covered in a blue exoskeleton. There is a long, pronged horn on its forehead. The horn ends in a cross on males and a heart-shape on females. On either side of the horn is a short antenna with a spherical tip. Heracross has oval, yellow eyes. Its forearms have a pair of spikes near the wrists, while its thighs have a single spike each. It has two claws on its hands, and a single long claw on each foot. There is a single pair of wings covered by elytra, which can be seen during its release from a Poké Ball in the 3D games. Heracross's claws allow it to dig into the ground for sturdy footing and also allow it to climb trees. Using its horn, it throws opponents or competitors for food. It can lift and throw objects 100 times its own weight. It uses its two antennae to search for food by scent. As mentioned in Pokémon Sleep, Heracross is known to occasionaly sleep while licking the sap it finds.[1]The reason is due to Heracross becoming exhausted from a potentinally hard search for sweet sap. It lives in boreal, temperate, and tropical forests, where it feeds on tree sap. In Generation II, Megahorn was its signature move.
"
215,dataset/images/215.png,"Sneasel is a bipedal Pokémon that resembles both a cat and a weasel. It is primarily bluish-black with three bright red feathers for its tail and a single one on its left ear. The ear feather is shorter on the female than on the male. The other ear is short and pointed, and it has narrow red eyes. On its forehead and chest are oval, yellow gem-like protrusions. It has red eyes with black eyelash-like markings on the edges. It has long limbs with two large, white retractable claws on its hands and feet. It is perfectly capable of using its claws to do substantial damage. Its claws are also used for climbing trees in boreal or sub-alpine forests where it lives. It can also bring out its claws to startle foes that attacked it.
"
216,dataset/images/216.png,"Teddiursa is a bipedal, ursine Pokémon covered in short, orange-brown fur Even though it's classified as bipedal, Teddiursa sometimes move around on all four limbs. Its muzzle is a light tan color with a small black nose and black eyes with white irises. There is a slightly paler tan crescent moon marking on its face, and it has round ears. It has three claws on its forepaws as well as two claws and yellow paw pads on its hind paws. Its tail is short, round, and puffy.
"
217,dataset/images/217.png,"Ursaring is a bipedal, ursine Pokémon. Despite being classified as bipedal, Ursaring can sometimes move on all fours. Its broad body is covered in brown fur, except for its muzzle, inner ears, and paw pads, which are yellow. It has narrow eyes, a triangular, black nose, and a wide mouth with small, visible fangs in the upper jaw. The fur on Ursaring's shoulders is longer and more structured, with rectangular extensions. A female Ursaring has longer fur on its shoulders than a male. There is a large, yellow, ring-shaped mark shaped like a new moon on its chest. Ursaring's forelimbs are long, ending in five claws each, while its hind legs are short and thick, ending in three claws each. Its tail is large and spherical in shape.
"
218,dataset/images/218.png,"Slugma is a limbless gastropod mollusk Pokémon composed of magma. Its body is bright red, fading to a duller red along its extremities. It has large, round, yellow eyes with small pupils. Slugma's head is ovoid with flame-like extensions spreading upward from its eyes and round, stable drops of magma dangling from its upper jaw. Its lower body is irregular in shape, and occasionally emits bubbles.
"
219,dataset/images/219.png,"Magcargo is a limbless, gastropod mollusk Pokémon consisting almost entirely of bright red magma. Its oval eyes are large and yellow with small pupils and extend upward from its head. It has a bulbous snout and a wide mouth, with two drops of magma dangling from each side of its upper jaw. Magcargo's back is protected by a gray, spherical shell composed of hardened, but brittle magma, forming irregular lumps and plates. Marcargo can store fire energy in its shell. A streak of fire leaks from the side of its shell. Magcargo's lower body is amorphous and covered in bubbles of magma.
"
220,dataset/images/220.png,"Swinub is a small porcine Pokémon. Living in frigid temperatures, Swinub is covered in dense, brown, striped hair to keep it warm. The hair is so shaggy that it often covers its tuft-like small legs, making it appear like a legless lump. Swinub's eyes appear as if they are perpetually closed.
"
221,dataset/images/221.png,"Piloswine is a big, brown, furry porcine Pokémon with an impressive hump on its back. It also has two tusks made of ice, which seem small but can be lethal. These tusks thicken when it snows, and they are smaller on a female Piloswine than on a male. It has floppy ears that are sensitive to sound. Piloswine has two beady eyes in its head; however, these are usually covered up by tufts of fur. As it is usually unable to see, it checks surroundings with its sensitive pig-like nose instead. As a result, Piloswine is constantly charging at foes when it moves. The hairs on its back stands up straight as a warning sign for this.
"
222,dataset/images/222.png,"Corsola is a small, pink, roundish Pokémon with branch-like growths on its back, which are similar to coral. There is a smaller, blunt horn on its forehead, and it has oval-shaped black eyes and a smiling mouth. It has a light blue underside, which speckles towards the sides. Its four legs and two arms are blunt and stubby.
"
223,dataset/images/223.png,"Remoraid is a light blue piscine Pokémon with saucer-like eyes and a mouth with four pointed teeth. There are two dark stripes on its back that resembles the barrel of a revolver. It has a single pelvic fin positioned like a revolver's trigger, two small pectoral fins, and a dorsal fin near its mouth resembling a gun's front sight. In addition, it has two caudal fins, the bottom of which resembling the butt of a gun and the top resembling the hammer. All of its fins except for the dorsal fin are white. For a long period of time, due to their vast anatomical differences, no one believed that Remoraid evolved into Octillery.
"
224,dataset/images/224.png,"Octillery is a red, cephalopod-like Pokémon with large, round eyes and a turret-like mouth. There are yellow bumps on its rock-hard head and yellow suction cups on each of its eight tentacles. These suction cups and yellow bumps are smaller on a female Octillery. It uses its tentacles for manipulating objects and the suction cups give it strong gripping power. Because of this, it is very hard for it to be blown away.
"
225,dataset/images/225.png,"Delibird is a red, avian Pokémon with a white, hollow, and bag-like tail. Its face and chest are covered in white feathers with two, three-pointed crests above its eyes. Black markings surround its circular eyes, and it has a light yellow beak and feet. There is a single white spot on its stomach. Its feet have two digits each.
"
226,dataset/images/226.png,"Mantine is a large, ray-like Pokémon. Its body is dark blue on the overside, and it has large wing-like fins, with a black ring-shaped mark on the top of either fin, and a jagged outline on the front rim at the bottom. Its head has two long protrusions resembling horns or antennae, and two more black ring-shaped marks on the back. Two pairs of gills are visible on its pinkish gray underside, as well as a pair of beady eyes and a small mouth. Its body has a coarse texture.
"
227,dataset/images/227.png,"Skarmory is a silver-gray, avian Pokémon with a long, metallic blue neck, legs, and tail. It has yellow eyes, a pointed beak with several pointed teeth, and a triangular crest on its head. There are red feathers under the sheaths that cover its sharp wings, and each feather can be moved independently. Its wings are actually hollow, allowing it to travel up to 185 mph (300 km/h). Its feet have three toes on them, two in front and one in back, and its tail has hooked ends.
"
228,dataset/images/228.png,"Houndour is a quadrupedal, canine Pokémon with short, black fur and a red underbelly and muzzle. Its ears and tail are both short and pointed. Two fangs protrude from its upper jaw, and its triangular nose is black. There are white bands on its ankles and rib-like ridges on its back. Houndour appears to have a simplistic, stylized skull on its forehead with the eye orbits creating eyebrow patterning above its actual eyes. It also has circular, red paw pads on each of its three-toed paws.
"
229,dataset/images/229.png,"Houndoom is a quadrupedal, canine  Pokémon with black fur, a long orange snout, and an orange underbelly. It has small red eyes and a black nose. Around its neck is a white band with a small skull-shaped pendant on its throat. There are two white bands on each of its ankles, as well as three rib-like ridges on its back. Houndoom has a long, skinny tail with a triangular tip and three clawed toes on each paw. Atop its head is a pair of long, curved gray horns. These horns are smaller on the female than the male. Unlike its pre-Evolution, it does not have discernable ears.
"
230,dataset/images/230.png,"Kingdra is a large, piscine Pokémon that is similar to a seahorse with a tightly curled tail. It is covered in blue scales except for its yellow, compact belly scales. There are thin spines with a single branch atop its head and thin, white fins under its cheeks. Its thin snout is powerful, allowing squirts of water jets with devastating power to be fired. Two-pronged fins extend slightly past its cheeks. On its back is a white fin supported by thin, blue spines similar to the ones on its head.
"
231,dataset/images/231.png,"Phanpy is a small, horizon-blue proboscid  Pokémon that resembles a baby elephant. It has large, floppy ears, which it uses as fans to cool itself. There are two red pads on each ear and another on the bridge of its short trunk. Phanpy has a single nail on each of its four feet, and a short tail.
"
232,dataset/images/232.png,"Donphan is a gray, proboscid Pokémon with a thick, black band of hide running down the length of its back and extending to the tip of its long trunk. When this Pokémon curls up, the band resembles a car tire. This tough hide prevents regular attacks from inflicting even a scratch. A pair of white tusks, which are smaller on the female, extend from the corners of its mouth. It has thin, elongated ears held out almost perpendicular to its body. Its four short legs are each encircled with a broken, black band and have three toes.
"
233,dataset/images/233.png,"Porygon2 is a rounded, magenta, artificial Pokémon that shows similarities to a drinking bird. It has a relatively flat bill and large, round eyes. Its legs are simple ovoid growths along its sides, and its tail widens towards the middle. Its bill, legs, tail, and underside are blue.
"
234,dataset/images/234.png,"Stantler is a quadrupedal, cervid Pokémon. It has a tan pelt with a cream-colored belly and a few spots on its back. Its tail is large, short, and round, and each of its legs ends in a black hoof. It has a large, brown nose and a pair of pale cream-colored antlers, each with a black orb in the center. The shape of the antlers and the black orbs causes them to resemble eyes. Stantler can distort reality and create illusions with its antlers by subtly changing the flow of air around them. Staring into them creates an odd sensation, as if one is being sucked through them, and one may become so dizzy that it is impossible to stand. The orbs on the antlers have a pleasant scent, which can induce a bewildering effect on people. The orbs can also be ground into a powder that aids in sleeping.
"
235,dataset/images/235.png,"Smeargle is a bipedal, beagle-like Pokémon with white and brown fur. It has a long tail with an end resembling a paintbrush. This paintbrush oozes with paint, and the color of the paint may vary for each Smeargle, as well as change in hue corresponding to its emotions. Smeargle has a footprint on its back that is typically the same color as the paint on the tip of its tail, though Smeargle can have separate back and tail colors in Pokémon Stadium 2. The mark is placed on Smeargle's back as a sign of adulthood. Smeargle also has a round structure on its head with a point that resembles a beret. It has floppy, brown ears and a brown collar on its neck. The rings encircling Smeargle's eyes are also brown, as are Smeargle's eyelids. Its arms have two brown bands, and its legs have only one. Each of its limbs has three digits.
"
236,dataset/images/236.png,"Tyrogue is a humanoid  Pokémon with a predominantly pale purple body and brown hips and feet that resemble short pants and shoes. It has three blunt protrusions on top of its head, yellow eyes, and circular sections on each side of its head that resemble protective padding. There are white bands resembling bandages on its torso and wrists. It has thin limbs, and its hands have three fingers each. Tyrogue is a male-only species with no female counterpart.
"
237,dataset/images/237.png,"Hitmontop is a vaguely humanoid Pokémon capable of spinning on its head. Its main body is spherical and mostly blue with a brown triangular patch on its chest. Hitmontop has short legs with white bands near the hands and feet. The feet are large, blue, and have a circular brown pad on the underside. It has a skinny brown retractable tail that ends with a blue sphere with a spike on it. Its head is round and brown with flat, curved extensions on either side and a single spike on top. The spike horn is made from the same substance that creates both its fur and claws. The horn is continuously growing through Hitmontop's lifetime. It has beady, black eyes and spherical hands with no digits. Hitmontop is a male-only species with no female counterpart.
"
238,dataset/images/238.png,"Smoochum is a small, humanoid Pokémon that resembles a baby. It has a large head with blonde hair that reaches its shoulders and has large bangs. There are several tufts of hair sticking up on top of its head. Its skin is light purple with a cream-colored chest, arms, and feet. It has large, blue-green eyes and a pair of large, pink lips. These lips are sensitive enough that Smoochum uses them to identify and examine objects that it sees for the first time, and are kept moist by its daily application of tree sap. This help Smoochum determine if it likes the object or not.
"
239,dataset/images/239.png,"Elekid is a yellow, round-bodied Pokémon with black stripes. Elekid's arms are bulky in proportion to its body, and it has three claws instead of fingers. It has two stripes on its arms, which wrap all the way around. There are two horns on top of its head which resemble the prongs of a power plug, complete with holes in their sides. These horns glow bluish-white when Elekid is fully charged. Elekid has a black lightning bolt marking on its chest. Two rows of stripes are near the marking, with the pattern continuing around its lower back. Its legs are black, and its feet are rounded and toeless.
"
240,dataset/images/240.png,"Magby is a bipedal Pokémon that has a red body with a yellow, flame-shaped marking on its stomach and a black collar marking on its neck. Its head is covered with large lumps, and it has a rounded, yellow beak. There is a single spike on its back and it has a tapered tail. Its short arms have three clawed fingers, while its feet have only two clawed toes.
"
241,dataset/images/241.png,"Miltank is a bipedal, bovine Pokémon, which can only be female. Its body is mostly pink, with a yellow belly and black, angular markings along its back. A black hood-like marking surrounds its face with a pink, triangular mark on its forehead. There are two small horns on top of its head. It has large, blue eyes, a black nose, and a wide mouth, as well as long, black, floppy ears with yellow insides. Miltank has a yellow udder with four pink teats. All four of its limbs end in black, cloven hooves, and its long tail is tipped with a black sphere. In The Young Flame Strikes Back!, a smaller Miltank was shown without any horns or teats, implying that this is what young Miltank look like.
"
242,dataset/images/242.png,"Blissey is a Pokémon that has a large, ovoid body with a pink upper body and white lower body. It has hair-like curls on either side of its head. White, wing-like tufts grow from its hips and shoulders, creating the impression of a dress. Its stubby arms and feet are pink and lack any digits. A small, pink pouch on its belly holds a single egg, which brings feelings of happiness and makes a person pleasant and caring if ingested.
"
243,dataset/images/243.png,"Raikou is a quadrupedal, yellow, tiger-like Pokémon with black stripes and a white underside. It has a thin, light blue tail with sharp angles and a spark-shaped formation at the end. Most of its face consists of thick, white fur and shorter yellow fur around its red eyes. Raikou's muzzle is a light blue ""X"" and it has a black faceplate with two bumps that cover its forehead, nose, and ears. Raikou has two long fangs that make its appearance similar to the saber-toothed cat. Its large claws each converge to form a single point and never retract. Extra fur hangs off its body in front of its thighs. Raikou has a mane across its back that resembles dull purple rain clouds and allows it to shoot bolts of lightning.
"
244,dataset/images/244.png,"Entei is a massive, leonine, quadrupedal Pokémon with some mastiff qualities. It is covered in brown fur and a long, light gray cloud of smoke running along its entire back. It has gray plates on either side of the cloud and a plate beneath the cream belly fur on its chest. Entei has gray paws with brown pads and black cuff-like bands on its legs. Both front paws house three small, white retractable claws, which can be seen in battle or in Pokémon Camp. Its main faceplate is red and shaped like fins or a six-sided star. A gray plate, resembling a horseshoe mustache, covers its muzzle. It also has a yellow crest with three sloped points on its forehead and red eyes.
"
245,dataset/images/245.png,"Suicune is a slim, quadrupedal, blue, mammalian Pokémon with white, diamond-shaped markings. Its face and underside are white as well. Suicune has a thick, purple mane that resembles the aurora borealis and two white, streamer-like tails that wave forward. It has a long, white snout. Suicune has a large, hexagonal, cerulean blue crest on its forehead with two prongs on either side of the base. It has red eyes, a small tuft of fur under its chin, and small paws with white paw pads.
"
246,dataset/images/246.png,"Larvitar is a small, green reptilian Pokémon with rocky skin. It has a blunt spike on top of its head, a short, rounded snout, and triangular, black markings below and on the upper corners of its red eyes. Red scales cover its diamond-shaped belly, and there are several small diamond-shaped holes in its body. Its short arms lack fingers, while its feet have a single toenail each. It has a tail with a conical center surrounded by a ring of plate-like scales, causing it to resemble a tunnel-boring machine. 
"
247,dataset/images/247.png,"Pupitar is a Pokémon encased inside a thick grayish-blue shell, sporting a hardness that is comparable to bedrock. Its red eyes can be seen through two holes in the shell, and two more holes directly above resemble eyebrows. The upper portion of its body is covered by a mask-like plate with four large spikes on either side. Three additional spikes protrude from its forehead, and another pair of spikes are visible on either side of its lower body.
"
248,dataset/images/248.png,"Tyranitar is a large, bipedal, dinosaurian Pokémon with a green, armor-like hide covering its body. It has two pairs of pointed teeth: one in the upper jaw and one in the lower. Several spikes of varying sizes protrude from the back of its head, neck, and shoulders. Both sides of its chest, the center of its back, and its knees have two triangular holes. There is a gray, diamond-shaped patch of scales covering its belly and a smaller one on its back. It has three claws on its feet and hands. A ring of spikes surrounds the tip of its tail.
"
249,dataset/images/249.png,"Lugia is a large Pokémon that resembles a dragon, a plesiosaur, and a bird. It is primarily silver-white, but it has blue undersides with slightly varying tones. It has a ridged mouth similar to a beak, although it has pointed teeth on its lower jaw. Its head has a point to the back, and Lugia's eyes have pointed blue or black spikes on them. Lugia has a long, slender neck and a smooth, streamlined body. Dark blue or black plate-like protrusions run down the length of its back, and there are two smaller, more pointed ones on the end of its tail. It has large wings that resemble hands.
"
250,dataset/images/250.png,"Ho-Oh is an avian Pokémon resembling a phoenix and a peacock. Its feathers are predominantly gold and red, with yellow tail-feathers, a white underside, and green feathers at the tip of its wings. Ho-Oh has a green stripe on its neck, a yellow beak, black rings around its red eyes, and a feathered, yellow crest on its head. Ho-Oh's wings are prismatic, causing it to trail a rainbow behind it. It has darkly colored feet and legs with four toes and long talons.
"
251,dataset/images/251.png,"Celebi is a green, fairy-like Pokémon. It has round toeless feet, three-fingered hands, and clear wings on its back. It has a round head that comes to a curved point. It has large baby-blue eyes with thick black rings around them, and a pair of green antennae with blue tips.
"
252,dataset/images/252.png,"Treecko is a small, green, bipedal reptilian Pokémon. It has yellow eyes with long, narrow pupils. Treecko's hands and feet each have three digits covered with tiny spikes. These spikes allow it to scale vertical walls with ease. Its stomach and throat are red. It also has a line across its stomach resembling a pouch. Treecko has a large, dark green tail with two separate lobes that it uses to sense humidity. This ability allows it to predict the next day's weather.
"
253,dataset/images/253.png,"Grovyle is a bipedal Pokémon similar in appearance to a theropod dinosaur. It is primarily green with a red underside. There is a belt-like green stripe across its belly. Grovyle's hands have two clawed fingers and powerful legs with birdlike feet. Its well-developed muscles make it an expert climber and allow it to leap quickly from branch to branch. Grovyle has three long leaves on its wrists, a large leaf on top of its head, and two tails that have a leafy appearance. This leafy appearance allows it to be camouflaged in the forests where it lives. In Generation III, Leaf Blade was its signature move.
"
254,dataset/images/254.png,"Sceptile is a reptilian, bipedal Pokémon. Its neck is somewhat long, and it has two crests on its head. It has semicircular, yellow eyes with red rims. Its lower jaw and a belt-like band across its waist are also red. Along its back, it has two lines running down the middle and two rows of yellow nodules that are described as seeds. Its tail is shaped similar to that of a palm tree's branch. Both of its long arms have two sharp, elongated leaves and three claws. In Generation III, Leaf Blade was its signature move.
"
255,dataset/images/255.png,"Torchic is a small, chick Pokémon with stubby, downy, yellow wings. Its body is covered with orange feathers and a fluffy coat of down. There is an orange and yellow crest on its head that resembles a flame. Its two thin legs and short beak are a light brownish yellow, and the feet have three toes in front and one in the back. A male Torchic will have a small black speck on its rear that is not present in females.
"
256,dataset/images/256.png,"Combusken is a bipedal, chicken-like Pokémon. Most of Combusken's upper body is yellow, while most of the lower body is orange. An orange, pointed design adorns the center of its waist at the dividing line of the two colors. It has orange eyes and a short, wide beak. There is a feather crest on top of its head with three orange points. This crest is smaller on female Combusken. Its tail is short and pointed. It has three, sharp claws at the ends of its long arms, and scaly, gray legs with well-developed thighs covered in shaggy feathers.
"
257,dataset/images/257.png,"Blaziken is a bipedal, chicken-like Pokémon. The majority of Blaziken's body is red with accents of beige, yellow, and gray. Behind its head, there are beige, hair-like feathers that continue downward and surround its chest and abdomen. It has a small red face with a V-shaped crest on its head. Blaziken's blue eyes are semicircular with yellow sclerae, and its mouth is similar to a hooked beak. It has featherless, gray hands with three fingers each, and three clawed toes that are not normally visible due to the shaggy, yellow feathers on the bottom of its legs. A female has a shorter mask and hair than a male.
"
258,dataset/images/258.png,"Mudkip is a small, amphibious, quadrupedal Pokémon. It has a blue body with a light blue underside. Mudkip has a large head with a blue fin on top and a light-blue tail fin. It has black, beady eyes and orange, star-shaped gills on its cheeks.
"
259,dataset/images/259.png,"Marshtomp is an amphibious, bipedal Pokémon similar in appearance to a salamander or mudskipper. Its body is primarily light blue with a lighter shade of blue for its underside and an orange belly. Marshtomp's head has an angular black fin, small orange eyes, and orange gills on the ends of both cheeks. It has long arms with three-fingered hands. Its feet have three small toes, and it has two black fins for tails. 
"
260,dataset/images/260.png,"Swampert is an amphibian-like Pokémon with a bulky frame and four thick limbs, the two longer ones at the front serving as arms while the shorter limbs provide support for the creature if it chooses to stand upright. Swampert is semi-bipedal. It can stand on its three-toed feet with a hunched posture, and pick up or grab objects with its hands, but when moving about it tends to run on all four limbs. It has orange conical gills that protrude from round patches on either side of its face. Two large fan-like black fins extend from the top of its orange eyes to the back of its head. Similarly, a black fan-like tail fin extends upward from its hindquarters. Swampert is predominantly cobalt with a white abdomen, orange gills, and similarly orange padding on all four limbs.
"
261,dataset/images/261.png,"Poochyena is a quadrupedal Pokémon similar in appearance to hyenas and canines. Its body is primarily gray with a black face and throat, paws, and belly. Its eyes are red with yellow sclerae, and it has a red nose. Its lower jaw has two pointed teeth sticking out. The fur at the base of its tail is rumpled and shaggy. Poochyena has gray paw pads on its three-toed paws.
"
262,dataset/images/262.png,"Mightyena is a mammalian Pokémon that strongly resembles a cross between a wolf and a hyena. Its fur is mostly short and gray, but its lower legs, tail, and two thick shaggy strips starting behind its eyes and running the length of its body are black. It has dark, triangular streak patterns below its eyes, which are red with yellow sclerae. Its ears are rhombus-shaped with dark insides, its nose is red, and it has gray paw pads.
"
263,dataset/images/263.png,"Zigzagoon is a quadrupedal mammalian Pokémon resembling a raccoon, raccoon dog, or badger, with bristly, zigzag-patterned fur. It has stripes formed by alternating layers of cream and brown fur. It has a brown head with spiky ears and a black nose. A black mask-like pattern surrounds its brown eyes. The upper half of its mouth is jagged, and when it is open, there are two pointed teeth in its lower jaw. Its feet have three claws and pink paw pads. Its fore feet are cream-colored, but the hind feet are brown. Its brush tail is spiky and bristly.
"
264,dataset/images/264.png,"Linoone is a slender-bodied, quadrupedal Pokémon. Most of its fur is colored tan, but it has several brown stripes. One long stripe stretches the length of its body before ending in an arrowhead shape on its forehead. There are additional stripes on each side of its bushy tail and on its cheeks. It has sharp, elongated claws and small pointed teeth. It has small, tuft-like ears, long cheek fur, and blue eyes.
"
265,dataset/images/265.png,"Wurmple is a small, caterpillar-like Pokémon. Its body is mainly red with a cream underside and face. It has large yellow eyes with dark pupils. It has one sharp yellow stinger on its head and two of them on its rear. It has a tall, erect, red spine behind its forehead and a similar, smaller spine behind that. It has small spikes running down the top portions of its body and five pairs of stubby white limbs.
"
266,dataset/images/266.png,"Silcoon is a cocoon-like Pokémon that uses silk to attach itself to tree branches. It is almost completely covered in white silk with only two small holes. A pair of red eyes can be seen through the holes, but they are partially hidden by a rough fringe of silk. The silk forms a hard cocoon that it can use to repel enemy attacks. Dew and rainwater collect on the silk, which provides Silcoon with nourishment.
"
267,dataset/images/267.png,"Beautifly is a butterfly-like Pokémon easily recognizable by its two pairs of colorful wings. It has large blue eyes and black antennae with rounded tips. Its face, underside, and four stubby limbs are gray, while the rest of its body is black. The main body of its wings are black with large, yellow markings, and smaller red and blue markings. The upper pair of wings are larger and have a line of yellow along the top edge, while each of the lower wings has a long, round-tipped extension on the bottom. The female's wings have smaller red spots than the male's.
"
268,dataset/images/268.png,"Cascoon is a round, cocoon-like Pokémon. It is covered in purple silk, except for two holes where its red eyes are visible. The soft silk hardens into a tough cocoon that is able to endure attacks, and Cascoon will not move even when it is attacked. However, it never forgets the pain it endures and seeks revenge upon Evolution.
"
269,dataset/images/269.png,"Dustox is a moth-like Pokémon with two pairs of wings. It has a purple, egg-shaped body with a jagged fringe on its rear. Its tattered, green wings are wide and flat, forming a disc-shape around its body. They have red markings in the form of rings and streaks, a darker green line around the edges, and contain toxic dust. This Pokémon has two pairs of red, stubby legs and yellow, stylized compound eyes. There is a pair of fuzzy, yellow antennae on top of Dustox's head, which are smaller on the female. These antennae are used to seek food.
"
270,dataset/images/270.png,"Lotad is a small, blue plant Pokémon with six stubby legs. It has large eyes and a wide, yellow mouth similar to a bill. A large leaf that resembles a lilypad covers its back. This large leaf allows Lotad to float across ponds, and it will sometimes ferry smaller Pokémon on its back in this manner. 
"
271,dataset/images/271.png,"Lombre is a bipedal plant Pokémon that is mostly green with some light blue markings. Its face, ears, arms, and back are light blue. It has stubby, round ears, large eyes with small pupils, and a red bill-like mouth. There is a large lilypad on its head, which has a notch in it and resembles a sombrero. Lombre has long arms with four red claws and a thumb on each hand and feet with three red claws and a toe. Its entire body is covered in a thin, slimy film that creates an unpleasant sensation when touched. Lombre is sometimes mistaken for a human child. In Kitakami, there is a legend that Lombre was once a mischievous child before being reborn as a Pokémon.
"
272,dataset/images/272.png,"Ludicolo is a bipedal plant Pokémon that appears to be a mixture of a pineapple and a duck. There is a green, sombrero-like growth on its head that is similar to a lily pad. Growing out of the top of its head is a short brown stem with a yellow spiky upper portion. Ludicolo has black eyes surrounded by a patch of green and an orange bill. Its body is covered with shaggy yellow fur and has several zigzagging brown stripes. The female has thinner stripes than the male. Ludicolo has large green hands with two black lines on its palms, and thick green legs with a black circle on the underside of its feet.
"
273,dataset/images/273.png,"Seedot is a small, brown plant Pokémon that resembles an acorn. A beige, mask-like pattern covers its large black eyes, and it has two beige feet. It has a gray ""cap"" with a short stem on top of its head. The stem is used to hang from tree branches in its forest home. While hanging, this Pokémon absorbs moisture and nutrients from the tree until it becomes too heavy and falls to the ground. The more it drinks, the glossier its body becomes. Additionally, Seedot polishes itself with leaves once daily. If it remains still, it can be mistaken for a nut and startles others by moving suddenly. It also uses this strategy to be taken by bird Pokémon to expand on its habitat.
"
274,dataset/images/274.png,"Nuzleaf is a bipedal plant Pokémon with a single green leaf atop its head. The leaf is smaller on the female. This Pokémon is mostly brown with a beige mask marking on its face. Its bulky thighs are also beige and have thin striations, and there are what appear to be two nipples on its chest. It has thin arms with mitten-like hands. If its long, pointed nose is grabbed, Nuzleaf will lose its power. The nose serves functions as a sensory.
"
275,dataset/images/275.png,"Shiftry is a bipedal, portly plant Pokémon that appears to be made of wood. A shaggy white mane covers most of its face and trails down its back. Long pointed ears poke out the top of its mane, and it has a long, pointed nose and a large mouth with teeth that are usually bared. Its eyes are yellow with black sclerae. This Pokémon's feet resemble Japanese tengu-geta. Three broad leaves with brown spokes form each of its hands and are used to create powerful winds close to 100 feet (30 meters) per second in speed. A female will have smaller leaves than a male.
"
276,dataset/images/276.png,"Taillow is a small avian Pokémon with dark blue feathers. A red marking with pointed tips stretches from its chest to its forehead, and it has a white underside. It has narrow brown eyes and a short yellow beak. It has elongated wingtips and black feet with yellow talons. Each foot has three toes facing forward and one backward. Two sharply pointed feathers form its tail.
"
277,dataset/images/277.png,"Swellow is a large, dark-blue avian Pokémon with a red breast and face. A crest of feathers sweeps back from the top of its head. A blue stripe separates the red markings on its head and chest, and it has a white underside. It has small, narrow eyes, a pointed, yellow beak, and red feet with black talons. Each foot has three forward-facing toes and one pointed backward. Two long, pointed feathers with red tips form its tail and are an indication of good health when standing up straight. Swellow's wings taper to a sharp point. An impressive dive-bomber, it will never miss its target. Additionally, it takes great pride in its glossy plumage and often cleans the wings of other Swellow. It searches for warm meadows while in the air. Swellow preys on Wurmple.
"
278,dataset/images/278.png,"Wingull is a small, white Pokémon similar in appearance to a seagull. Its head makes up a large portion of its body, and it appears to lack a neck. Wingull has thin, simplistic eyes, two triangular tufts on top of its head, and an orange beak with a hooked, black tip. Three blue-tipped feathers give it a fan-like tail and its small, orange feet have two webbed toes. Wingull has long, flat wings with light blue stripes near the tips.
"
279,dataset/images/279.png,"Pelipper is a pelican-like Pokémon whose head and bill make up the majority of its body. It has white feathers with a short, blue crest on top of its head. There are three blue digits on each of its wide wings, and it has blue feet with three webbed digits. Each eye is made of two black semicircles with a horizontal white line between them. Its large yellow bill appears to extend along its underside.
"
280,dataset/images/280.png,"Ralts is a humanoid Pokémon with a white body. It has thin arms and legs that widen toward the feet. There is a wispy extension trailing off the back of its feet, creating the overall impression of a nightgown or oversized dress. Most of its face is covered by green hair that resembles a bowl cut, but a pair of pinkish-red eyes is sometimes visible. There are two flat, red horns on top of its head: a large one toward the front and a smaller one at the back.
"
281,dataset/images/281.png,"Kirlia is a bipedal, maiden-like humanoid Pokémon that appears to be wearing a tutu. Most of its body is colored white, and there are three ruffles on each hip. Beneath the ruffles, it has skinny green legs with long, pointed feet. Its arms are also thin with two digits each. It has green hair that covers most of its face and reaches its shoulders on either side, resembling two ponytails. Large, red eyes are visible on either side of the hair that covers its face. On each side of its head is a flat, crimson horn that resembles a hairpin.
"
282,dataset/images/282.png,"Gardevoir is a bipedal, humanoid Pokémon whose body resembles a flowing gown. Most of its body is white, but its hair, arms, and the underside of its gown are green. Its hair curls over its face and down the sides of its head. Behind its red eyes are short spikes, resembling a masquerade mask. It has long arms with three fingers on each hand and slender white legs. A red, fin-like horn extends from its chest, and a shorter, more rounded horn extends from the back. A band of green on its chest extends to the center of the front horn and connects to its sleeve-like arms.
"
283,dataset/images/283.png,"Surskit is a blue insectoid Pokémon. There are semicircular pink markings under its dark, circular eyes. It has a round body with four long, skinny legs extending from it. On top of its head is a yellow cap with a single antenna that secretes a thick, sugary syrup or a sweet scent. The syrup is exuded as a defense mechanism, while the scent can attract prey. This Pokémon can also secrete oil from the tips of its feet, which enables it to walk on water as though skating. 
"
284,dataset/images/284.png,"Masquerain is a light blue insectoid Pokémon with two pairs of rhombus-shaped wings on each side of its body. Its head is shaped like an elongated teardrop with a pink face and round, black eyes. On either side of its head is a large antenna that resembles an angry eye. The antennae are white with pink along the lower rim. White lines along the rim resemble eyelashes, while a large, dark pink dot in the middle represents the pupil or iris. These eyespots are used to intimidate enemies.
"
285,dataset/images/285.png,"Shroomish is a small fungus Pokémon similar to a mushroom. It has beady black eyes and a half-triangle-shaped mouth. Its upper body is beige with frilled segments along the bottom and a small opening at the top. There are green spots marking its upper body, while its lower body is completely green. It has small, round feet and no visible arms or hands. When it senses danger, it shakes its body and scatters toxic spores from the top of its head. These spores can make trees and weeds wilt and cause whole-body pain if inhaled. Shroomish lives in tropical forests. During the day, it hides under fallen leaves in the shade. It eats composted soil in forests, which is made up of fallen, rotten leaves.
"
286,dataset/images/286.png,"Breloom is a bipedal, mushroom-like Pokémon with some kangaroo and dinosaur-like qualities. Most of its body is green, but its head to its neck and its tail are beige. On top of its head is a green, mushroom-like cap with beige gills underneath and a round, red berry-like growth with a hole in the middle on either side. It has oval, black eyes, a beak-like mouth, and frilled segments around the base of its neck. There are two red claws on each of its hands and feet. At the end of its tail, there are seed clusters made of hardened toxic spores that are horrible to eat.
"
287,dataset/images/287.png,"Slakoth is a brown, quadrupedal Pokémon with sloth-like qualities. It has coarse, shaggy fur with two dark brown stripes on its back. There is a scruff of fur on top of its head, and it has a large pink pig-like snout, pink eyelids, and dark rings around its eyes. It has long, lanky arms, but shorter legs. Each paw has two sharp claws, and there are pink paw pads on the back feet. Its underbelly and rear are also pink.
"
288,dataset/images/288.png,"Vigoroth is a white, sloth-like, bipedal Pokémon with a teardrop-shaped tuft of red fur on its forehead. It has stubby ears, two small, triangular teeth in each jaw, a brown lower jaw, and large eyes encircled by brown rings. There are two stripes on its back, which are also brown. Its arms are long, and its hands and feet have two sharp black claws. The undersides of its hands and feet have circular red pads, and its rear also has a baboon-like patch of red. The fur on its chest, tail, and sides of its maw are shaggy.
"
289,dataset/images/289.png,"Slaking is a large, bulky, ape-like bipedal Pokémon. Most of its shaggy fur is brown, along with the semi-circle patterning under its eyes. Its face, chest, hands, and feet are lighter in color. Its brows are thick and jutting, and it has a large, pink pig-like snout. Around its neck is a white collar of fur that extends over the top of its head before ending in a small tuft. It has large, five-fingered hands and two-toed feet. 
"
290,dataset/images/290.png,"Nincada is a small, whitish, insectoid Pokémon. It has a pointed snout, a thin stripe that dips in a V-shaped pattern between its eyes, and two whisker-like antennae on its face. Its eyes are black with green iris-like rings inside. As it is virtually blind, it uses its antennae to sense its surroundings. On its back is a pair of small, green wings. Its hind legs are white, but the forelegs are brown and have sharp claws. 
"
291,dataset/images/291.png,"Ninjask is a small, cicada-like Pokémon with two pairs of wings. Its body is mostly black with accents of yellow and gray. Most of its head is yellow, but there is a solid band of black between its gleaming red eyes. The band expands into a circular pattern on its forehead, between two pointed crests on the sides of its head. The underside of its head is gray and segmented, making it somewhat resemble a veil. On its back is a patch of black with a stretch of yellow, shaped like an upside-down letter Y. Most of its carapace and abdomen is black, but there is a ring of yellow near the tip. Its gray insectoid arms extend from its chest and usually have their small, yellow claws turned inward. There is a similar pair of back legs. It has large, veined wings with triangular, red tipping.
"
292,dataset/images/292.png,"Shedinja is a Pokémon resembling a cicada's shed exoskeleton. Most of its body is light brown, but the abdomen is gray. It has four protrusions on its underside instead of legs; the top pair is brown, while the lower is gray. There are round protrusions on the side of its head with narrow slits for eyes. Two lines encircle its abdomen and a white crescent-shaped halo floats above its head. On its back is a pair of tattered wings divided into three wingtips. A hole between its wings reveals that its body is completely hollow and dark, as it possesses no internal organs. 
"
293,dataset/images/293.png,"Whismur is a mauve, bipedal Pokémon with a spherical body. Its eyes are black and shaped like plus signs, and it has a simple, wide mouth. Two small openings on top of its head act as its ear canals. Covering its ear canals are long, yellow-tipped flaps resembling rabbit ears. It has stubby arms and yellow-tipped feet that lack toes and have plus-shaped markings underneath. Above its small, plug-like tail is a yellow, crescent marking. There is a hole in the center of its tail.
"
294,dataset/images/294.png,"Loudred is a purple, bipedal Pokémon with a square build. It has a large mouth with yellow lips and peg-like teeth in each corner. When its mouth is open, its large tongue and throat are visible. Above its prominent mouth is a stubby nose. On top of its head are two short stalks that support its circular ears. The inside of its ears have alternating black and purple rings, but there is only a single black ring on the back. There are yellow stripes on its back in a pattern that resembles sound waves. It has arms with three fingers and short legs with two peg-like toes. On the sole of each foot is a yellow circle.
"
295,dataset/images/295.png,"Exploud is a blue, bipedal Pokémon with a large mouth. It has red eyes, a stubby nose, and two peg-like teeth in each jaw. It has protruding tubes with holes along its body: seven forming a crest on top of its head, one on each elbow and knee, two along its back, and one at the end of each of its two tails. The tubes along its head-crest and tails are tipped with yellow, while the ones along its back have yellow semicircular patterns on either side. There are two yellow semicircle markings on its belly, but they are rarely seen due to its giant mouth. Its arms have three thin stripes below its elbow and three fingers. Each foot has four claws, three in the front and one in the back, and a yellow paw pad.
"
296,dataset/images/296.png,"Makuhita is a bipedal humanoid Pokémon with a bulky build. Most of its body is yellow, but it has a black marking on its chest that extends around its neck. Its round hands resemble black boxing gloves, but its feet are yellow with two visible toes. On its cheeks are red, ring-shaped markings, and it has slit-like eyes. On top of its head is a knot, which causes it to resemble a punching bag.
"
297,dataset/images/297.png,"Hariyama is a large, bulky humanoid Pokémon that is modeled after a sumo wrestler. It has narrow eyes and rounded ears. On its head is a short, triangular crest. Dark blue hair grows across the tops of its eyes, around the head crest, and extends down its back to form a long ponytail. The upper half of its body is cream-colored, while the lower half is dark blue. Yellow extensions encircle its waist, resembling a skirt. There is a small, orange half-circle marking in the center of its torso just above the skirt. Hariyama has large hands with three fingers and small, two-toed feet. Both its hands and feet are orange.
"
298,dataset/images/298.png,"Azurill is a round, blue mouse Pokémon. It has circular ears with pink insides. There are two white dots on its cheeks, and it has black eyes. Its thin, black, zigzagging tail has a large blue ball at the end about the same size as its body. It has no visible arms whatsoever.
"
299,dataset/images/299.png,"Nosepass is a blue, angular, hard bipedal Pokémon that closely resembles a Moai. Its bright red, triangular nose is highly magnetic and slightly resembles a 3D arrow. This nose functions as an electromagnet and always points north. It has arms and legs without any visible joints and small, circular holes on the undersides. Its arms resemble compass needles. It has similar circular holes on the sides of its head. Its eyes, covered by dark, somewhat mask-like markings, have the appearance of being closed.
"
300,dataset/images/300.png,"Skitty is a pink, feline Pokémon with a stumpy body and four short legs. On its face is a cream-colored, crescent-shaped marking. It has slit-like eyes and tufted ears with purple interiors. Its slender tail has a bulky pink section at the end, terminated by three pin-like structures with yellow ball-like tips. In battle, its tail puffs out and it threatens opponents with a sharp growl.
"
301,dataset/images/301.png,"Delcatty is a quadrupedal, feline Pokémon with a mostly tan body. It has a pointed, whisker-like protrusion on each cheek. Its purple ears have three tufts of fur at the tips, and there is a purple ruff-like collar with pin-like extensions around its neck. It has slim legs with tiny, digitless paws. It also possesses a purple, flower-like tuft of hair on the end of its thin tail.
"
302,dataset/images/302.png,"Sableye is a bipedal humanoid Pokémon with a dark purple body, armed with sharp teeth and claws, which it uses to dig through soil. It has pale blue, gemstone-like eyes, which allow it to see in low light and sparkle in the dark. It also has a red gemstone on its chest, and its back has a blue and green gemstone as well as another red one. These gem-like eyes and adornments on its body are caused by its diet, which consists of rocks and raw gemstones. Because of this, each individual Sableye can create an infinite number of patterns on its body.
"
303,dataset/images/303.png,"Mawile is a short, bipedal, humanoid Pokémon with a pale yellow body. Its three-fingered hands and two-toed feet are black. It has red eyes and a pair of long, black, ear-like extensions on either side of its head. Its legs resemble a hakama. Its most notable feature is a pair of large black jaws emerging from the back of its head. These jaws have a yellow, oval-shaped spot on their top surface. They contain ten sharp, metallic teeth - six on the top row and four on the bottom. While the jaws are actually transformed steel horns, Mawile can articulate them at will, using them to bite enemies with enough force to break an iron beam. These jaws are incapable of tasting, leading Mawile to use them to eat food it does not like.
"
304,dataset/images/304.png,"Aron is a quadrupedal Pokémon with four stubby legs and a large round head. Its body is black with plates of gray steel armor covering its head, back, and legs. Throughout its body are small openings in the armor. There are six openings on its head, with the largest two being openings for its pale blue eyes and one opening on either side of the spike on its back. A single, blunt spike protrudes from its back.
"
305,dataset/images/305.png,"Lairon is a stocky, armored Pokémon with four short legs. Its body is dark gray, and its eyes are sky blue. Its back is covered with segments of iron armor, each with a high ridge and round dark holes on the sides. The sides of its lower jaw have several flat protrusions, and two teeth are visible in its mouth. There are two-pronged metal bands on its legs. The upper band is gray and the lower is silver.
"
306,dataset/images/306.png,"Aggron is a huge, bipedal Pokémon. It primarily has a crusty gray exoskeleton, with plates of silver armor adorned. The armor on its head has two pairs of holes with horns protruding from the foremost holes. Its forehead plating extends past its upper jaw in a small point. It has sky-blue eyes, and two nostril-like holes on the tip of its upper jaw. On the rim of its mouth are several pointed, fang-like protrusions and the nape of its neck and back have gray-silver armor sections. It has wide, blunt spikes on its shoulders and gray-silver bands on its arms and legs. Its hands and feet each have three claws. It has a thick, long, black tail that it can swing at enemies.
"
307,dataset/images/307.png,"Meditite is a humanoid, bipedal Pokémon that resembles a person meditating. It usually sits in a yoga position, with knees bent and feet together with its hands resting on its knees. Its lower body is blue, with white on the wrists, feet, and lower body. Its onion-shaped head is also white with large eyes and pink ovals on its cheeks. It has round, swirled ears on the sides of its head. These ears are higher up on a male than on a female.
"
308,dataset/images/308.png,"Medicham is a humanoid, bipedal Pokémon that resembles a yoga practitioner. It has a gray body with red and yellow adornments. A red headpiece with three bulb-like extensions covers the upper portion of its head: one on top and one on either side. The bulb on top is short on a female Medicham. The headpiece slightly covers its large, focused eyes, and its red lips seem to be in a rounded or puckered position. Its legs appear covered with puffy, red pants with a large yellow spot on the knees and yellow bands next to the hips.
"
309,dataset/images/309.png,"Electrike is a green, canine Pokémon with yellow markings. It has a large head crest with angular, lightning-like markings on the side. Its snout has a yellow blaze, and four fangs are discernible when its mouth is open. It has a yellow stripe down its back. Each of its four legs has a spike, with the ones on its hind legs being longer. It has yellow crescent-shaped paw pads on its front feet, while the pads on its hind feet are circular. It has a small, pointed, yellow-tipped tail.
"
310,dataset/images/310.png,"Manectric is a canine, quadrupedal Pokémon. Its body is mainly blue with a spiky, yellow mane on its head and yellow tufts of fur on its haunches and around its front feet. Its mane sticks straight up and has three points. It has a jagged upper jaw, red eyes, and holes on either side of its head that seem to be its ears. Each of its paws has three claws. Its blue, spike-like tail is bent at a sharp angle.
"
311,dataset/images/311.png,"Plusle is a cream-colored bipedal Pokémon with red markings. It has a dot-like nose and a cream-colored plus sign in the middle of its circular red cheeks. It has long, flat ears that are mostly red. Its limbs are stubby and digitless, and it has red front paws. Its short tail is tipped with a red plus sign.
"
312,dataset/images/312.png,"Minun is a cream-colored bipedal Pokémon with blue markings. It has a dot-like nose and a cream-colored minus sign in the middle of its circular blue cheeks. It has long, flat ears that are mostly blue. Its limbs are stubby and digitless, and it has blue front paws. Its short tail is tipped with a blue minus sign.
"
313,dataset/images/313.png,"Volbeat is a firefly-like, bipedal Pokémon. Its body is black with a blue chest and abdomen. There are two yellow stripes across its front: one on its chest and one near its legs. A red band separates each limb from its body and a thicker, incomplete one surrounds its shoulders. Two simple wings extend from the band around its shoulder. It has a blue face with yellow eyes, and curly, yellow antennae with black stripes. It has a spherical yellow tail, which glows to communicate and draw geometric patterns in the sky while in a swarm. In Generation III, Tail Glow was its signature move. This is a male only species; Illumise is its female counterpart. Volbeat is attracted by the sweet aroma given off by Illumise. It lives in forests near clean ponds, but will move if the pond becomes dirty.
"
314,dataset/images/314.png,"Illumise is a firefly-like, bipedal Pokémon. It has a blue face and large, slanted blue eyes with purple markings at the corners. Surrounding its head are purple curls that frame its face. Its antennae are small and yellow. Its body is black with a blue belly and a yellow bib marking. Its arms and legs are black and are connected to the body by purple borders. It has small wings used for flying with others, and a pattern of three oblong yellow spots on its rear. This is a female only species; Volbeat is its male counterpart.
"
315,dataset/images/315.png,"Roselia is a small, light green bipedal Pokémon. It has three thorns on top of its head, and it has black eyes with long eyelashes. Visible from the back is a small stretch of yellow coloration around its neck much like a collar. There are leaves extending from its shoulders like epaulettes. It has a leaf skirt with a yellow stripe running down the front. A male will have a shorter leaf than a female. It holds a rose in each of its hands, a red one in its right, and a blue one in its left. However, it is said that it will occasionally have unusually colored flowers.
"
316,dataset/images/316.png,"Gulpin is a round, green, amorphous Pokémon. It has a black diamond marking on its back and a yellow feather-like adornment on its head. A female has a shorter feather than a male. Its face consists of puckered lips and slanted eyes that are usually closed. It has two stubby appendages that are the same shape as its lips. It swallows anything of its own size whole since its stomach comprises most of its body. Its heart and brain are very small in comparison to its stomach. 
"
317,dataset/images/317.png,"Swalot is a tall, purple, amorphous Pokémon. It has red, beady eyes and yellow whiskers. A female Swalot has shorter whiskers than a male. It has puckered lips and can fit an automobile tire in its mouth. Its hands have three fingers. It has a single row of black rhombi running across its midsection, and it can expand and contract its body at will. 
"
318,dataset/images/318.png,"Carvanha is a fish Pokémon with a body covered in tiny, sharp denticles. The top half of its spherical body is blue, while the bottom half is red with a yellow, four-pointed star below its mouth. It has two yellow dorsal fins above its eyes that resemble shark fins, and a matching pelvic fin on its belly. Its pectoral fins are also yellow. The caudal fin is composed of two red spines with a thin yellow membrane stretched between them.
"
319,dataset/images/319.png,"Sharpedo is a torpedo-shaped shark Pokémon covered with tiny, sharp denticles. It has a large mouth filled with triangular, sharp teeth. Its eyes are a deep red color and glow in the dark. It has two gill slits situated directly behind each eye. It is mostly dark blue with a white underbelly. There is a yellow star-shaped scar on its snout, and another star-shaped scar on its rear. It has a tall dorsal fin with two notches cut into it, with a pelvic fin directly opposite it. Its two pectoral fins are arranged so that they resemble the fins on the back of a torpedo.
"
320,dataset/images/320.png,"Wailmer is a spherical whale Pokémon with no tail. It has a dark blue topside and a tan underbelly with grooves. It has two fins that have finger-like appendages, baleen plates that resemble teeth, and a pair of nostrils on the top of its head functioning as blowholes.
"
321,dataset/images/321.png,"Wailord is a huge cetacean Pokémon resembling the blue whale. It has small beady eyes, a huge mouth, and a tan throat and underbelly that are lined with grooves. Its back is blue with four white spots running down its spine, and two breathing nostrils on top of its head. It has two pairs of blue fins along its sides, a smaller third pair of tan fins on its rear, and a horizontal tail at the back.
"
322,dataset/images/322.png,"Numel is a yellow, quadrupedal Pokémon that resembles a Dromedary camel with a volcano-like hump on its back. The hump is green at the very top and fades out into yellow with small green spots. It contains magma of almost 2,200 °F (1,200 °C). A female will have a bigger hump than a male. It has bangs on top of its head, sleepy eyes with brown circles around them, and short, stubby legs.
"
323,dataset/images/323.png,"Camerupt is a quadrupedal Pokémon that resembles a Bactrian camel. It has two gray volcanoes on its back, which are bigger on a female's back than those on a male. It also has a stout body with red shaggy fur and three blue ring-shaped markings on both sides. It has bangs on top of its head, droopy ears, and a tan fur-less muzzle.
"
324,dataset/images/324.png,"Torkoal is a tortoise-like, quadrupedal Pokémon. It has a large, black, rock-like shell with holes that glow with a red warmth. Its skin is reddish-brown with gray-black bands on its legs and neck. It has a long neck and its eyes seem permanently closed.
"
325,dataset/images/325.png,"Spoink is a gray, pig-like Pokémon. It has dark, circular eyes, a large gray nose, and small ears. It has stubby arms and possesses no hind legs. Motion is achieved by bouncing on its spring-like tail. The bouncing has a vital function, in that it keeps its heart beating. Even while it is sleeping, it continues to bounce. It wears a pearl produced by Clamperl on top of its head, which amplifies its psychic powers. Spoink will be weakened without a pearl, and always searches for bigger pearls. In the Pokémon the Series: Ruby and Sapphire episode Pearls are a Spoink's Best Friend, it was shown to easily mistake other round objects as its pearl. It lives in mountainous areas. It likes to eat mushrooms that grow underground.
"
326,dataset/images/326.png,"Grumpig is a bipedal, pig-like Pokémon. It has large ears, a pink snout, and oval eyes. The lower half of its body is black, while the upper half is purple. There are black markings on its ears and arms, while its hands and feet are purple. Its tail is pink and curly. There appear to be three shining black pearls on its body: two small ones on its head, and a larger but nearly flat pearl on its midsection where the black meets the purple. These pearls are used to amplify its psychic powers, which allow it to control its opponents. The dance it performs while using its powers is very popular. It lives on mountains.
"
327,dataset/images/327.png,"Spinda is a bipedal, red panda Pokémon with rabbit-like features. Its eyes are made of two black spirals, which point in the opposite direction to each other. There is a similar swirling pattern on its ears. It has a small body with short stumpy arms and legs, and its coat is primarily cream-colored. Its arms are red and it has a red stripe bordering along the bottom of its belly, as well as two small spots on the soles of its feet. It has four spots, which can appear anywhere on its face and ears, with a fifth on the back of its head. These spot patterns are different for each and every Spinda.
"
328,dataset/images/328.png,"Trapinch is an orange, insectoid Pokémon. It has a round body with a white underside and four stumpy legs. It also has a proportionally large head, small black eyes with twinkle-shaped pupils, and a zigzagging mouth.
"
329,dataset/images/329.png,"Vibrava is a dragonfly-like Pokémon. It has a small head with two yellow antennae and green bulging eyes with black oval-shaped pupils. Its mouth has two large white teeth protruding from each side. It has a skinny yellow body, four skinny black legs with slender feet, and four green, rhombus-shaped wings with black edges. There are similarly-colored rhombus shapes at the end of its tail. 
"
330,dataset/images/330.png,"Flygon is a Pokémon that resembles a slightly insectoid, bipedal dragon. It is primarily light green and has a pair of large rhombus-shaped wings with red trim, toeless hind legs, and skinny arms with three-clawed hands. Flygon's tail has several dark green stripes and three small green rhombus shapes with red trims at the end. It has large eyes and a pair of green antennae that point back. Its eyes have red covers that prevent sand from getting into them. 
"
331,dataset/images/331.png,"Cacnea is a green, bipedal Pokémon with a round body and cactus-like striations. It has a dark green rhombus shape above its face, and six dark green rhombus shapes that ring around its waist. It has dark circles around its eyes, and its mouth composed of several similar circles. It has two dark green spikes on each side of its head, along with a yellow flower bud on top of its head. It has two club-like arms that are ringed with dark green spikes, and its two stubby legs are dark green and conical.
"
332,dataset/images/332.png,"Cacturne is a humanoid, bipedal Pokémon that resembles a green scarecrow made of cacti. Its face has two eye holes through which yellow eyes can be seen, and six smaller holes representing a grinning mouth. It has numerous spikes along the length of its arms, legs, and around its neck. A pattern of green rhombi extends down the front of its body. A female has a large dark green rhombus above a smaller one, while a male has three small dark green rhombi. There is a triangular, dark green feature on its head that resembles a hat with spiky tips.
"
333,dataset/images/333.png,"Swablu is an avian Pokémon with a round, blue body. Since it has no discernible neck, its body appears to be all head. There are two long feathers on top of its head, and it has a short, rounded white beak and beady, black eyes. Its wings are fluffy and white, resembling cotton or clouds and are made of air. The wings have a light and fluffy feel. It has tiny, white feet and two pointed tail feathers.
"
334,dataset/images/334.png,"Altaria is a blue, avian Pokémon. Its body and cloud-like wings are covered in fluffy, white feathers. It often folds its wings behind it, obscuring its back. Two long, blue plumes extend like streamers from the back of its head. It has a short, hooked beak and prominent cheek patches, both of which are white. Additionally, it has beady, black eyes. It has a long neck and short legs protruding from its fluffy body. The feet are blue, with four toes, three claws forward, and one backward. The tail comprises five feathers, the outer two longer than the inner ones.
"
335,dataset/images/335.png,"Zangoose is a bipedal Pokémon resembling a cross between a mongoose and a cat. Despite being classified as a bipedal Pokémon, it usually walks on all fours. Its fur is mostly white with deep red, scar-like markings on the face, chest, and forepaws. Its fur stands up on end when it smells its arch-enemy Seviper nearby. It has two long, black claws on its forepaws, which curl underneath the forepaws when not in use, and pink paw pads on its hind feet. It has pink eyes, long ears, and a small red nose. When it opens its mouth, two sharp fangs can be seen on its upper jaw. There are small tufts of white fur on its shoulders, and it has a large, fluffy tail.
"
336,dataset/images/336.png,"Seviper is a serpentine Pokémon that is usually depicted scrunched up like an accordion. It is mostly covered in black scales, but it has several markings on its body. It has yellow hexagon markings that run from its head to its tail, small yellow bumps where it touches the ground, and various purple scar-like marks. It has elongated red fangs that protrude from its upper jaw and fierce red eyes. Its tail is partially red and has a blade-like shape. Seviper sharpens its tail on rocks. 
"
337,dataset/images/337.png,"Lunatone is a cream-colored, rock Pokémon with a crescent moon shape. In the center of the crescent is a pointed, beak-like structure. It has deep-set, red eyes, which can cause paralyzing fear or induce sleep.
"
338,dataset/images/338.png,"Solrock is a primarily orange, spherical Pokémon. It has eight yellow, rocky spines extending from the sides of its body; and multiple small, yellow stony bumps running vertically along its center. On its back are dual rocky mounds, situated to the sides of the mid-line. Its large eyes consist of thick, semicircular yellow eyelids through which black sclerae and red pupils can be seen. A black ring with six extensions surrounds each eye.
"
339,dataset/images/339.png,"Barboach is a small, serpentine Pokémon that resembles a loach. The main body is a soft gray with a jagged black line running its length. Its eyes are very small, and it has a round, blue nose. It has several blue barbels that are used as a superb radar in murky water and can be used for taste as well. These whiskers are left exposed when it hides in the mud to wait for prey. There are two rounded, blue pectoral fins and a single dorsal fin, all of which have black spots. Its tail fin is also rounded and blue but possesses no spots.
"
340,dataset/images/340.png,"Whiscash is a dark blue, chubby catfish-like Pokémon with a yellow underbelly. It has a cavernous mouth with light blue lips that have short, thin whiskers growing from the lower lips. Long, yellow barbels grow from its cheeks, and there is a yellow marking on its forehead that resembles a W. The light blue dorsal fin has a pattern of three black spots arranged in a triangle, while its horizontal tail fin lacks spots. Its pectoral fins and belly fins match its main body color.
"
341,dataset/images/341.png,"Corphish is a red-shelled, crustacean Pokémon with a short tail similar to a lobster. Its eyes are saucer-like with small pupils, and it has three spikes on top of its head. It possesses four pairs of limbs in total: two large pincers used for gripping prey, and three pairs of legs used for walking. The upper segments of its legs, the underside of its body, and lower halves of its pincers are cream-colored.
"
342,dataset/images/342.png,"Crawdaunt is a primarily red, crustacean Pokémon with a tan underside. It has circular eyes set in deep sockets and a large, star-shaped growth on its forehead. The upper and lower halves of its underside are separated by a pattern of angular red shapes, and there are two blue stripes on its throat. Its forelimbs have two large pincers with spiked edges and tan lower halves form. There are two sets of hind limbs. The foremost pair are simple claws with two spikes, while the rear pair are large and thick with two white claws. A yellow triangle marks the base of its lobster-like tail.
"
343,dataset/images/343.png,"Baltoy is a small Pokémon that resembles a tan figurine made out of clay or mud. There are arching, red markings over its eyes, which usually appear closed. A red stripe encircles its body and forms a ring on its belly. It has flat appendages that resemble arms. A spike protrudes from the top of its head and another, smaller spike under its body acts as its foot. It moves by spinning on this single, pointed foot, and balances upright to sleep. Baltoy is usually found in ruins and old graveyards, where it assembles with its kind and unleashes loud cries. Old cave wall paintings depict it living with people in ancient times. As seen in the Pokémon the Series: Ruby and Sapphire episode Me, Myself and Time, an ancient civilization used Baltoy for time travel when spinning on a magic circle artifact. 
"
344,dataset/images/344.png,"Claydol is a large, black Pokémon that resembles a mud statue with two stubby legs. It has a rounded, oblate-shaped head with a peg-like protrusion extending from the center of the top of its head. Along the circumference of its head are many round, pink eye-like structures alternating with yellow studs or beak-like protrusions between each ""eye"". An undulating, white rim runs along the upper edges of the eyes. Its torso features white ring markings, each with a downward extension and yellow dot in the middle. Two smaller orbs sit at its sides like limbs and a peg-like protrusion extends from each orb that is capable of firing various energy beams. These two orbs are not attached to its body but are usually kept floating close by Claydol's psychic powers. Claydol uses the same telekinetic abilities to move and float through the air. It lives in rough terrains.
"
345,dataset/images/345.png,"Lileep is a plant-like Pokémon based on a crinoid with eight dark-tipped, pink petal-like tentacles protruding from an opening on top of its head. Inside the pitch-black opening are two glowing, yellow eyes. The remainder of its head is purple with yellow eyespots resembling targets. The head is connected to the body through a yellow stem. The body itself is purple and semi-spherical. Four stubby roots anchor this Pokémon firmly to the rocks of its home on the sea floor.
"
346,dataset/images/346.png,"Cradily is a green, plant-like echinoderm Pokémon with various yellow markings on its head, neck, and torso. There are circular, yellow eyespots on its head. However, its true eyes are concealed inside the dark, crescent opening on its head. Surrounding its head at the base are eight pink tentacles, which somewhat resemble flower petals. Its long, flexible neck has yellow bands in the center, and it can be extended to assist in capturing prey. Its body is short and squat with four stubby growths and a yellow, oval, target-like pattern on the chest.
"
347,dataset/images/347.png,"Anorith is a greenish-gray, arthropod Pokémon that resembles an anomalocaris. A stalk extends from either side of its head, with large, spherical eyes at the tips. The middle of its head is black with two red, teardrop-shaped markings, and an X-shaped mouth is visible on the underside of its torso. Beneath its head are two large, segmented claws that serve as weapons and are used to capture prey. On each side of its body are four white appendages with red tips. These wing-like projections are used to propel Anorith through the water.
"
348,dataset/images/348.png,"Armaldo is a bipedal, amphibious Pokémon that somewhat resembles a mantis shrimp. It is covered with thick, grayish-blue plates. There are accents of yellow, black, white, and red throughout its body. Its oblong eyes protrude from the sides of its head. A black pattern with two red, teardrop-shaped spots covered the center of its head and a yellow lower jaw. Three pairs of wing-like appendages extend from the sides of its long, thick neck. A plate of armor on its back has four short spikes and two triangular, yellow-rimmed wings extending from underneath. Its scaled chest and belly are rimmed with yellow lines as well, and there are two large yellow plates in the center of its chest. Its segmented arms extend from holes in these plates, each with a large, black claw. The legs are also segmented, with black knees. A pair of black fins tips its long tail.
"
349,dataset/images/349.png,"Feebas is a shabby, old-looking, fishlike Pokémon with a light brown body covered in dark, irregular spots. It has large, deep-set eyes and big, pink lips. The tail and pectoral fins are dull blue and tattered in appearance. The dorsal fin is triangular with a hole in the middle.
"
350,dataset/images/350.png,"Milotic is an aquatic, serpentine Pokémon with a primarily cream-colored body. It has red eyes with long, pinkish antennae above them. Additionally, there are long, hair-like fins above its eyes, which begin thin and thicken towards the tips. These eyebrows extend to almost half of Milotic's body length and will be longer on the female than the male. On top of its relatively small head is a straight spike. Running down either side of its neck are three black dots, similar to gills. Its lower body is a pattern of blue and pink, diamond-shaped scales outlined with black. The tail consists of four large, blue fins with pink ovals in their centers. Each of the tail fins overlaps the next slightly, causing it to resemble a fan. Milotic's scales are said to change color depending on the viewing angle, which has so far only been depicted in Pokémon Battle Revolution.
"
351,dataset/images/351.png,"Castform is an artificial Pokémon that changes appearance and attitude based on the weather. Its body is made of cells exactly like those of water molecules, causing its cellular structure to be chemically altered by temperature and humidity. Though not of its free will, Castform uses this ability to protect its tiny body. In its Normal form, it resembles a plain, gray cloud with a single wisp extending from the top of its head.
"
352,dataset/images/352.png,"Kecleon is a bipedal, reptilian Pokémon that is usually green. On either side of its head are yellow frills, which are connected by lines to its yellow lips and rings around its eyes. There are small ridges on its shoulders and a red zigzag stripe around its midsection. The hands and feet have three short digits each, and it has yellow soles. It also has a long skinny tail that is usually curled tightly in a spiral.
"
353,dataset/images/353.png,"Shuppet is a spherical, levitating Pokémon that appears to be covered by a gray cloth. Black rings surround its multicolored eyes, which have light-blue sclerae, dark-blue irises, and yellow pupils. Occasionally, it will display a large, pink tongue. Extending from the top of its head is a long, pointed horn. 
"
354,dataset/images/354.png,"Banette is a dark gray, doll-like Pokémon that is possessed by pure hatred. It has three short spikes on its head and a long zigzagging ribbon trailing off the back of its head. A zipper acts as its mouth, and it has purplish-pink eyes with slit pupils. Its long, flat arms have three-fingered hands, while its legs are short and stubby. It has a yellow, brush-like tail.
"
355,dataset/images/355.png,"Duskull is a Pokémon which appears to be a stylized personification of the Grim Reaper. Its body resembles a black robe with two bone-shaped patterns on its back. It has a mask that resembles a skull and a single eye that floats between its eye sockets.
"
356,dataset/images/356.png,"Dusclops is a Pokémon with a roundish gray body with two stubby legs. Its body is hollow and wrapped in bandages. It has a single red eye and three tooth-like projections. The red eye is said to be the true form of Dusclops, but no one has yet to see this claim. It has two wispy, light gray growths coming out of its shoulders and one on top of its head. Its light gray hands are almost always depicted as being directly attached to its body, though in PK15 and in several panels of Pokémon Adventures they can be seen floating independently.
"
357,dataset/images/357.png,"Tropius is a large, sauropod-like Pokémon with a brown body wrapped in green leaves on its chest and head. It possesses large, broad green leaves on its back, which it uses for flight and for sugar production via photosynthesis. Despite being very big and bulky, it is surprisingly maneuverable in the air. It has a long neck with a thin black line around it. It uses its neck for reaching treetops to gorge on its most favored fruit. Since it ate only this kind of fruit continuously, the fruit began to grow around its neck. These yellow, banana-like fruits can be picked and consumed by other Pokémon or humans, and grow twice a year because of the rapid production of sugar in Tropius's leaves. Its feet have toenails the same color as its fruit.
"
358,dataset/images/358.png,"Chimecho is a small, round Pokémon with a mainly bluish-white body shaped like a fūrin wind chime. It has beady, yellow eyes and three stubby limbs. Its body has a horizontal amaranth-colored pattern. Underneath its body extends a long, tag-like tail that has amaranth patterning at the bottom. A yellow, globular growth, referred to as a suction cup or a sucker, is connected to the top of its body.
"
359,dataset/images/359.png,"Absol is a quadrupedal, mammalian Pokémon with a primarily white feline-like body with some dark blue coloration. It has a ruff around its neck and chest and a tuft on the top of its head adorned with a single blue-black oval. Between the dark fur, the curvature of the white fur on its head, and the positioning of its horn, Absol's face vaguely resembles a wu wei symbol. It has a humanoid face with almond-shaped, red eyes, a scythe-like tail, and a scythe-shaped horn on the side of its head. Its broad feet are equipped with three claws each, and dewclaw-like spikes protrude from the heels of its hind legs and the elbows of its front legs. It walks with a pacing gait like that of a bear.
"
360,dataset/images/360.png,"Wynaut is a small, bipedal Pokémon covered in blue fur. Its head is spherical with ear-like, fingerless arms on either side and a bulbous growth on its forehead. It has a wide mouth with a serrated upper jaw and a pink tongue. Its eyes appear closed, each curving upward to a point in the center. The fur on its body ends in a zigzag pattern, extending over its short legs. Wynaut's tail is long and completely black, ending in a round, flattened tip with a white, eye-like spot.
"
361,dataset/images/361.png,"Snorunt is a small, black Pokémon with an ovoid body. It has circular, light blue eyes, wide teeth, and spherical hands and feet that lack digits. It is covered with a yellow cloak that gives it a triangular outline. The coat is rimmed with an orange stripe and has three orange diamond markings on the back. As its evolved form Glalie has a body of rock, Snorunt may also be made of rock. In Pokémon Scarlet and Violet, defeating a Snorunt, Glalie, or Froslass will yield some ""Snorunt fur"", suggesting the cloak is made of fur.
"
362,dataset/images/362.png,"Glalie is a spherical Pokémon that consists of a black rock core covered by ice. The icy covering has several holes and spaces across this Pokémon's body. Blue eyes and a mouth with flat teeth are visible through three of these holes. There are two large, black, conical horns on either side of Glalie's head.
"
363,dataset/images/363.png,"Spheal is a chubby, spherical, seal-like Pokémon with a short, flat tail. Its plushy fur is light blue with several white spots of various sizes on its back. This covering of fluffy fur, combined with the layer of blubber underneath, retains heat and protects Spheal from the cold. It has black, circular eyes; small tusks protruding from its upper jaw; and small, rounded ears. Its stubby flippers and its underside are both beige.
"
364,dataset/images/364.png,"Sealeo is a bright-blue, pinniped Pokémon. Its throat and chest are beige with speckling around the edges. There are two short tusks protruding from its upper jaw, and it has dark brown, oval eyes. It has a powerful pair of front flippers, which are able to crush ice. Additionally, it has a short, flipper-like tail. On the sides of its blunt muzzle are thick, white whiskers. Sealeo's white whiskers are described as being super sensitive.
"
365,dataset/images/365.png,"Walrein is a large, walrus-like Pokémon with a layer of blubber under its skin. It is primarily blue, with thin, white rings around its neck and lines on its fan-like tail-fin. There are two long, ivory tusks in its upper jaw. It has a round snout and yellow eyes, and large tufts of white fur about its face and neck. Its four short legs have long flippers instead of feet.
"
366,dataset/images/366.png,"Clamperl is an aquatic bivalve Pokémon that makes its home on the seafloor. Its bivalve shell is dark blue with a silver rim along the inner edges. The shell is used to clamp down on prey, as well as for protection. A fully-grown shell will have nicks and scratches all over. Inside of the shell is a fragile, light blue body composed of six spherical extensions with a pink, pearl-like head in the center, usually depicted with its eyes closed. There is a circular white patch on each cheek.
"
367,dataset/images/367.png,"Huntail is a light-blue, aquatic Pokémon with a serpentine body. Orange, semi-circular fins run the length of its spine, and there are two additional fins on the underside of its lower jaw. A large, fan-like fin projects from the top of its head. White spots that are surrounded by orange rings, resembling its eyes, dot its body. It attracts its prey by wagging its fish-shaped tail, which features glowing eye-spots, a single dorsal fin, and a single pectoral fin. Huntail's large mouth features sharp teeth and allows it to gulp its prey whole.
"
368,dataset/images/368.png,"Gorebyss is a pink, serpentine Pokémon with a long, thin mouth. This pointed mouth is used to stab prey and drain their body fluids. However, it has also been known to feed on seaweed that grows between stones. Its pink skin becomes brighter in the spring and after it has fed. Its body color changes with water temperature, with Gorebyss found in Alola having blindingly vivid coloration. A long, purple-tipped fin extends from the top of its head, and there is a thin, pointed fin extending beneath its head. There are two purple shells on its chest, causing it to somewhat resemble a mermaid. The tail has a purple, circular fin at the tip, and two white bands near its base.
"
369,dataset/images/369.png,"Relicanth is a Pokémon that is heavily based on the coelacanth. It is covered with hard, brown scales that are similar to craggy rocks. Its tan head has protruding cheekbones, which are smaller on a female. A triangular spike protrudes from the back of its head. Tan patches cover its body and there is a red spot located on both sides. It possesses two pairs of pectoral fins, which it uses to push itself along the sea bottom. Additionally, it has dorsal and pelvic fins near its tail. Its tail fin has a wavy outline. 
"
370,dataset/images/370.png,"Luvdisc is a fishlike Pokémon with a relatively flat body in the shape of a heart. It is primarily light pink, with pale lips and circular markings on its cheeks. Its body is covered in heart-shaped scales.
"
371,dataset/images/371.png,"Bagon is a bipedal, blue, reptilian Pokémon vaguely resembling a Pachycephalosaurus. It possesses a large, round snout, triangular eyes, yellow, circular ears similar to reptiles, and a yellow lower jaw with two teeth protruding upwards. Three thick, gray ridges cover the top of its head and continue downwards to cover its neck as well. There is a triangular patch of yellow on its underside. It has stubby, digit-less arms and short legs with two toes on each foot.
"
372,dataset/images/372.png,"Shelgon is a quadrupedal Pokémon that resembles a pupal stage. Most of its body is covered in a shell of six white plates, made from the same substance as bone. The three top plates each feature a ridge running along their lengths. The shell leaves two hexagonal openings that show small parts of its gray body: one at the back of its body, and the other at its front, where its yellow eyes can be seen. Protruding from between the bottom plates are four stubby gray legs with short red stripes on the inner surfaces.
"
373,dataset/images/373.png,"Salamence is a quadrupedal, draconic Pokémon with a long, tapering tail. It is primarily blue with a gray lower jaw and thickly scaled underside. There are red markings on its throat, the underside of its tail, and stripes on the inner surface of its legs. Additionally, there are raised red ridges above its eyes. Three flat fins protrude from either side of its head, possibly acting in the same manner that a Canard would on an aircraft. It has two pairs of pointed teeth, one in the upper jaw and one in the lower. Each of its short legs has three claws. Salamence is considered an unusual Pokémon due to the circumstances of its Evolution; its fervent desire to fly triggered a cellular mutation that allowed it to suddenly grow large, red wings.
"
374,dataset/images/374.png,"Beldum is a robotic Pokémon that has a long body with a set of claws sticking out of its rear end. It has one large, red eye in the center of its nearly spherical head, which is set into a ball-and-socket joint at its front end. A short crest projects from its body and extends over its head.
"
375,dataset/images/375.png,"Metang is a robotic Pokémon with teal, metallic skin. It has a disc-shaped body with a pair of flat, gray spikes on either side toward the rear. A jet cannot scratch Metang due to its strong body. There is a gray spike in the middle of its face, similar to a nose. A pair of red eyes reside in two holes in its metallic skin. While it appears to lack legs, it has a pair of thick arms with three claws on the ends. The arms are considerably thicker below the elbow and have a flat, blunt protrusion extending over the joint.
"
376,dataset/images/376.png,"Metagross is a massive, robotic Pokémon with a turquoise, disc-shaped body, and four legs. The main body appears to serve as both head and body, and this Pokémon's overall construction gives it the appearance of a mechanized arachnid. It uses its heavy body to pin down its prey before consuming them with its large mouth. A large, metallic cross is situated in the center of its face. On either side of the cross, a red eye peers out from a space in Metagross's metallic armor. Its four legs are joined to the main body by ball-and-socket joints. While the upper portion of the legs is relatively thin, they are considerably thicker below the knee. Each leg has three short claws on the end and a flat, blunt protrusion extending over the knee. The legs can be tucked in, allowing Metagross to float in the air.
"
377,dataset/images/377.png,"Regirock is a large golem-like Pokémon made of brown and orange rocks. It has a pattern of seven orange dots on its face that resembles a capital letter ""H"". It has long arms with jutting shoulders and club-like hands without fingers. There is a line of orange rocky spines running down its back, and its legs are short in comparison to its body. 
"
378,dataset/images/378.png,"Regice is a large, blue Pokémon composed of solid Antarctic ice. Its body is composed of angular crystal-like shapes and its face has an unusual pattern consisting of seven yellow dots in a ""+"" formation. It has four spikes on its back and its two legs are conical and it balances its entire body on their points. There are three fingers on each of its pentagonal arms.
"
379,dataset/images/379.png,"Registeel is a large robotic Pokémon. Most of Registeel's body is spherical and gray while the middle of its face has the appearance of being exposed as it shows black ""skin"" and is surrounded by raised metal. Registeel's lower half is disc-like in shape and has two cylindrical legs without toes. Its face consists of seven red dots in a hexagonal formation, and it has black arms with three fingers each that are connected to its upper half by gray hemispherical shoulders. The backs of its hands have three red triangles pointing away from the fingers.
"
380,dataset/images/380.png,"Latias is a Pokémon with a birdlike body stylized after a plane. Its long neck stretches forward from its squat body. It has no legs, usually floating instead. The rear half of its body is largely red and the upper half white, with jet-plane wings high on its rear and fins on the bottom near its tail. A blue triangle marks the center of its chest, while a red mask partially covers its face. Ear-like fins sit on top of its head and its eyes are yellow. It has short, three-fingered arms with a red covering on the outer side of the lower arms. Latias is a female-only species, with Latios being its male counterpart.
"
381,dataset/images/381.png,"Latios is a Pokémon with a birdlike body stylized after a plane. Its body flows slowly into a thick neck, giving it a bulky appearance. It has no legs, usually floating instead. Most of its body is blue, with white areas near its arms and a white stripe on its back that extend up to its head. Jet-plane wings sit on top of its back, while two tall, jagged fins point behind it from its rear. A red triangle marks the center of its chest, while a blue mask partially covers its face. Long, ear-like fins extend from its jaws to over its head, and its eyes are red. It has three-fingered arms with a blue covering on the outer side of the lower arms. Latios is a male-only species, with Latias being its female counterpart.
"
382,dataset/images/382.png,"Kyogre is a massive, whale-like Pokémon with two big pectoral fins, each with four white square-shaped nails. It has a deep blue body and a white chin area with two small spikes protruding under it. Above each eye are two white, oval-shaped spots. Kyogre has red stripes around its chin, eyes, dorsal fins, and torso. These stripes glow when Kyogre is brimming with power. The tail is tattered with four trailing parts, with the inner ones being smaller than the outer. Its eyes are small, yellow, and shadowed with black.
"
383,dataset/images/383.png,"Groudon is a massive, bipedal, dinosaur-like Pokémon covered in red, segmented plates of thick, lava-resistant skin that act as armor. It has a gray underside and large white spikes that run along the sides of its head, body, and tail. Groudon has four claws on each hand, four dozer-like blades on the end of its large tail, and three claws on each foot with gray markings under its feet. It also has blue stripes inside the seams of its armor plating which can only be seen when Groudon is glowing with power.
"
384,dataset/images/384.png,"Rayquaza is a large, green, serpentine Pokémon that also resembles a missile. It has red-tipped, rudder-like wings on its shoulders and down its body, and similarly patterned fins on the tip of its tail. Yellow ring-like symbols run across the length of Rayquaza's body and it has an additional yellow ring on top of its head. Rayquaza has two limbs with three-clawed hands, and two long, flat, horn-like structures on its head, with two shorter horns along its jawline. It has small, yellow eyes with black pupils, prominent pink gums, and two discernible fangs in its upper jaw.
"
385,dataset/images/385.png,"Jirachi is a small, white, humanoid Pokémon. It has short, stubby legs and comparatively longer arms. There are flaps on the underside of its arms, which give the impression of long sleeves. On its belly is a curved seam, which conceals a third, yellow eye with a cyan pupil, known as its ""true eye"". Additionally, Jirachi has a normal pair of ovalish eyes on its face, with small, blue triangular markings underneath. On its head is a large, yellow structure with three points extending outward: one from the top and one on either side. On each point is a teal tag, known as a ""wish tag"". A rounded extension hangs from either side of the yellow structure, framing Jirachi's face. Two yellow streamers flow from Jirachi's back, resembling comet tails.
"
386,dataset/images/386.png,"Deoxys is an alien-like, bipedal Pokémon that has four forms, each focused on a different stat. The main components that are constant for all four forms are dominantly a red color, a light blue face, and three light blue dots on its back arranged in a triangle. There is a purple stripe running down the center of its face and a purple, crystalline organ in its chest. Its white, circular eyes are set inside rectangular, black eye sockets.
"
387,dataset/images/387.png,"Turtwig is a small, light green, quadrupedal Pokémon resembling a turtle or tortoise. Its eyes, feet, and lower jaw are yellow. Its body is covered by a brown shell that is composed of earth and minerals. The shell has a thick black stripe and a black rim. On a very healthy Turtwig, the shell should feel moist. A pair of small leaves, described singularly as ""the leaf on its head"" by the Pokédex, grow on a brown patch on its head. This leaf will wilt if the Pokémon becomes thirsty.
"
388,dataset/images/388.png,"Grotle is a quadrupedal turtle Pokémon with light green skin and a large shell covering its back. The shell is composed of hardened soil and conforms to the shape of Grotle's body, extending from its forehead to the tip of its short tail. The shell appears sectioned and is yellow with three long, brown ridges atop it. Two bush-like trees are growing around the outermost ridges. Grotle's lower jaw is yellow and has triangular extensions on the cheeks, while its upper jaw has a hooked tip. Its feet are yellow and have three claws each.
"
389,dataset/images/389.png,"Torterra is a tall, bulky, quadrupedal Pokémon resembling a tortoise, with a large shell covering its back. There is a single, oak-like tree and three triangular, stony extensions resembling mountain peaks on the top of the shell. There is a patch of brown, resembling soil, next to the tree. A white rim surrounds the shell and forms a diamond-shaped continuation on the front. Torterra's body appears sectioned, with the upper half being green and the lower half brown. Its mouth is jagged, which gives it the appearance of a snapping turtle. It also has a black nose. Its lower jaw is green and there are two large spikes protruding from its cheeks. Torterra's small, red eyes are encircled by a black ring. Its legs are thick and they have four toes each, which appear as if they are actually jagged stones. There are three toes on the front and one on the heel.
"
390,dataset/images/390.png,"Chimchar is a bipedal Pokémon resembling a chimpanzee. Its fur is primarily a shade of orange, although its face, outer ears, underbelly, hands, and feet are light yellow. Its ears are large in comparison to its head, and has red insides. It also has red markings around its eyes, as well as two pointed teeth in its upper jaw, a swirl-like symbol on its chest, and five fingers on its hands with three toes on its feet. It has a swirly crest of hair on its head. Its rear has a small, round, red patch that is usually obscured by flames produced by burning gas in its stomach. These flames cannot be put out by rain, although they go out when Chimchar goes to sleep, and burn weakly when it feels ill. In the past, this flame on its rear has caused people to mistake it for an apparition, dubbed the ""Lantern-Tail"". Chimchar is very agile, being able to climb the rocky ledges of tall mountains where it lives. It has been recently seen living in the Terarium of Blueberry Academy.
"
391,dataset/images/391.png,"Monferno is a bipedal, primate-like Pokémon. Orange fur covers most of its body, except for its ears, muzzle, fingers, circular areas on its palms, feet, and chest, which are tan. A small tuft of fur extends from the top of Monferno's head, and it has oval, brown eyes. Its eyes have a thick blue marking above and a small, red marking in-between. Its muzzle is short and blunt, with two small, pointed teeth in its upper jaw. There is a white ruff of fur around its neck and gold bands around its arms near its shoulders. It has five fingers on each hand, but only three toes on each foot. Its long tail has a red ring around the base and a flame burning at the tip.
"
392,dataset/images/392.png,"Infernape is a bipedal, primate-like Pokémon that is primarily reddish-brown with sections of white fur on its chest, head, and lower legs. Several gold markings adorn its body: swirled, circular ones on its knees and shoulders flame-shaped ones on the back of its hands, and a stripe around its back that forms two swirls on its chest. On top of its head is a large flame, which is never extinguished. Infernape has an orange, rounded muzzle, long, round ears with blue inside, and a red ridge over its eyes. The eyes themselves are blue with yellow sclerae. There are five blue digits on both its feet and hands, and it has a long tail.
"
393,dataset/images/393.png,"Piplup is a light-blue, penguin-like Pokémon, which is covered in thick down to insulate against the cold. It has a dark blue head with a primarily white face and a short, yellow beak. The dark blue feathers on its head extend down its back and around its neck, which causes it to appear to be wearing a cape. There are two white ovals on its chest and a small, light-blue marking resembles a crown above its beak. It has flipper-like arms and yellow feet with three toes each.
"
394,dataset/images/394.png,"Prinplup is a blue, penguin-like Pokémon. It is mostly dark blue with light blue facial markings, wing tips, and lower body. Its eyes are blue and it has a short yellow beak with a small point above it. Two large, yellow ridges extend from its beak over the back of its head and meet just above the nape of its neck. On its body are four large, white spots that resemble buttons. Instead of arms, it has long, sturdy, flipper-like wings that are capable of knocking over and snapping trees. It has short legs with yellow, three-toed feet.
"
395,dataset/images/395.png,"Empoleon is a large, navy-blue, penguin-like Pokémon. It has a wide, yellow beak that extends upward into three pointed horns that form a trident-shaped crest bracketing blue eyes. Large horns are a symbol of leadership and strength for Empoleon. There is a blue marking resembling a crown over its eyes and a white, lacy marking running down its chest. A blue, fin-like projection forms a collar around its throat and runs down the length of its chest and belly. On its back are two raised, gold bumps and a second blue fin that forms its tail. Its yellow feet are webbed with three toes each and its feathers form ruffs above its feet. It has wide, flipper-like wings rimmed with blue along the tips, and three golden claws.
"
396,dataset/images/396.png,"Starly is an avian Pokémon with primarily grayish-brown plumage. There is a white marking on its face resembling a mask, and a white spot on its chest. The top portion of the mask marking is smaller on the female. The rest of its head and the lower half of its wings are black. Starly has a long, orange beak with a black tip, and oval, black eyes with white pupils. A small tuft of feathers curls over the back and its head, and a small, pointed ruff surrounds its neck. It has two black tail feathers with a white feather between them. Its feet are orange with three toes in the front and one in the back. 
"
397,dataset/images/397.png,"Staravia is a grayish-brown, avian Pokémon with black and white markings. Its head and upper body are primarily black with an ""M""-shaped pattern over its white chest. On its forehead is a grayish-brown spot, which is smaller on the female. On its face is a white, mask-like marking with a pattern of spikes along the lower edge. It has small, black eyes with white pupils and a long, orange beak with a black tip. On the back of its head is a long tuft of feathers, which curves forward. The lower halves of its wings are black, and it has black tail feathers with a single white feather in the center. Its orange, anisodactyl feet have black talons.
"
398,dataset/images/398.png,"Staraptor is a grayish-brown, avian Pokémon similar to a large bird of prey. It has small, red eyes and a thin, yellow beak with a black tip. There is a circular white patch on its forehead, which is smaller on the female. Larger white markings cover the front of its throat and chest, separated by a black ruff encircling the shoulders. A red-tipped black crest extends over its head, nearly reaching the tip of its beak. Staraptor is fussy about the shape of this comb, which it uses to appear larger and frighten enemies. It has large wings, five black-tipped tail feathers, and yellow feet with black talons. Its powerful wing and leg muscles allow it to fly effortlessly while carrying other Pokémon, small or large.
"
399,dataset/images/399.png,"Bidoof is a brown, rodent-like Pokémon with four short legs. It has a short, dark brown snout and a small, red nose. Cream-colored markings cover its underside and surround its face. Round tufts of fur form its tail, with five on the male and three on the female. Similar tufts line the bottom of its face and two singular ones form its ears. Bidoof's black paws have three toes with some webbing between them. Protruding from Bidoof's upper jaw are large incisors, which it uses for gnawing on wood and rocks. These teeth grow constantly, so this Pokémon needs to gnaw on hard substances to keep them ground down. The growth rate of Bidoof's teeth is similar to Rattata.
"
400,dataset/images/400.png,"Bibarel is a bulky, bipedal Pokémon similar to a beaver. Brown fur covers most of this Pokémon, with a tan bib-like pattern on its chest. Its face is covered by a tan mask with a rounded extension over each eye; the male will have an additional extension to the side of each eye. While its forepaws are small and slightly webbed, its hind paws are larger and more rounded. Both sets of paws are black with three toes, but the hind paws have circular, tan paw pads. Bibarel's large, flat tail is black with a tan, wavy marking near the tip. Rounded tufts of fur line each side of its face. Its short, dark brown snout has a small red nose and protruding upper incisors. These teeth are used for chewing trees.
"
401,dataset/images/401.png,"Kricketot is a bipedal, bug-like Pokémon. The majority of its body is red with a pale yellow streak down its front and a black cape-like marking on its back. Its head is encircled with a flat, pale yellow structure similar to a collar. A female has a bigger collar than a male. Two hard, black antennae with curled tips are connected to the head by a dark red segment. A similar dark red segment forms this Pokémon's nose, and it has small, black hands and feet. Kricketot are known to stumble sometimes due to their short legs.
"
402,dataset/images/402.png,"Kricketune is a bipedal Pokémon with an insectoid appearance. Primarily red, there are three black, oval markings on its abdomen, a tan streak running down its neck to its belly, and a tan underside with a small, dark red marking above it. It has oval, gray eyes, and a dark red, round nose. Black feelers with curled tips extend from either side of its nose, similar in appearance to a mustache. The male's feelers are longer than a female's. On top of its head are two antennae with conical bases, spherical centers, and long, thin tips. Kricketune has two small feet and a pair of black wings.
"
403,dataset/images/403.png,"Shinx is a quadrupedal, feline Pokémon resembling a lion cub or lynx kitten. Its front half is light blue, while the rear is black. There is a short tuft of fur on its head and smaller tufts on each cheek. The top tuft is smaller on the female Shinx. It has large, oval ears with yellow, star-shaped markings on the insides; yellow eyes; and a tiny, red nose. Whenever its mouth is open, small fangs can be seen in its upper jaw. A black marking encircles Shinx's neck like a collar, and there are yellow bands above its forepaws. The hind paws are black on the male Shinx and blue on the female. Spiked fur surrounds the base of its long tail, which is tipped with a yellow star shape.
"
404,dataset/images/404.png,"Luxio is a feline, quadrupedal Pokémon resembling a young lynx or lion. Blue and black fur cover most of its body. Its ears, face, hind paws, and front half of its body are blue, while its hindquarters are black. Additionally, Luxio has a tufty black mane surrounding its face. The mane is longer on the male Luxio, while the blue coloration on the hind paws extends to the ankles on the female. The insides of its rounded ears are yellow, as are its eyes. There are two yellow rings around each front leg and a yellow, four-point star on the tip of its tail.
"
405,dataset/images/405.png,"Luxray is a quadrupedal Pokémon resembling a fully-grown lion. While its face, hind legs, torso, and the back of its front legs are blue, much of its body is covered with shaggy, black fur. The fur is longer around the shoulders and the base of the tail, and forms a mane on its head. The mane is larger on the male than on the female. It has yellow eyes with red sclerae, a blunt muzzle, and rounded ears with yellow insides. The eyes change to the color when when using its ability. There are three yellow half-rings on the back of each foreleg. Its long, thin tail is tipped with a yellow four-pointed star.
"
406,dataset/images/406.png,"Budew is a bipedal, rosebud-like Pokémon. It is one of the shortest Grass-type Pokémon. Its face is yellow with small, slit-like eyes. It appears to be wearing a green bib and has triangular, stubby yellow feet. When the two vines that are on top of its head open up, a big spot can be seen on each. One vine has a blue spot, while the other has a red spot.
"
407,dataset/images/407.png,"Roserade is a bipedal Pokémon with an appearance that incorporates features of roses and masquerade attire. It has hair made of white rose petals, and a leafy, green cape with a yellow, collar-like bangle on its neck. The cape pattern reaches toward the back of its head, in spiky, sepal-like extensions on the hair. A male will have a shorter cape than a female. It has a dark-green mask over its red, yellow-lidded eyes. The lower portion of its face is light green, and it holds a bouquet in each hand, with a red in its right hand and blue in its left. Its limbs and underside are light green. Its feet end with yellow tips.
"
408,dataset/images/408.png,"Cranidos is a gray, dinosaur-like Pokémon resembling the Pachycephalosaurus. It has a hooked beak, red irises, and a hard, blue, dome-shaped head with four spikes on its back. The hard skull is considered to be Cranidos's most distinguishing feature. It has stubby arms with three claws; despite the stubbiness, it can attack with them. The back half of its body has a large, spiky pattern of blue and it has a short tail. It has feet with three forward claws and one backward.
"
409,dataset/images/409.png,"Rampardos is a large, dark-gray, dinosaur-like Pokémon resembling a Pachycephalosaurus. It has a pearl-like dome crowning its head, which obstructs its red eyes. It has blue stripes, one on its tail, and one on each of its knees and wrists. It has various spikes: one on each knee, two on the blue-collar on its neck, two short ones on its nose, and four on its head. Two of these head spikes are bigger than the other two.
"
410,dataset/images/410.png,"Shieldon is a small, yellow, ceratopsian-like reptilian Pokémon. It has white toes and a white bump on its back. Shieldon has a dark-gray elliptical face, with a prominent white brow and a white rim on its black snout. Its facial hide is extremely hard; however, it is vulnerable when attacked from behind.
"
411,dataset/images/411.png,"Bastiodon is a Pokémon which appears to be a cross between a ceratopsian such as Chasmosaurus and a bulldozer. Its dark gray, square head resembles a castle wall, complete with four cream-yellow, window-like spots with a black outline, three dark gray spikes on the top, and two larger gray spikes in the upper corners. Bastiodon's triangular nose extends from the middle of its shield-like head down over its lips and appears to be pierced by a gray, horizontal spike. Four spikes jut downward and four large, blunt tusks protrude upward from its dark gray lower jaw. Bastiodon's cream-yellow eyes are partially obscured by the nasal spike and spaced-out tusks. Its thick, cream-yellow body is further protected by a gray ridge and dark gray plates on its back, jagged growths on its legs, and a plated tail.
"
412,dataset/images/412.png,"Burmy is a small, larval Pokémon with a black segmented body and a coiled antenna on top of its head. It has a beak-like mouth and yellow eyes. Burmy has six stubby legs: the first two pairs are black, while the back pair is yellow. There are also two white spots on its cheeks. However, Burmy's legs and cheek spots are only visible on a Burmy without a cloak.
"
413,dataset/images/413.png,"Wormadam is a black, bagworm-like Pokémon with a coat of plants, sand, or garbage, the last of which resembles building insulation. It has oval eyes, a long pointed beak, and a long antenna with a coiled tip. The beak is tipped with varying colors depending on the coat. The coat forms a pair of arm-like structures near this Pokémon's head. It is a female-only species, with Mothim as its male counterpart.
"
414,dataset/images/414.png,"Mothim is a moth-like Pokémon with two pairs of wings, one pair larger than the other is. The wings are primarily tan with an orange, oval marking on each. The tips of the wings split into small, orange squares; there are three on the larger pair and two on the smaller pair. Mothim spreads steel-colored scales whenever it flaps its wings. Mothim's head has orange semi-circular eyes with gray, orange-tipped antennae running along the edges before extending and widening at the top. Its body is black with a patch of orange on the underside and a gray stripe down its back. It also has four gray legs and a small black tail that splits into two squares.
"
415,dataset/images/415.png,"Combee is a small, flying, insectoid Pokémon. Its body consists of three orange, hexagonal sections that resemble honeycomb cells, arranged with two hexagons on top and the remaining hexagon between and below them. Each hexagon has a round, yellow face with two black, oval eyes and a black, curved mouth. In the middle of their foreheads, the upper two faces each have a single whisker-thin, black antenna with black, oval tips approximately the size of their eyes. They also each have a translucent, rounded-triangle-shaped wing connected to an orange, domed joint on their sides. The backsides of the upper faces are yellow and rounded, as the sides of a sphere. The bottom face is the main thinker of the three, and it is also the only one to have a full, insectoid abdomen. This abdomen is yellow near the tip with a thick, black stripe close to its hexagonal frame. Female Combee have red, wedge-shaped spots on the foreheads of their lower faces, just below the point where all three faces meet; male Combee have no distinct markings in this area.
"
416,dataset/images/416.png,"Vespiquen is a bee-like Pokémon with a typical insect-like, three-part body, i.e. divided into an abdomen, thorax, and head. It has a yellow- and black-striped abdomen, which flares out from a thin, waist-like protrusion under its thorax in a manner that resembles an elegant ballgown. Underneath the expansive abdomen are seven orange, honeycomb-like cells that serve as a nest for baby Combee; the centermost cell, however, surrounds what appears to be a slender, yellow, more insect-like abdomen, which is often obscured by the ‘gown’ part of its abdomen. Vespiquen has black arms that each consist of two thin, conical segments. Each arm ends in two small, orange claws. It flies with a pair of relatively small wings, each of which consists of two stacked, translucent teardrop segments. Vespiquen's arms and wings attach to its round thorax, which is yellow on the front, black on the back, and orange on each side where its arms attach. A curved line on its back, between its orange shoulders, separates its thorax and waist. Vespiquen's head consists of its face and horns. Its orange face has intimidating red eyes; yellow mandibles that protrude from its face and connect to its horns; and a large, red gem on its forehead. Vespiquen's horns are yellow near its face and black at the tips, and with the gem, they resemble historical headpieces or crowns worn by European royal and noble women in the Late Middle Ages, such as the escoffion.
"
417,dataset/images/417.png,"Pachirisu is a small, white squirrel-like Pokémon with a faint blueish tint and a light blue stripe starting from its forehead and goes all the way down to the tip of the tail. A female Pachirisu's blue stripe is shorter than a male's. A large white tooth grows out of its mouth. It has deep gray eyes and a yellow circle on each cheek. Its tail is almost twice as big as its body, with three spikes at the top of the curl, which it can use to shoot charges. Though its arms and legs are very short, it can run incredibly fast, enabling it to tire pursuing Pokémon out quickly. It has a great amount of electricity flowing within its body. If it builds up enough charge, it may shock other Pokémon. It is related to the Pikachu line.
"
418,dataset/images/418.png,"Buizel is an orange Pokémon resembling a weasel and a sea otter. It has a yellow collar around its neck and two blue fins on its arms. Buizel has a cream-colored spot above each eye and two black parallel marks on its cheeks. The underside of its face and stomach are also cream-colored, as are the tips of its two tails. A male Buizel has two cream-colored spots on their back, while a female has only one.
"
419,dataset/images/419.png,"Floatzel is an orange Pokémon resembling an anthropomorphic otter or weasel with longer arms than legs. It has four fingers on each hand and three toes on each foot. Its feet are small in comparison to the rest of the body. It has two pointed blue fins on its arms; two aligned, backward-swept, pointed fins on its head; and two tails, which can spin like a propeller in a similar way to its pre-Evolution's. It has cream colorations on its forehead, eyelids, muzzle, belly, and the tips of its forelimbs and tails. It also has one cream, slightly protruding, oval-shaped spot on its back if it is female, and two of these spots if it is male. There is an orange teardrop shape near the bottom of its belly, and a pattern of two black triangles on the edges of its muzzle. It has small, sharp canine teeth, the top two of which can be seen when its mouth is closed.
"
420,dataset/images/420.png,"Cherubi is a small, cherry-like Pokémon with a round, deep-pink body with two stubby feet. The body becomes redder when bathed in sunlight, which signals that it has stockpiled a lot of nutrients. It has beady eyes and a purple-red stripe running down part of its face. Cherubi has a short stem with two big, green leaves and a second, much smaller head growing out of it. This second head is vestigial in terms of function, but it contains nutrients that contribute to Cherubi's growth as its initial source of food. The second head is apparently edible and has a sweet taste, and several Pokémon such as Starly have been seen trying to pluck it off. When the second head begins to bloom and wilt, it means Cherubi is close to evolving. The second head detaches after Cherubi evolves, which become food for other creatures. Cherubi is attracted to honey.
"
421,dataset/images/421.png,"Cherrim is a small Pokémon with two different forms, both of which are dependent on the weather. During normal weather conditions, Cherrim is in its Overcast Form. Two purple petals enclose its deep pink body. A short purple stem and a green leafy sepal sprout from the top of the petals. Its eyes appear to be near its short legs in this form.
"
422,dataset/images/422.png,"Shellos is a sea slug-like Pokémon whose appearance changes depending on which part of the sea it is found in. Both forms have amorphous, slug-like bodies, black oval-shaped eyes with yellow outlines, minuscule, dot-shaped noses, and wide yellow lips. Like real-world sea slugs, they have mantles covering the top halves of their bodies. These mantles are outlined in yellow, similar to their eyes. Unlike real sea slugs, however, they have bulbous heads and four small feet rather than one large foot.
"
423,dataset/images/423.png,"Gastrodon is a sea slug-like Pokémon. Much like its pre-evolved form, it has a slug-like body with a round head and a mantle covering the top half of its body. It has six stubby legs and two black eyes with white pupils, with a mark imitating a third eye appearing on its forehead. A yellow stripe runs along the edge of its mantle, through its two lower eyes, and around the back of its head. Like Shellos, Gastrodon has two forms based on the sea it lives in.
"
424,dataset/images/424.png,"Ambipom is a purple, simian Pokémon with two tails, each with a large, rounded hand with three red-tipped fingers. The tails also have a cuff of a rounded frill on the wrists. The bases of Ambipom's tails also have a similar frill. It has round ears with red insides. Ambipom has an arrangement of split hair sticking out from the top of its head. These strands of hair are longer on a female. It has a purple, triangular nose and wide eyes.
"
425,dataset/images/425.png,"Drifloon is a Pokémon with a spherical, purple body. It has two stringy arms that have yellow, heart-shaped hands on the ends of them. At the base of its body is a frayed protrusion that resembles the tied end of a balloon. In the middle of its face is a yellow tape-like ""X"" mark, which contains its little mouth in the very center. Located on either side of the ""X"" are its small, black eyes. A white mass of fluff that resembles a cloud sits on top of Drifloon's head. Drifloon's body is filled with air, as well as the lost spirits of people and Pokémon. Its body expands as it collects more souls. If it explodes, the souls unleash with a screaming sound. It is also rumored that Drifloon itself is reincarnated from deceased humans.
"
426,dataset/images/426.png,"Drifblim is a Pokémon that has a large, spherical, purple body with the lower quarter of its body being a lighter purple. The colors are separated by a repeated semicircle pattern all around its body. On the top of its head is a puffy, white mass, which closely resembles a cloud. In the center of its body is a large yellow ""X"" mark, and on either side just above the ""X"" are its small, red eyes. On the lower portion of its body are four long, thin arms that extend diagonally in four different directions. Its arms are tipped with yellow and have three short points each. The bottom of its body narrows into a short, red extrusion that fans slightly outward. Drifblim's body contains souls, said to be burdened with regrets. These souls serve as fuel for Drifblim's gas.
"
427,dataset/images/427.png,"Buneary is a small, bipedal, rabbit-like Pokémon with brown ears that can curl up. It has two types of fur covering its body: a light tan fleece that covers much of its lower body, feet, and the tips of its ears, and a smooth, chocolate-colored pelt on the upper half of its body. It has a small, triangular pink nose, pink paw pads on the undersides of its feet, and small tan spots above its eyes. It has a small brown puff of a tail.
"
428,dataset/images/428.png,"Lopunny is a bipedal, rabbit-like Pokémon with a dark brown fur and a short, round tail. It has pink eyes with black markings on the inner edge, long tufts of cream-colored fur above its eyes, and a small, pink nose. Similar tufts of fluffy cream-colored fur cover its wrists, lower legs, and the ends of its long ears, which bend shortly above its head. Lopunny is very proud of these ears and never fails to groom them. If the ears are roughly handled, Lopunny will kick in retaliation.
"
429,dataset/images/429.png,"Mismagius is a purple, ghost-like Pokémon. It has a round head with elaborate tufts resembling a witch's hat atop it. The tips of the tufts are paler than most of the body. It has a thin, red mouth that resembles the letter ""W."" Below its head, Mismagius has a short, thorax-like lump from which its body connects. Three elliptical red spheres surround the upper portion of Mismagius's body. There are extensions on the sides of its lower body with the foremost ones tattered compared to rear ones. This gives Mismagius the appearance of wearing some kind of cloak.
"
430,dataset/images/430.png,"Honchkrow is a dark-blue avian Pokémon with plumage resembling a person dressed in formal attire, one that most resembles a mob boss. It has a large feather crest resembling a fedora hat that has spikes extending from the back. It has circular red eyes with white sclerae and dark blue eyelids. Its yellow beak is slightly curved, and its head is supported by a broad, short neck. Honchkrow has a white and prominent crest of feathers on its chest that bears resemblance to a beard or cravat. Its wings have red feathers on the inside. Honchkrow has black feet with four toes. The tail's base is a white, cylindrical stalk, on which there is a growth of red feathers on the end.
"
431,dataset/images/431.png,"Glameow is a gray feline Pokémon with a slender physique. It has a crescent-shaped head with two white-tipped ears. It also has a white muzzle, a small black nose, pink eyelids, yellow eyes with blue irises, and two rows of thin whiskers. Its neck has a ruff-like fringe, and its legs have similar fringes. Its feet are tipped with white and have pink paw pads on the underside. It has a long, curled, spring-shaped tail and a white fluff at the tip of it.
"
432,dataset/images/432.png,"Purugly is a rotund gray and white feline Pokémon with a crescent-shaped head. Its ears are pointed and tipped purple. It has whiskers with a zigzag-like pattern at the end of them. The frilly portion of its spiraling tail is forked, but it usually keeps it clasped around its waist, which makes it appear less fat. Despite appearing very sluggish, Purugly will not be reluctant to attack if angered and can be quite fast.
"
433,dataset/images/433.png,"Chingling is a yellow, spherical Pokémon similar to a jingle bell. It has stubby arms and legs, as well as beady, black eyes. There are black circular openings on both sides of its mouth. Atop its body is a short yellow ring-like growth with a striped rope through the middle. The rope is red-and-white with short tassels on the ends. 
"
434,dataset/images/434.png,"Stunky is a small, skunk-like Pokémon with dark-purple fur. Its face is large and rounded, with a narrow orange nose, orange-rimmed eyes, and two pairs of somewhat ""V""-shaped cream-colored whiskers on the sides of its face. It has two pointed ears that appear orange on the inside. A stripe of cream-colored fur runs along its back from the neck to the tail, with a small tuft protruding from the base of the neck. Its tail is raised high and ends with spiked hair pointed behind it. It has a cream-colored underbelly, and four short legs, that end in paws with three small, white claws.
"
435,dataset/images/435.png,"Skuntank is a medium-sized mammalian Pokémon that resembles a skunk with a cat-like face. It has purple, spiky fur with several tan stripes. The whiskers present on its pre-Evolution have since vanished or have been replaced by furry purple tufts on the sides of Skuntank's face. Its legs are tan, and the tan coloration of its underside now forms a spiky pattern. Its nose is larger than its pre-Evolution. Its massive tail, which has a cream-colored stripe, sits on top of its back and head.
"
436,dataset/images/436.png,"Bronzor is a flat, circular, blue-green Pokémon. Six dark blue spheres bulge from its rim. It has two round, yellow eyes and a large nose-like sphere surrounded by four small circles in its center. A crest resembling an herb or branch is on its back.
"
437,dataset/images/437.png,"Bronzong is a large Pokémon resembling a blue-green bell with two arms coming out of its sides. It has a hollow body and a yoke attached at the top. Its face can be best described as being a ""Totem Pole"" design; Bronzong has two round, red eyes with blue-green irises and a rectangular mouth with one visible row of square teeth. It also has several darker, rectangular markings on its body.
"
438,dataset/images/438.png,"Bonsly is a round, brown Pokémon with the top of its head resembling a club (♣). A rim goes around the middle of its body. There are three yellow spots on its face, two of which surround its eyes, which are small black dots. It has short legs and toeless feet. Bonsly also has a hole on its rear similar to the draining hole of a flowerpot. It is often mistaken for a Grass-type, but its body is biologically closer to stone.
"
439,dataset/images/439.png,"Mime Jr. is a small, pink Pokémon with dark-blue legs and a ""hat"", which appears crooked and has a white ball on it. A red bump appears on its stomach and a typical red clown nose appears on its face. It has slender arms and small hands.
"
440,dataset/images/440.png,"Happiny is a small Pokémon that is shaped like an egg. It has a soft, smooth, light pink body. On top of its head is a curly outgrowth that resembles a ponytail, with a dark pink band around the base. The appearance of this curly growth of hair often annoys Happiny. It has three round bumps on its forehead and two pink circles on its cheeks. There is a pouch around the lower half of its body. The pouch is red with a white stripe around the top.
"
441,dataset/images/441.png,"Chatot is an avian Pokémon similar to a parakeet. Its head is black and resembles an eighth note, while its black tail resembles a metronome. Its plumage is brightly colored with blue wings, a yellow chest and feet, a green stomach, and a pink, hooked beak and eyelids. Additionally, there is a ruff of white feathers around its neck.
"
442,dataset/images/442.png,"Spiritomb is a ghostly purple Pokémon attached to a stone. Although lacking a physical body, Spiritomb projects its appearance out of a small rock called the Odd Keystone. The rock is trapezoidal in shape and has two small dots. There is a fissure running down the middle, splitting in two near the bottom. The crack in combination with the two dots appears to form a frowning face. Spiritomb's projected appearance is an ethereal composition of swirling purple energy of an unknown kind. Its face is set in the middle of the purple, and contains green, crescent eyes that are connected to its jagged mouth. Its pupils are composed of a spiral and it is sometimes only seen with one. Swirling around its face are green orbs with yellow centers.
"
443,dataset/images/443.png,"Gible is a small, bipedal dragon-like Pokémon that is primarily grayish-blue. It has a big mouth filled with sharp teeth, no neck, and arms that start at the outer edges of its jaws. Its stomach is relatively small compared to its mouth. A red underbelly stretches from its abdomen to the bottom of its jaw. Gible has two horns that resemble jet or plane engines, each with a light blue stripe in the middle. It has a single light blue stripe wrapping around its back, and a short tail. On top of its head is a dorsal fin, which has a notch on it for the male. Its dorsal fin is strong enough to carry a person.
"
444,dataset/images/444.png,"Gabite is a medium-sized, bipedal, dragon-like Pokémon that is primarily blue. Its underside is light blue, with red covering it from the middle of its abdomen to the bottoms of its jaw. Gabite has two appendages that resemble jets or plane engines extending out the side of its skull. Each appendage has a blue stripe. It has four fins: one on each arm, one on its back, and another on its tail. The back fin has a notch on it for the male. It has spikes on its hind limbs, and sharp claws on its feet and wrists. Its eyes have black sclerae and gold colored irises.
"
445,dataset/images/445.png,"Garchomp is a bipedal, draconian Pokémon that is primarily dark blue in color. It has red on its underbelly from the lower jaw to the middle of the abdomen, including the undersides of its arms. A patch of gold comes to a point below the red on its belly, and a golden star shape adorns the tip of its snout. Garchomp has horn-like appendages that resemble a jet or plane's engines, giving it an appearance similar to a hammerhead shark. These horns allow it to sense its prey from a long distance. Its large mouth features razor-sharp teeth. The feet have three white talons, and each arm has a single large, white claw for a hand. Curved fins sprout from the arms, creating wings that allow Garchomp to fly. Garchomp also has a large dorsal fin and another on its tail that resembles a shark tailfin. The male's dorsal fin has a notch on it. Pairs of small, white spikes protrude from its upper arms and legs, and there are gill-like slits on the sides of the neck. The eyes are intense, with black sclerae and gold-colored irises.
"
446,dataset/images/446.png,"Munchlax is a teal Pokémon with a cream spot on its chest. Its round head is teal in the top half and cream on the bottom half. It has big, round eyes and large pointy ears. It has five-fingered hands and cream feet with three clawed toes. The fur close to the bottom of a Munchlax seems to resemble a robe. Munchlax has two pointy teeth that stick out of its mouth even if closed.
"
447,dataset/images/447.png,"Riolu is a small, blue, canine Pokémon. It has a black torso and legs, a blue tail, and a yellow collar. It has rounded bumps on the backs of its forepaws. It has a black ""mask"" and red eyes. It stands on its toes instead of its entire foot. It is sensitive to a special type of energy called Aura; however, it does not have the ability to fully use these powers, although it can still emanate these waves to communicate and sense them, albeit only in ripples. It has developed two black appendages that hang down from its head, which rise when Riolu reads or manipulates aura. It has even been seen that Riolu can sense and react to Aura before they even hatch. The aura emitting from Riolu's body grows even stronger when it is frightened or sad.
"
448,dataset/images/448.png,"Lucario is a bipedal, canine-like Pokémon with predominantly blue and black fur. It possesses a short, round spike on the back of each forepaw, in addition to a third on its chest. It has red eyes, a long snout, and ears. When its mouth is open, two pairs of pointed teeth, one in the upper jaw and one in the lower, can be seen. It possesses cream-colored fur on its torso and blue fur on its thighs that resemble shorts. It has a medium-length tail of the same blue color as well. It stands on its toes rather than on its entire foot. It has developed four black appendages that hang down from its head, which rise when Lucario reads or manipulates aura, a special energy that it senses; these appendages are very similar in shape and number to the four pink appendages on the head of the Being of Emotion, Mesprit. Lucario can use its powers to create a staff in the form of a bone and use it to fight.
"
449,dataset/images/449.png,"Hippopotas is a quadrupedal, hippopotamus-like Pokémon that is most commonly found in deserts and other arid places. Its skin color depends on gender: if male, it is tan with mottled dark brown patches, and if female, its coloring is reversed. It has a large snout with round, protruding nostrils, and several blunt teeth inside its mouth. Its eyes and small ears protrude from the top of its head. It has a small hole on its back. Each of its feet has two blunt claws, and it has a small tail.
"
450,dataset/images/450.png,"Hippowdon is a large, hippo-like Pokémon with skin color based on its gender. It is light brown if male, and bluish-gray if female. It has a dark gray back and muzzle with several small and large holes in them. It has red eyes, a large rounded snout, and a massive mouth that is over 7 feet (2 meters) wide when open. This mouth is filled with peg-like teeth, with the two front teeth on its lower jaw being much longer than the rest. Hippowdon also has black feet with four blunt, flat claws each.
"
451,dataset/images/451.png,"Skorupi is a Pokémon which resembles an oversized, pale purple scorpion. Its claws and tail have been swapped, giving it two stingers and a claw tail. The miniature jaws, claws, and tail claws are white. Its arms are attached directly to its head, close to its teal eyes. A pointed marking joins its eyes. The head, arms, two tail segments, and all four legs are light blue, while the body, tail end, and other two tail segments are a darker shade of blue.
"
452,dataset/images/452.png,"Drapion is a large, purple, scorpion-like Pokémon. Its eyes are a pointed shape, with blue-colored upper portions. Drapion has two small, pointed protrusions between its eyes and one on the back of its head. Drapion also has protrusions on its jaws, two on the upper and three on the lower, with large, fang-like, white-colored features extending from its mouth. Its body is composed of many violet-to-lavender body segments which end with a tail with two stingers. Drapion has four segmented legs with pointed toes. Its most distinguishing feature is its huge claws. It can turn its head 180 degrees.
"
453,dataset/images/453.png,"Croagunk is a dark ultramarine-blue, bipedal Pokémon that resembles a poison dart frog. It has yellow eyes, which are surrounded by black markings. There are orange, expandable pouches on its cheeks, and its teeth are wide and flat. A black marking encircles its upper arms and chest, and there are white bands around its chest. The white markings are slightly higher up on the female Croagunk than the male. It has three fingers and toes, most of which are black. The only digits that are not black are its center fingers, which are orange instead.
"
454,dataset/images/454.png,"Toxicroak is a dark blue and teal, bipedal Pokémon resembling a poison dart frog. Its head bears a gently-upward curling spike which seems to be a part of the skull. Its eyes are bright yellow, sinister and intimidating, with a small snake-like pupil. Its mouth gives an appearance of a mouth-guard, with its red upper lip curling upward at the ends in a very intimidating manner. Underneath its chin is a bulbous red vocal sac, which is smaller on a female Toxicroak. It has three fingers and one large red claw on the back of each hand. These claws on the backs of their hands can channel poison. Its forearms have two black rings encircling them. Its legs are muscular and seem to be adapted for speedy attacks. It has three toes on its feet, with a red middle toe on each foot, and a sharp spike that juts out of its heels. Underneath the pelvic area are two white horizontal lines. Thick black lines run down the sides of its body and surrounding its limbs, making them seem as if the limbs are detachable. The black lines go up into its face and surround the eyes before meeting in the middle of its snout, just above the upper lip.
"
455,dataset/images/455.png,"Carnivine is a green plant-like Pokémon resembling a Venus flytrap. Its circular eyes have small pupils, and it has spiky teeth. Its stem is yellow with green spots, with red and green vines beneath with the appearance of tentacles. It has two arms resembling leaves with three leafy 'fingers' each.
"
456,dataset/images/456.png,"Finneon is a small fishlike Pokémon with an ellipsoid body. The bottom half of its body is light-blue while the top half is black. A pink stripe runs across either side of Finneon's horizontal length. It has small blue pectoral fins, two black oval-shaped dorsal fins, and pink eyes. Finneon's most notable feature is the pair of caudal fins that resemble a pair of blue butterfly wings with pink spots. The bottom lobes of a female Finneon's tail fin are bigger than a male's. Finneon's pink stripes and spots can absorb sunlight, which allows those areas to shine vividly at night. Finneon shines itself as a form of camouflage, as well as to attract prey.
"
457,dataset/images/457.png,"Lumineon is a fishlike Pokémon with dark blue scales. Its eyes are deep pink, and its face and eyelids are light blue. It has two pairs of large pectoral fins that resemble butterfly wings. These fins have wavy, light blue markings around the edges, and the lower pair is longer on the female. The light blue markings on Lumineon's pectoral fins are able to emit light. There is a band of light blue running vertically around its body. Its tail is long with a deep pink spot at the tip, and it has a pair of light blue pelvic fins.
"
458,dataset/images/458.png,"Mantyke is a Pokémon that resembles a manta ray. It has a round body with wide, flat fins. Its back is dark-blue, while its underside is light blue. There are two red spots with white outlines and a light-blue, curved line on its back. These markings give the overall impression of a smiling face and vary slightly in each region. It has two long, curving antennae on top of its head and black eyes with eyelash-like markings underneath.
"
459,dataset/images/459.png,"Snover is a Pokémon with a white upper body and brown lower body that resembles a snow-covered tree. It will be two-thirds brown if male and two-thirds white if female. It has green eyes and three points on top of its head. Its feet and green tail are stubby, and there are two green spikes that resemble pinecones on its back. Five cones form its hand: a large central cone with four smaller cones around it. Edible white Berries grow along Snover's midsection. It usually grows the berries when spring approaches.
"
460,dataset/images/460.png,"Abomasnow is a large, bipedal Pokémon covered in shaggy, white fur. It has pale purple eyes with bushy eyebrows and long strands of fur covering its mouth. Two tufts of longer fur grow on both its back and chest, with the chest fur being longer on the female. Its hands, feet, and tail are dark green and spiky, similar to the foliage of an evergreen tree. On its back are four green spikes that resemble pinecones.
"
461,dataset/images/461.png,"Weavile is a bipedal Pokémon with a pale, gray body that resembles both a cat and a weasel. It has a bright red crown and collar made of wide feathers and a single, thinner feather on each ear. The ear feathers are smaller on a female Weavile. Weavile has two tail feathers and three claws on each paw. There is an oval, yellow gem-like protrusion in the center of its forehead. Its eyes are red with three eyelashes, and four fangs protrude from its upper jaw. Weavile is distantly related to Sneasler from the Hisui region.
"
462,dataset/images/462.png,"Magnezone is a robot-like Pokémon which resembles a UFO. It is the result of Magneton leveling up in the presence of a special magnetic field. The Evolution occurs on a molecular level, but despite this, scientists have failed at attempts to force it. Magnezone's tough steel body is wide and circular, similar to a disc or saucer, with a thin edge circling the diameter of its body. Its main eye is in the center, containing a large, red pupil. On each side of its body, it has a ball-shaped addition that resembles a Magnemite, with each side containing an eye, horseshoe magnet, and Phillips head screw. These secondary eyes can move independently of its main eye, as shown in Confronting the Darkness!. On top of its head is a tall, thin, yellow rod, closely resembling an antenna, which it uses for certain attacks. Behind its body is a third horseshoe magnet, positioned like a tail.
"
463,dataset/images/463.png,"Lickilicky is a dark pink, rotund Pokémon with a small tail and a long tongue. It has a yellow line pattern on its belly and a white bib-like pattern. It also has what appears to be a curled appendage on its head.
"
464,dataset/images/464.png,"Rhyperior is a large, brownish-gray Pokémon with two horns: a larger one on its nose, and smaller one above it. The upper horn is even smaller on a female Rhyperior. The larger horn is divided into three sections by two thin slanted rings, making the horn resemble a drill. Its hide is partially covered by orange, rocky plates on its head, shoulders, arms, waist, and knees, similar to that of the protector used to evolve it from Rhydon. The hide of Rhyperior's armor has a mysterious substance. It has blade-like protrusions on its elbows and has holes in the palms of its hands which work as cannons or guns. It has three blunt, gray fingers on each hand, two gray toes on each foot, and a club-like tail. Its eyes have red irises with what appears be two thick, rectangular rocks above each one, resembling heavy eyebrows.
"
465,dataset/images/465.png,"Tangrowth is a large Pokémon with a black body wrapped in a large mass of blue vines. The vines are used to entangle foes and prey. A pair of saucer-like eyes peek out from beneath the tangled mess of vines. Its stubby black feet are tipped with red. Tangrowth has a pair of blue boneless arms that have three fingers. The arms are made from bundles of vines. These fingers are completely red on a female Tangrowth, while they have red tips on a male.
"
466,dataset/images/466.png,"Electivire is a large, humanoid Pokémon covered in yellow fur with black stripes. It appears to lack a neck and has red eyes, a black spot on its forehead, and a pair of antennae with bulbous tips. A pattern on Electivire's back resembles an electric outlet. The fur on its cheeks and shoulders is spiky and ruffled. It has two black tails with red rounded ends, resembling open electrical wires. Electivire has black feet with three, clawed toes, and five black fingers on each of its hands.
"
467,dataset/images/467.png,"Magmortar is a large, vaguely humanoid, red-and-yellow-striped Pokémon with an egg-shaped body. It has pink lips on its dark face. It has yellow, tubular arms with a black ""band"" on both and three small claws on the black part of each ""hand"". Its legs are small in proportion to its body with pink thighs, red feet, and black shackles around its ankles. It has one large yellow flame on its head, as well as large red flames on its shoulders and tail. Additionally, it has four pink spikes on its back. It has an organ that resembles a magma chamber.
"
468,dataset/images/468.png,"Togekiss is a white, avian Pokémon with an ovoid body. While its feet are small and situated closely together, its wings are broad and triangular. Red and blue triangular markings over its underside, and it has a short tail consisting of three feathers. On the back of its head are three spikes: a red-tipped one on the right, a blue-tipped one on the left, and a pure white one in the middle. Togekiss has a relatively flat face and small, black eyes.
"
469,dataset/images/469.png,"Yanmega is a large, dark green dragonfly Pokémon. Its large eyes are red with black lines that make a sideways ""T"" shape in each one. It has two large, white fangs or mandibles next to its small mouth. Its immense jaw power allows it to bite apart foes while flying by at high speed. Each of Yanmega's segments has a red spot on them, while the last tail segment has a black triangular plate. It has two similar plates on the back of its thorax and a third on its head. Yanmega has six black thin legs. It has four white, oval wings with red tips, and there are two smaller white wings on the end of its tail.
"
470,dataset/images/470.png,"Leafeon is a mammalian, quadrupedal Pokémon. Its body is tan with dark brown paws. It has a multitude of small green sprouts growing all over its legs, chest, and back, with the longest one on its head, in front of four tan tufts of fur. Leafeon's green ears and tail resemble tattered leaves. It has brown eyes and a small, brown nose.
"
471,dataset/images/471.png,"Glaceon is a quadrupedal, mammalian Pokémon covered in light-blue fur. It has long, pointed ears, dark eyes, and a small nose. A teal crest with two dangling flaps adorns its head, resembling hair or headgear. Glaceon has two dark blue, rhombus-shaped markings on its back; the tip of its tail, feet, and flaps are the same shade of blue.
"
472,dataset/images/472.png,"Gliscor is a large, mainly blue-purple vampire bat-like Pokémon, partially clad in an insect-like carapace. Its legs have two toes and a slightly darker circular coloration on the underside, and its tail has two barbs, giving its tail the resemblance of a vampire's fangs. Its arms are red with thin striations and are completely detached from its black wings, and each is ended with large pincers. Its ears have discernible, red, chambered ear insides, and its eyes are yellow. It has six visible fangs in its mouth, and its waist, like its arms, is red and striated. Gliscor's body resembles an open mouth, with the pointed protrusions coming from its upper torso resembling fangs, further illustrating its vampiric qualities. It has a tendency to hang upside down from trees while watching its prey.
"
473,dataset/images/473.png,"Mamoswine is a large, quadrupedal Pokémon resembling a wooly mammoth crossed with a boar. Its brown fur is very thick to endure harsh cold and protect from snow and ice. Its tusks, which are smaller on a female Mamoswine than on a male, are made of pure, solid ice. Mamoswine has a blue mask-like pattern with a white rim around its face and eyes, resembling ski goggles. The fur on its muzzle is tan and shaggy, and its nose resembles that of a pig. Mamoswine's feet are black with three thick toes, and its tail is small.
"
474,dataset/images/474.png,"Although technically a virtual, manmade Pokémon, Porygon-Z does have a physical body. Its head is fuchsia and ovoid in shape with a short, blunt antenna protruding upwards and a blue bill similar to that of a duck. Its eyes are yellow and have black rings, similar to a bulls-eye. The head is completely detached from the body and floats slightly above it. Its smooth, ovoid body is fuchsia with a blue ring connecting its arms. Two arms are loosely connected to their upper body and, other than their blue color, have no features. The tail is also blue and featureless but slightly resembles a paddle.
"
475,dataset/images/475.png,"Gallade is a white, bipedal, bishōnen-like Pokémon. Its lower body consists of rounded hips with strong legs. It has a thin green torso with sharp, red horns sticking out of its chest and back. Its arms resemble tonfas with extendable, blade-like elbows. Its head resembles a gladiator's helmet with a white face, red eyes, and a teal head crest. It has spikes on the sides of its face.
"
476,dataset/images/476.png,"Probopass is a mostly blue, rock-like Pokémon. It has small round eyes, a red nose that is large in proportion to its body, and a bushy black mustache that consists of iron sand, which appears to be attracted by its magnetic nose. Probopass has three small objects on its sides and back, called Mini-Noses (Japanese: チビノーズ Chibinose), which it is able to control. It has a big red hat-like magnet on top of its head, and exudes strong magnetism from all over its body.
"
477,dataset/images/477.png,"Dusknoir is a primarily black Pokémon that somewhat resembles a cyclops. Its cylindrical head is light gray with a single eye that has a yellow iris and a red pupil. Its eyelid resembles a smiling mouth, with its red eye being a tongue. There is a yellow band near the top of its head, and a short, yellow antenna with a disc-shaped tip extends from on top. Six flat projections extend from the base of its neck and surround its head, resembling an upturned collar. Dusknoir has well-developed arms with two yellow bands near its wrists and large, gray hands. On the front of its torso are two almond-shaped markings, and on its back are two circular markings. Both sets of markings resemble eyes. A yellow band encircles its body, zigzagging along the front and forming a long curve around the back. It has a wispy tail in place of feet.
"
478,dataset/images/478.png,"Froslass is a humanoid Pokémon with a hollow torso that resembles a kimono. It wears a red band around its waist, reminiscent of an Obi. Its body lacks feet and it floats in the air like its counterpart, Glalie. Its arms are connected to the sides of its head and flare at the wrists. The flared portion has a dappled light blue coloration. Its hands consist of three small fingers. Froslass's head is shaped similar to a sideways water droplet and is topped with two ice crystals that resemble horns. Its head has several holes on it, resembling a mask. Through two of these holes, crystal blue eyes with yellow sclerae can be seen. It also has a mouth below this ""mask"".
"
479,dataset/images/479.png,"Rotom is a small, orange Pokémon that has a body of plasma. It is mostly spherical, with a bulb below its body and a long pointed protrusion on top, making it shaped like a lightning rod. There is a whitish blue aura of electricity around it that forms lightning bolt-shaped appendages. When moving quickly, these appendages tend to disappear, in favor of a long similar-looking trail of blue electricity. It has teeth, and its unique, blue eyes have a dividing line across them. In its base form, Rotom cannot be touched by anyone without the latter being shocked in the process. According to the Rotom Catalog, Rotom in its base form is possessing a light bulb. Rotom lack any sort of circulatory system or pulse.[1]
"
480,dataset/images/480.png,"Uxie is a small, gray, fairy-like Pokémon with two gray tails that are each encrusted with a red gem. Uxie has a partially yellow face with another red gem encrusted into its forehead. Its head faintly resembles that of a helmet or a human brain.
Uxie always has its eyes closed, as it can wipe out the memory of those who see its eyes.
"
481,dataset/images/481.png,"Mesprit is a small, gray, fairy-like Pokémon. It has two tails that each have a red jewel encrusted in them. Mesprit has a partially magenta face with another red gem encrusted in its forehead. From near the top of its head, four long, drooping, magenta appendages extend, to which the four black aura-sensing appendages on the head of Lucario are similar in shape and number.
"
482,dataset/images/482.png,"Azelf is a small, gray-blue, fairy-like Pokémon. It has two tails that each have a red jewel on them. Azelf has a partially cyan face with another red gem encrusted into its forehead. Azelf has a cone-shaped head with elf ear-like protrusions on each side.
"
483,dataset/images/483.png,"Dialga is a dark-blue, sauropod-like Pokémon with some gray metallic portions and light blue stripes. It has a chest plate on its torso, which has a deep blue diamond-like crystal embedded in the center. Dialga has a five-spiked fin-like structure on its back similar to a gear, three spines on the back of its neck, and a crest on its head, resembling a dinosaur. The crest somewhat resembles the shape of a sundial's rod. It also has two structures on the sides of its head that extend outward and resemble horns and fangs. It has three claws on each foot, of the same metallic look as its chest plate. 
"
484,dataset/images/484.png,"Palkia is a light-purple, theropod-like Pokémon with stripes and markings of a darker shade and gray underarms and waist. It has round purple-striped plates on its shoulder area, where two pink pearl-like crystals lie encrusted with a gray rim encircling them, and fin-like wings on its back. Palkia's arms have extended formations resembling gauntlets and a purple band around each wrist. Palkia has a long neck that is normally bent, a pointed white crest on the top of its head that extends to its wings, two strong horn-like tusks on the sides of its jaw, and a powerful tail. It has faint cracks along its legs and tail.
"
485,dataset/images/485.png,"Heatran is a reddish-brown, quadrupedal Pokémon. It is dotted with orange and gray spots, and it has metal bangles locked on its legs. Its four claws on each of its feet are in a cross formation. Heatran has a gray underside, and its face is covered by an iron mask, with red-orange eyes uncovered. Its eyes seem to remain open even when it is asleep. Whenever it is seen with its mouth open, an orange glow emanates from inside it. Boiling magma-like blood circulates through its body. While its body is rugged steel, certain parts of it are partially melted, due to Heatran's own intense body heat.
"
486,dataset/images/486.png,"Regigigas is a large, white, golem-like Pokémon. It has large yellow bands on its shoulders and wrists, and a yellow sloping section on its chest that appears to be its head. This section contains seven black circular ""eyes"" arranged in a specific pattern. The pattern is Regigigas's way of showing its anger; its eyes glow red when it is provoked. It has six gems around around its head, the upper ones are red, the middle ones are cyan, and the bottom ones are gray. Regigigas has long arms, with three fairly human-like white fingers, and short legs. Its body is covered in black stripes, and it has large bushes of moss growing in its back and feet.
"
487,dataset/images/487.png,"Giratina is a large gray draconic Pokémon with three gold half-rings on each side of its long neck. Its head has a gold crown-like object surrounding it with two large horns pointing sideways. A thick black stripe runs vertically along its front with five red horizontal stripes. In its Altered Forme, it has two large black ghostly wings with three red tips on each that can resemble claws. These wings can change shape as if made of a liquid or gas. Its six legs are thick and have golden claws. Two golden half-circles similar to those on its neck are on each side of each leg, resembling shackles. It has a tail with two band-like markings.
"
488,dataset/images/488.png,"Cresselia is a Pokémon that has a blue, swan-like body with a yellow underside. It has pink eyes, a dark pink, round tuft on its head, and a pointed, beak-like snout. There are yellow, crescent-shaped ornaments on the sides of its head that merge in the back. It has a pointed, tail-like protrusion on its rear. Cresselia has glowing, pink, ring-like wings on its sides and back. The wings on its sides are solid dark pink, while the wing on its back is larger and consists of three shades of pink. These wings, especially its back wing, release shining particles and undulate beautifully around the quarter moon. It has paw-like protrusions resting on its chest. Cresselia generally floats in the air, but may rest on the floor when it is injured.
"
489,dataset/images/489.png,"Phione is a blue Pokémon with a round head and a tiny body. Phione's head is crowned by a flotation sac with a long, ribbon-like antenna. Its mouth is small, and its eyes are large with blue sclerae and gray irises. Above its eyes are two blue, circular markings connected to the eyes by a thin black line. Its long, flipper-like arms have rounded tips. Phione has a red, oval gem on its chest and a single rudimentary foot spike.
"
490,dataset/images/490.png,"Manaphy is a small, blue, aquatic Pokémon with stubby feet and club-like arms that are longer than its body. It has a red gem on its chest and a yellow dot below the gem. Its onion-shaped head has a pair of long blue antennae, which have small spheres on the ends. Its irises are dark blue with yellow sclerae, and there are two yellow dots of ""eyelash"" markings extending from the eyes. Unlike other Pokémon Eggs, Manaphy hatches from a distinctive one that resembles its appearance, featuring a blue color with multiple glowing yellow dots and a red gem-like center, known as Manaphy Egg.
"
491,dataset/images/491.png,"Darkrai is a black, shadow-like Pokémon. It has a small head with a white fog-like ghostly plume billowing from its head covering one of its bright blue eyes, with the portion on its face resembling hair. It also has a red spiky growth around its neck. It has skinny arms and long black tatters hanging from its shoulders. It also has black, claw-like hands. It has the slight appearance of an hourglass figure and appears to be wearing an old, ripped cloak. It normally does not have any sort of legs, but it is able to extend stilt-like appendages in their place. In self-defense, Darkrai can retract its head and white ""plume"" into the pit atop its torso fringed by the aforementioned red growth.
"
492,dataset/images/492.png,"Shaymin is a small, white, hedgehog-like Pokémon. In Land Forme, it has green grass-like fur on its back and a pink flower with two leaves on each side of its head, which resembles the Gracidea flower. More flowers appear on its back whenever it feels comfortable, but when it senses danger, it rapidly hides them again. Its legs are short and its underside is plump. Shaymin is one of the shortest Grass-type Pokémon.
"
493,dataset/images/493.png,"In its Normal-type form, Arceus is a white, equine Pokémon with an androgynous appearance. It resembles a qilin or centaur with a gray, vertically striated underside. The striated pattern also appears on the underside of its mane, tail, and face. Its four pointed feet are tipped with gold hooves. Its long mane juts away from its head, and its face is gray, with green eyes, red pupils, and a green circular pattern below its eyes. Arceus also has a streak of gold coloration on its head, which point upward. Its neck is fairly long, with two pairs of extrusions to the sides, and a flap-like feature on the neck's underside that is colored white like much of the body. Arceus also has a golden cross-like wheel attached to its body by its round abdomen. The wheel also has four jewels attached to it. The pattern of striated gray of Arceus's underbelly continues past its waist. Its limbs have gray undersides and extrusions at the tops of the legs. Arceus's tail is similar to its mane in terms of shape and coloration. Despite its quadruped appearance, Arceus is capable of flight.
"
494,dataset/images/494.png,"Victini is a small, rabbit-like Pokémon with large, pointed ears which form the letter V. It has large, blue eyes and a round, cream-colored head, which is comparatively large compared to its small, cream body, while the tops of its ears, crest, and extremities are all orange. Its bulbous arms and legs are rounded to make a sort of ""cuff"" before ending with small, three-fingered hands and two-toed feet. It has two pointed teeth that can be seen on its upper jaw. It also has two cream winglike tails, which allow it to fly. Though timid, it is a caring Pokémon; it will fight if its friends are in danger.
"
495,dataset/images/495.png,"Snivy is a bipedal, reptilian Pokémon with a slender build. Most of its body is green with a cream underside. A yellow stripe runs down the length of its back and tail and has yellow markings around its large eyes. Two curved yellow structures that resemble leaves or small wings protrude from its shoulders and bend backward. Its slender arms have three fingers, while its tiny feet have no digits. It has a large, palmate leaf with three prongs on the end of its tail.
"
496,dataset/images/496.png,"Servine is a slim bipedal Pokémon that is primarily green with a cream underside, and narrow red eyes. It has a yellow V-shaped structure that starts at the chest and extends behind the shoulders. Servine has short limbs and a small crest protruding from the back of its head. Three palmate leaves grow along its back and tail. 
"
497,dataset/images/497.png,"Serperior is a primarily pale green, serpentine Pokémon. Its face and throat are white, while its back is dark green. Curled, mint-colored patterns extend into the white portion of its face, and it has narrow red eyes. In the lower jaw, two fangs are visible when its mouth is open. There are two pointed yellow extensions on the back of its head. Coiled, dark green extensions spread out from the sides of its lower neck, forming a curving pattern lower down the body. It has now completely lost the legs from its previous stages and now must slither about due to its new, serpentine form; however, just below its neck, it has two small leaf-like arms on either side of its body, which it usually keeps folded behind its back. It has curved yellow markings around its middle and several palmate leaves on its tail.
"
498,dataset/images/498.png,"Tepig is a quadrupedal, pig-like Pokémon that is primarily orange. It has oval eyes and a red snout with a thick yellow stripe on it. The upper portion of its head is dark brown, and its long, pointed ears are positioned closely together. Tepig has short legs, and its front feet are dark brown. A dark brown band covers its lower back and rear. Its curly tail is tipped with a ruddy red sphere.
"
499,dataset/images/499.png,"Pignite is a bipedal, pig-like Pokémon. Its chubby body is orange with brown bands around its shoulders, sides, belly, hands, and from the back of its head down its snout. Yellow bands encircle its wrists and swirled yellow designs bulge from its chest. It has a red pig-like nose, pointed ears, and two pointed teeth that protrude from its lower jaw. Its hands have two claws each, while its feet have only a single nail. Its tail is curled with a tuft of fur at the tip.
"
500,dataset/images/500.png,"Emboar is a bulky, bipedal Pokémon with pig-like features. It has a red nose, large bushy black eyebrows, and two tusks protruding from its lower jaw. Constantly burning flames cover the front of its neck and shoulders. The fire beard comes from the body flame within its body. It has short legs and thick arms. Its arms have orange upper portions while the legs have red upper portions. All of its limbs have black lower portions with thin yellow lines where the upper and lower colors meet. These lines are straight on the arms and spiked on the legs. The arms have red lines around the wrists and tufts of fur on the elbows. The hands are tipped with three claws, while the feet have two claws. A large, dark horizontal stripe on the chest of Emboar has swirled yellow markings. Its small tail ends in a tuft of hair.
"
501,dataset/images/501.png,"Oshawott is a bipedal sea otter-like Pokémon. It has a spherical white head with small, triangular dark-blue ears on the sides. Oshawott's eyes are dark, and its dark-orange nose is shaped like a horizontal oval. Several freckles cover its cheeks which may be premature whiskers, and two pointed teeth can be seen when it opens its mouth. The light blue fur on its body forms bubble shapes around its neck. Its arms are white and rounded, while its feet are dark blue with three toes each. It also possesses a rudder-like dark blue tail. It carries a pale yellow seashell called a ""scalchop"" on its belly.
"
502,dataset/images/502.png,"Dewott is a bipedal, otter-like Pokémon that is primarily light blue. It has small black ears, a pointed crest at the back of its head, a red nose, and long white whiskers forming tilted V-shapes. Two pointed teeth are visible in the upper jaw when its mouth is open. Its forelimbs have three fingers on each black paw. Its feet and flat tail are black. Around its waist is a large, dark blue, fringed arrangement of fur, with two scalchops on the thighs.
"
503,dataset/images/503.png,"Samurott is a quadrupedal Pokémon resembling a river otter or sea lion. Its head, dorsal coat, and limbs are royal blue, and its underbelly is a dull bluish-gray. It has pointed canine teeth, and a red nose, and its eyes have white sclera and circular red irises. Long white whiskers resembling mustaches extend from its snout and lower jaw. Samurott possesses three black claws on each limb, and a fin-like tail resembling a war fan. Samurott's head, limbs, and tail are adorned with cream-colored armor resembling seashells. The armor on its head resembles a spiked conch shell. This helmet-like armor is bulbous in the back, and tapers into a spear-like horn in the front. Segmented armor resembling bracers covers each of Samurott's limbs. The forelimbs' bracers contain shell swords called seamitars. The two lower segments of these bracers serve as scabbards for these seamitars, and the upper segment and spike are the seamitars' blade and handle, respectively.
"
504,dataset/images/504.png,"Patrat is a rodent-like Pokémon that resembles a chipmunk. It is mostly brown with a tan stomach and face. It has a large pointed tooth that sticks out of its mouth. Patrat has a flat face, and its cheeks are very round. Patrat has cheek pouches that it uses to store food. Its ears are small and pointed. Its head has a black band that covers the eyes, which have red irises with a yellow ring and black pupils. Its feet are small and black with three toes. Its long tail has a scruffy white tip and is usually standing up straight. This tail is used for communication; its tail is raised when it sees an enemy. Patrat is very conscious and wary regarding its surroundings and is always on guard. The Pokémon the Series: Black & White episode Sewaddle and Burgh in Pinwheel Forest! depicts Patrat living in tunnels.
"
505,dataset/images/505.png,"Watchog is an upright, meerkat-like Pokémon with large cheeks and a single, pointed incisor sticking out of its mouth. It is mainly reddish-brown with beige cheeks and neck. There is yellow striping on its chest and tail. Its hands, feet, and tail tip are white. Its red eyes have small black pupils and a yellow stripe. Black markings accentuate the eyes at their outer ends. Its tail is almost exclusively depicted standing up straight, although it can also be kept in a relaxed position.[1]
"
506,dataset/images/506.png,"Lillipup is a light brown, canine Pokémon. It has oval, brown eyes, a red nose, and its face covered by an abundance of cream fur. This facial fur can be used for radar and provides Lillipup with information about its surroundings. It has large pointed ears with a tuft of fur near the base of each. Its fur puffs out above its paws, and its back has a spiky dark blue blaze. Each paw has three toes, and a blue paw pad that can be seen in Pokédex 3D Pro. It has a short, tufty tail.
"
507,dataset/images/507.png,"Herdier is a light brown, canine Pokémon with a short snout. Its face has long, cream fur, which forms a mustache and a three-pointed crest. Its ears are large and perked, and it has a black nose. It has shaggy dark blue fur covering its body and a short tail. This hard, thick fur serves to protect Herdier from attacks. It has four short legs, with three-toed paws. Each paw has a dark blue paw pad that can be seen in Pokédex 3D Pro.
"
508,dataset/images/508.png,"Stoutland is a heavyset canine Pokémon with a talent for rescuing people lost at sea or in the mountains. On its face, it has cream-colored fur that forms voluminous, white-tipped plumes and a three-pointed crest. The plumes are so long that they run the length of its body and bunch close to it. It has tufty, pointed ears with dark blue insides, a black nose surrounded by short black whiskers, and small eyes that are nearly hidden behind its facial fur. Its plump body is covered with shaggy fur that is dark blue along the back and grayish-blue toward the legs. Its face and paws are light brown, and each paw has three toes with white claws. Blue paw pads can also be seen on each paw in Pokédex 3D Pro.
"
509,dataset/images/509.png,"Purrloin is a primarily purple, feline Pokémon. Its head has tufted fur on its ears and cheeks. There are long, tapered violet markings above its green eyes. It has a diminutive black nose on its creamy muzzle, and a small, oval, cream-colored marking above each eye. Its neck, shoulders, back, and hind paws are also cream-colored. The tip of its tail has a curved, vaguely scythe-like extension. Purrloin is a quadrupedal Pokémon, but it can stand and walk on its hind legs as well.
"
510,dataset/images/510.png,"Liepard is a slender, purple feline Pokémon  speckled with yellow rosettes. Its fur patterning is considered attractive to many Trainers. It has a pink ""mask"" marking over its eyes, a pink nose, and small yellow markings over its green eyes. It has two pairs of long yellow whiskers and a tufted yellow underside. Its lower legs are yellow, and each small paw has a pale pink pad that can be seen in Pokédex 3D Pro. It has a long, curving tail with a sickle-like shape toward the tip.
"
511,dataset/images/511.png,"Pansage is a simian, green-and-cream Pokémon. It has oval, black eyes, large ears with light green insides, and a tiny, black nose. There is a broccoli-like sprout atop its head. In the sprout's foliage are three yellow, tapered seed-like shapes. Its muzzle, upper body, and skinny forelimbs are cream-colored, and its hands seem to have no fingers, aside from a thumb. Pansage's lower body is green with small feet, and its long tail is tipped with two leaves.
"
512,dataset/images/512.png,"Simisage is a simian Pokémon that is primarily green. It has a pointed, bush-like crest on its head similar to a pompadour. The leaves that grow on this crest are bitter. Its ears are broad with light green insides, and it has oval eyes and a black nose. Simisage has furry, white eyebrows and shoulder tufts; and a cream-colored face, chest, hands, and feet. Its hands have five fingers, and its feet have three toes. Its tail is long and tipped with leaves. The tail is lined with tiny, sharp barbs, allowing Simisage to use it as bludgeon weapons.
"
513,dataset/images/513.png,"Pansear is a simian, red-and-cream Pokémon. Its head is red with a whorled tuft on top. The tuft contains a flame, and can reach temperatures of 600 °F (300 °C). Pansear has oval eyes, a tiny nose, and large ears with orange insides. Its muzzle, upper body, and skinny forelimbs are cream-colored, and its hands seem to have no fingers, aside from a thumb. Pansear's lower body is red with small feet, and its long tail has an arrowhead-shaped tip.
"
514,dataset/images/514.png,"Simisear is a simian Pokémon that is primarily a bright red color, although its muzzle, chest, upper belly, fingers, and toes are all cream-colored. Its hands have five fingers, and its feet have three toes. Meanwhile, its arms, legs, and lower belly, along with the rest of its head, hands, and feet, are all red. Its upper and lower belly are separated in color at the midsection by a red spike pattern extending upward from its legs. It has large oval eyes and a small black nose, and its ears are broad with orange insides. On its head is a swirled, flame-like red tuft with a smaller tuft on either side; its fluffy, swirled tail resembles a flame as well. Simisear has white, fluffy shoulder ruffs that resemble smoke.
"
515,dataset/images/515.png,"Panpour is a simian, blue-and-cream Pokémon. It has oval eyes that are usually seen closed, large ears with light blue insides, and a tiny, black nose. There is a puffy, wave-like crest on top of its head. Nutrient-rich water is stored in this crest. It also possesses a blue, frilled-like feature on its neck and upper shoulders. Its muzzle, lower body, and skinny forelimbs are cream-colored, and its hands seem to have no fingers, aside from a thumb. Its small feet both have three toes each. Its long tail has a clover-shaped tip.
"
516,dataset/images/516.png,"Simipour is a simian Pokémon that is primarily blue. Its ears are broad with light blue insides, and it has oval eyes and a small black nose. There are several tufts of fur on its head, which resemble dreadlocks. These tufts can store water, which it collects with its tail. Simipour has a white marking around its neck that resembles a ruff; and a cream-colored face, hands, arms, legs, and feet. Its hands have five fingers, and its feet have three toes. Its tail is tipped with a blue plume, resembling a spout of water. 
"
517,dataset/images/517.png,"Munna is a pink, nearly spherical, quadrupedal Pokémon of indefinable basis. It has four tiny tapered limbs and a tapered snout that largely obscures its sizable mouth. Munna has shiny, oval, red eyes with two discernible upper eyelashes. Between its eyes is an oval spot in a darker shade of pink, from which Munna can expel Dream Mist. Purple, five-petal flower markings with dark pink centers ornament much of its body, which glow faintly when it feeds on dreams. As mentioned in Sleep Style Dex, the reason for this is due to Munna feeling happiness from the dreams it consumes. It is able to constantly float in the air.
"
518,dataset/images/518.png,"Musharna is a rounded, bipedal Pokémon that has a tapir-like trunk. Its body is light purple, while its head is a pale pink. It has oval, red eyes with three eyelashes and dark pink ovals on its forehead and cheeks. Its eyes are normally closed, but open when Musharna falls asleep. The tips of its four stubby limbs are dark pink. Dream Mist seeps out of the mark on its forehead. 
"
519,dataset/images/519.png,"Pidove is a mainly gray, pigeon-like Pokémon. It has golden, oval eyes and a tuft of feathers atop its rounded head. It has a short, black beak with a bulbous pink cere, and a black patch on the nape of its neck. There is a wide, heart-shaped area of lighter coloration on its chest. Pidove's black wings have a thick gray stripe down the side. It has pink feet with black talons.
"
520,dataset/images/520.png,"Tranquill is a gray avian Pokémon with lighter gray and black markings. Its beak and eyes are yellow, and there is a dark pink marking above its beak that curves over the eyes. It has a black tuft of two feathers on its head and a petal-like arrangement of feathers on the nape of its neck. There is a black stripe on each of its light gray, black-tipped wings. Each of its pink feet has black talons. It possesses a long tail feather that is tipped in black.
"
521,dataset/images/521.png,"Unfezant is a Pokémon resembling a game bird. It is primarily dark gray with lighter gray markings. The light gray markings consist of a heart-shaped patch covering its face and throat, two patches divided by a lacy line on its wings, and intricate stripes with dark rimming on its tail feather. Its beak and eyes are yellow, and it has light gray legs with three clawed toes and a spur on the ankle.
"
522,dataset/images/522.png,"Blitzle is a black, zebra-like Pokémon with thick, double-pointed white stripes on its neck, chest, back, and hind legs. It has a rounded muzzle with a large, dark nose and oval, blue eyes with yellow sclerae. On top of its head are short, triangular ears with blue insides. Below the knees, its legs are white with black hooves. Its tail is stubby, white, and has two points. Running up its neck is a spiky, white mane, which culminates at the front in a long extension that resembles a lightning bolt. 
"
523,dataset/images/523.png,"Zebstrika is a zebra-like Pokémon. Its coat is black with white, jagged stripes all over its body. There is one pointed stripe extending from its nose, two elaborate stripes on its neck and chest, one zigzag stripe each on its jaws, back, and hindquarters, one triangular stripe on each of its thighs, and two stripes banding each of its legs. Its ears are triangular with blue insides, while its eyes are blue with yellow sclerae and white eyelashes. Its nose is black, and its hooves are gray. A white, spiked mane runs the length of its body, beginning with two horn-like extensions on its forehead and running down its back to end in a long tail with a starburst-shaped tip. 
"
524,dataset/images/524.png,"Roggenrola is a roughly spherical rock-like Pokémon. Its body is blue and covered in large, smooth facets. It has a hexagonal, yellow artifice in the center of its body, leading to a hexagonal opening that functions as an ear. Roggenrola has a brown, rocky oblong atop its head and similar brown rocks that serve as feet.
"
525,dataset/images/525.png,"Boldore is a blue, rock-like Pokémon with an array of red crystals on its back and front, and a spine protruding from between its yellow ears. Rocky chunks at its sides comprise pincer-like limbs, tipped with red crystals similar to the ones on its back. Its orange crystals, which are tough enough to break diamonds, are the hardened form of its endlessly leaking energy.
"
526,dataset/images/526.png,"Gigalith is a blue, quadrupedal Pokémon, with various spiny, red-orange, crystalline features jutting out from all over its body; two appear along its back, one on its chest, and one topping each of its four feet. Each foot also bears two claws of a similar appearance and is connected to the body by gray joints. The yellow, front-facing ears of its previous evolutionary relatives are now filled in with red and appear to have become full-fledged eyes. Several of the aforementioned red crystals also appear on its face; three below its eyes, one in the middle resembling a crest, and two other crystals connected to the sides of its head.
"
527,dataset/images/527.png,"Woobat is a blue, spherical Pokémon, resembling a Honduran White Bat. It is covered in shaggy fur and has a large, piggish nose with a heart-shaped nostril. Two tufts of shaggy fur hide its eyes, and its mouth has a single fang in the center of its upper jaw. There are two relatively small, black wings on either side of its body.
"
528,dataset/images/528.png,"Swoobat is a blue, bat-like Pokémon. It has fused, pointed ears with striated, lighter-colored insides and a pink, heart-shaped snout with a single nostril. Two wide, rounded teeth are visible in its lower jaw. A mane of shaggy, light blue fur surrounds its neck. Its black wings have a claw at the joint, and its small black feet have three toes each. It has a bare, pink tail that is twisted with two short prongs at the tip.
"
529,dataset/images/529.png,"Drilbur is a mole-like Pokémon that has a short, wide body with two small, ovoid feet with three toes each. Its body is mostly black, but has a jagged, navy blue stripe that runs diagonally around its torso from its left shoulder. It is connected at the bottom to another stripe, which extends around the base of its torso. It has a white face with a long snout, tipped by its pink nose. Its eyes are at the base of its nose on either side. Drilbur's arms are wide and thin with a blue spot on its palms. It lacks traditional hands, as its arms form directly into its three, extremely large claws. It has a very small, stubby tail.
"
530,dataset/images/530.png,"Excadrill is a bipedal, mole-like Pokémon with a dark-brown body with diagonal, red splotches. Three markings are on its front, resembling scratch marks, with two under each arm, and two on its back. It has short legs with small, narrow feet, each containing three toes. Its small white face is long and thin, tipped by its pink nose. Its eyes are set back, on either side of the bridge of the nose. Under them, on each side, are two thin, red stripes. A large blade roughly twice as large as its face extends from its forehead. The top of the blade contains two smaller blades, resembling fins. Its arms are thick and have three large blades instead of fingers, with two smaller blades on top of the middle ones. On its knees, halfway down its arm, and just behind where its forehead meets its face, are small red spots.
"
531,dataset/images/531.png,"Audino is a bipedal, pink-and-cream Pokémon with oval, blue eyes. The top of its head, its back, and arms are pink, while the lower half of its face, body, ears are cream-colored, as well as its front and fingers. The patterning of pink and cream on its chest resembles a jacket. There are three digits on its hands and two on its feet. It has a puffy, white tuft for a tail. Audino has floppy ears with thin, curled extensions on the underside. It can use these ears as radars, and it has an incredible hearing ability.
"
532,dataset/images/532.png,"Timburr is a gray bipedal Pokémon with a dark purple nose and dark-gray oval-shaped eyes. It has bulbous protrusions extending from the front and lower parts of its head. Pink, vein-like bulges are present on the back of its head. Similar pink bands adorn its shoulders and thighs. 
"
533,dataset/images/533.png,"Gurdurr is a gray bipedal Pokémon with a large, round dark-red nose. It has bulbous features, resembling curls of ""hair"", on its head. Violet bulges resembling swelling veins pattern its muscular, large arms, thighs, and chest, and similar thick violet bands adorn its shoulders. It possesses an hourglass shape. 
"
534,dataset/images/534.png,"Conkeldurr is a bipedal sepia-colored Pokémon resembling an ogre. Its nose is large and red, with its face also having a prominent brow, a wide mouth, a gray tuft on its chin, dark rings around its eyes, and a bulbous feature sticking up from the back of its head. Thick violet bands and tendons adorn its shoulders, chest, back, and thighs. 
"
535,dataset/images/535.png,"Tympole is a round, tadpole-like Pokémon with a tan, circular face. It has large, oval, black eyes; a wide mouth with down-turned corners; and black eyebrows in the shape of quarter notes. Its spherical body is black with no visible limbs. Instead, it has two black-and-blue ringed cheeks akin to half-spheres on either side of its head. It has a long, blue tail with a fan-like shape and a black spot at its base.
"
536,dataset/images/536.png,"Palpitoad is an amphibious, bipedal Pokémon with an ovoid body. It is mostly blue, with a tan oval marking lined with black stretching from the bottom of its belly to its forehead. Its black eyes are round. Its upper lip is round as well and curves down sharply at the corners. Inside its mouth is a long, sticky tongue used to immobilize and capture prey. Its feet are small with three toes each, and its tail is oval and white. Three large half-spheres encircle its head, each one light blue with a black base. There are four round, light blue bumps starting on either side of its lower body and stretching across its back. The bumps on its head can be vibrated to create waves and earthquakes, as well as intense sounds to weaken its prey. The larger a Palpitoad's lumps are, the wider the range of sounds it can make.
"
537,dataset/images/537.png,"Seismitoad is a bulky, aquamarine-blue, bipedal toad-like Pokémon. Its underside and the bumps found on various parts of its body are cyan with thick black edges. Its hands and feet have three bulbous digits. Additionally, Seismitoad has red eyes, cyan adornments on its legs, and a long tongue.
"
538,dataset/images/538.png,"Throh is a bipedal, humanoid Pokémon with a bulky, red body and rocky skin. Its head is round and low on its shoulders with a T-shaped black feature that forms its nose and brow. Its hands and feet each have three digits, with its fingers being rounded. It wears a white judogi with a black, v-neck collar that extends down to its black belt. The gi has an integrated diamond pattern on its sleeves and a black, square patch on the bend of its knees. Throh is a male-only species.
"
539,dataset/images/539.png,"Sawk is a bipedal, humanoid Pokémon with a lean, blue body and rocky skin. Its head is oblong-like and low on its shoulders, with an ornate sideways z-shaped black feature that forms its nose and its left brow. Its hands and feet each have three digits, with its feet and toes coming to a sharp point. It wears a light blue karate gi with a black, v-neck collar that extends down to its black belt. Sawk will tie this black belt to increase its power. The gi has an intricate diamond pattern on its sleeves and a black, square patch on the bend of its knees.
"
540,dataset/images/540.png,"Sewaddle is a caterpillar-like Pokémon with a broad, bitten leaf enfolding its head like a hood. Its large, spherical head is an orange-yellow with two small, close-together knobs on its forehead. Sewaddle's eyes are black and circular, and its mouth has a downward-pointing, crescent-shaped orange snout with a sharp tiny tooth at either end. The underside between the snout and its neck is white. Its green body has three segments with a pair of stubby, spherical orange legs on each segment. The bumps on Sewaddle's head are sensory organs.
"
541,dataset/images/541.png,"Swadloon is a round, yellow Pokémon with two stubby arms inside of a cloak of leaves. It drapes the leaves over itself and draws them closed around its body, so only a large, crescent slit remains for its face to appear. This leafy cloak keeps the Pokémon warm. Under its cloak are darker green, limp leaves that frame the sides of Swadloon's face and trail down on the sides of its body. The top of the cloak has two semicircular leaves that form a V shape. These two head leaves allow Swadloon to detect air movements and feel the surrounding area. On its back are the veins of the leaf as well as a bit at the bottom tip of the cloak resembling a rounded tail. Swadloon lives on the forest floor and converts fallen leaves into nourishment, which helps the surrounding plant life grow.
"
542,dataset/images/542.png,"Leavanny is a thin, yellow, bipedal insectoid Pokémon that resembles a leaf cutter ant. It has a broad, split-leaf around its large, round head and it has long antennae that end in semicircles. Its eyes are red with no apparent sclerae. Its tiny thorax is dark green, and its long abdomen is yellow and covered in a green leaf. Its hands are long and leaf-like with a ""bite"" taken out of each. Its upper arms are also leaf-like but with a vein of yellow at the top. Its hips are wide and Its slender legs are yellow with dark green, thick segments around its thighs, making them appear armored. 
"
543,dataset/images/543.png,"Venipede is an insectoid Pokémon with a pronounced hump on the upper portion of its body. Its thorax and head are mainly magenta with black markings that consist of rings on its shoulders, a band around each antenna, and an upside-down 'Y' on its neck. A prominent ridge leading down to a pointed tip splits the top half of its head, and its lower jaw is black. It has round, heavy-lidded eyes that bulge away from the head slightly. Venipede's dark green abdomen is segmented, and it has four pairs of stubby black legs. Two short feelers banded with black extend from its hindquarters, which it uses in addition to its antennae to explore its surroundings and detect prey by sensing air vibrations.
"
544,dataset/images/544.png,"Whirlipede is an insectoid Pokémon encased in a hard, segmented shell. It has two pairs of purple, horn-like feelers with dark gray stripes, with one pair extended upward from its front and the other pointing downward from its lower rear. Two poisonous barbs flank either side of each segment of its shell. The shell itself is purple, with red rings in the middle of each segment and a darker gray border circling its open center. Whirlipede's eyes can be seen within the center, and have slitted pupils, yellow sclerae, and thick, gray eyelids. 
"
545,dataset/images/545.png,"Scolipede is a plump, centipede-like Pokémon that usually stands with the front half of its body raised vertically off the ground. Its segmented body is dark magenta, except for its smooth, dark gray underside. Long, slightly bent horns similar to antennae extend from its head, as well as an identical pair of horns on its rear. Purple bands decorate these horns, and teardrop-shaped rings of the same color mark each body segment, one on each side of its body. It possesses four pairs of short, purple fore-claws on the body segments that make up its neck, which is used to inject poison. The four hind legs are longer, thicker, and spaced farther apart. Each hind limb has curved dark gray bands around the middle.
"
546,dataset/images/546.png,"Cottonee is a white, circular Pokémon. It has white, puffy sections on the top of its head and its underside. Behind it is a green, star-shaped section similar to the area where a plant connects to its produce. It has orange, oval-shaped eyes, and furled, notched leaves on the sides of its body.
"
547,dataset/images/547.png,"Whimsicott is a small, brown, bipedal Pokémon. A mane of cotton-like fluff covers its back, neck, and forehead. Behind it is a green, star-shaped section similar to where a stem or vine meets a fruit or flower on a plant. Whimsicott's face features orange, oval-shaped eyes, and its face is flanked by a pair of green-colored lobes shaped like curled horns or ears.
"
548,dataset/images/548.png,"Petilil is a plant Pokémon that resembles a plant bulb, such as an onion. It is primarily light green. Its head is tipped with three oblong leaves, whose color can determine how healthy the Petilil is. The leaves on its head reliably grow back if any fall off, and if they are pruned regularly, Petilil can be grown into a fine round shape. Its crescent-shaped white face, seemingly lacking a nose or mouth, has brown eyes shaped like elongated ovals. A green ""bib"" is present on its neck, and its lower body consists of five stubs. The outer stubs act as arms, the middle stub acts as a foot, and the two inner stubs next to it are used to move itself around.
"
549,dataset/images/549.png,"Lilligant is a humanoid Pokémon with plant characteristics. It dons a scarlet flower with white-spotted petals upon its head; said flower has golden filaments with red anther, resembling a crown. It possesses dark green, linear leaves under the flower, and light green, linear leaves underneath the darker leaves. One of the light green leaves, on the back of its head, is about as long as its body and resembles hair. Two light green leaves loosely hang down from its head. Its head and abdomen are white and its eyes, which resemble seeds, are a light shade of scarlet. It has dark green, linear leaves for arms, and a golden sepal under its neck. It wears a large, light green, tulip shaped collection of leaves, resembling a dress. There are two long, dark green, linear leaves coming from its back to around the bottom of its ""dress"". It also possesses another golden, sepal-shaped extension underneath its ""dress"", resembling feet.
"
550,dataset/images/550.png,"Basculin is a green aquatic Pokémon that comes in three forms. The bodies of both the Red- and Blue-Striped Forms are the same. They have a green, ovoid body, tapering off in the rear to a trapezoidal tail fin. A thick black stripe covers the top of their body from mouth to tail and a white, dorsal fin with four protrusions resembling spikes. Their lower jaw juts ahead of their upper jaw, with a small indent near the edges of their mouth. Both forms have three black dots on both sides of their body, behind their pectoral fins.
"
551,dataset/images/551.png,"Sandile is a short, quadrupedal Pokémon with a long snout and tail. Its body is mostly light brown with the exception of black stripes crossing over and under its legs and its pink underbelly. It has a black stripe on its snout in front of its eyes, and black covering the tip of its tail. Its eyes resemble shaded binoculars and are shrouded in a black membrane all around their front. This membrane prevents sand from getting in Sandile's eyes and helps it see in the harsh desert sun. Its long snout is tipped by two protruding nostrils, and its mouth comprises the bottom half. Its feet are flat and contain three sharp, black claws. They are attached to stubby legs on its sides.
"
552,dataset/images/552.png,"Krokorok is a reptilian Pokémon with a mostly tan body, pink stomach, black back, and long tail. It is classified as a quadruped, though it is more often seen on two legs. It has six thick, black stripes on its body: one at shoulder level, one around its midsection, one around its hips, and three on its tail. Each stripe is topped with a triangular spike on its back. The stripes around its midsection cross two spikes, one on each side of its back. Its arms are short and thin, with a black band around them at the elbow. Each hand contains three short fingers, each with a white claw. Its legs are thick with a band around each ankle, and a stripe above the knee that does not wrap around. Its flat feet each have three white claws. Krokorok's head is ovoid with a long snout, and small eyes surrounded by a thick black membrane. Two of its front and rear teeth are visible overlapping its lower jaw. A black stripe sits on the bridge of the snout just behind its large nostrils.
"
553,dataset/images/553.png,"Krookodile is a crocodilian Pokémon that has a thick maroon-colored body, black back, and white stomach. It has five triangular spikes on its back: four around the middle of its back and one large one at the beginning of its tail. All of the smaller spikes on its back are linked to black, triangular spikes that reach around to its front, slightly overlapping its white stomach. The largest spike sits at the beginning of its long thick tail, which has three, thick, black stripes. The last stripe covers the tip of the tail. Its legs are very short and directly attached to its feet. The feet are wrapped in black and have three white claws facing forward. Krookodile's arms are short and thin with a black stripe around the elbow. Its long, thin fingers are each tipped with a white claw.
"
554,dataset/images/554.png,"Darumaka is a round, red Pokémon with short arms and legs and a stubby tail. It has an orange face and curly yellow eyebrows. It has three yellow ovals on its abdomen and a curvy yellow line on its back. Its hands and feet are orange with three digits each.
"
555,dataset/images/555.png,"In its normal state, Darmanitan is a mainly red, squat ape-like Pokémon. It has long, bushy flame eyebrows that curl at the base, and round, black-ringed eyes. The upper portion of its tan face is separated from the lower portion by a diagonal red stripe, and its large mouth sports spiked teeth. All these facial features give the impression of a manic or angered expression. Its head has no discernible neck to distinguish it from the rest of the body and its rounded back, which culminates in a stubby tail. It has long arms with spiky hair fringes on the wrists and large tan hands, with a similar arrangement for its hind limbs. Additionally, Darmanitan has three tan ovals on its underside and two wavy lines on its back. 
"
556,dataset/images/556.png,"Maractus is a cactus-like Pokémon, with a pair of large ear-like extensions emerging from its head, reminiscent of cactus arms. These extensions feature dark green spiky arrangements at the base, yellow spikes midway up, and are topped with flowers composed of six pink petals and a yellow center. It has a yellow spike on its forehead, yellow eyes, and a spiky-looking mouth. It has two lobe-like arms resembling those of cacti, and its hands each feature three yellow spines serving as fingers. Other dark green spiky arrangements adorn its neck, wrists, and the base of its body where the green spikes are arranged in a five-pointed star.
"
557,dataset/images/557.png,"Dwebble is a small, orange, hermit crab-like Pokémon with large pincers. It has dark, oval-shaped eyes supported by eye stalks. It has a hook-like tail that is concealed underneath the sectioned chunk of gray rock it uses as a shell. It ties with Minior and Carbink as the shortest Rock-type.
"
558,dataset/images/558.png,"Crustle is an orange Pokémon resembling an insect or crustacean. Its most distinguishing feature is its enormous, hard shell, which resembles a cut-away block of sediment with multiple layers and strata visible.  The tips of its pincers and six feet are dark gray. It has two glaring yellow eyes. Crustle possesses a straight tail that is concealed underneath its shell.
"
559,dataset/images/559.png,"Scraggy is a bipedal, lizard-like Pokémon. Its oval eyes are set to the sides of its head, and its teeth appear to be constantly exposed. There is a small red scale on its yellow head. Below the yellow portion of its head, its body is cream-colored with thin arms and a red, scaly belly. It carries its loose, yellow skin around its legs, resembling trousers, which garner them more respect the saggier they are. Some of the loose skin seems to trail off to form or cover a tail. 
"
560,dataset/images/560.png,"Scrafty is a bipedal, lizard-like Pokémon. It has oval, wide-set eyes with small pupils and gray eyelids, as well as small nostrils and a wide mouth with bared teeth, giving it the appearance of a permanent sneer. It sports a red crest on its head, similar in appearance to a mohawk. Baggy yellow skin hangs off its shoulders, falling halfway down its back. As shown in the animated series, it can wear this skin like a hood. Scrafty's body is orange, with thin arms and a gray, scaled belly. Its lower body and tail are covered by loose yellow skin resembling baggy trousers. On its tail is a single red scale.
"
561,dataset/images/561.png,"Sigilyph is a multicolored, totem pole-like Pokémon, possessing a single cyan eye on its black head, as well as two similar-looking eyespots (distinguishable as such because they never blink) on its body. Its base is mostly black, with a green zigzag pattern in the middle and a black pattern surrounded by green. Sigilyph has a pair of wings and a long tail-like appendage that are yellow with blue and red stripes on each of the ""feathers"". It has two black ""feet"" with three toes each and two small spikes at its base. Sigilyph's psychic powers grant it the ability to levitate constantly.
"
562,dataset/images/562.png,"Yamask is a shadow-like Pokémon holding a golden mask that has a face from its time as a human. It has two shadowy, tendril-like arms and large, red eyes. It also has a small tail-like appendage that holds the mask. Yamask is capable of speech when possessing a human, but not in its regular form.
"
563,dataset/images/563.png,"Cofagrigus is a blue and yellow sarcophagus-like Pokémon with red, menacing eyes and four ebony hands that appear to be shadows. A simply designed face, which is the mask Yamask carries, is prominent on the ""forehead"" of the Pokémon. Its real face is covered up by parts that slide open when it is active. White, sharp fangs create a taunting smile, and flamboyant patterns veil the coffin. The coffin is said to be made of solid gold. Cofagrigus is seemingly a distant relative of Runerigus.
"
564,dataset/images/564.png,"Tirtouga is a reptilian Pokémon resembling a baby leatherback sea turtle. Its body is blue with black spots on the edges of its flippers. Its black shell has six circular indentations in it. Its upper beak and parts of its face are black, and together resemble a mask. It has a light blue patch underneath its eyes.
"
565,dataset/images/565.png,"Carracosta is a reptilian Pokémon resembling a bipedal, blue-colored sea turtle. Its stomach is pale blue. It has deep blue rocky structures encrusted on its face, back, and the sides of its chest forming a ""mask"" and shell. Its flippers are long with black finger-like protrusions at the tips. Carracosta has a thick tail and short legs with two-toed feet.
"
566,dataset/images/566.png,"Archen is a small, bipedal Pokémon with mixed reptilian and avian traits. Its large, red head is covered in discernible scales, and its neck has blue and red feathers. Its body is covered in untidy, sallow feathers, and it has blue, clawed wings. It has short, thin legs, and a twig-like tail that bears a diamond-shaped blue feather. It has wide white eyes with black pupils and no irises.
"
567,dataset/images/567.png,"Archeops is a large, avian Pokémon that bears traits of both birds and reptiles. Its featherless, scaly snake-like head is red with a green stripe running along the top. Its mouth is filled with sharp teeth. Its eyes are white with black pupils and no irises. Its body is covered with frayed-looking yellow and blue feathers designed for flight on its arms and legs enabling all four of its limbs to act as wings. All of these ""wings"" bear sharp claws. It has a ring of smaller green feathers on the ankles. Its tail is completely red and featherless except for a fan of blue feathers at the end, and as with the Archaeopterygiformes, it has fully-movable vertebrae in its tail instead of a pygostyle. Its plumage is very delicate.
"
568,dataset/images/568.png,"Trubbish is a Pokémon which resembles a full, dark green garbage bag with a knot at the top that acts like ears. Trubbish has oval-shaped eyes and large triangular teeth that resemble broken glass. Its arms look like trash spilling out of small tears in the bag with pink and blue objects protruding out of them. Its feet are dark green and stubby.
"
569,dataset/images/569.png,"Garbodor is a Pokémon which has the appearance of a pile of trash spilling out of a large, torn garbage bag. It has a round, lumpy body that is mostly tan with blue and pink lumps. Its head has the appearance of the tied end of a garbage bag that has been ripped open and trails down like a cape. It has two appendages that look like clumps of garbage coming from its head. Its large, round eyes have small pupils, and when it opens its mouth, its large, triangular teeth can be seen. Garbodor has two long arms made of garbage; one held together with piping, with fingers also made up of piping material, and the other held together with rebar. It has one finger on its left hand and three on the other. It also has flat, dumpy feet.
"
570,dataset/images/570.png,"Zorua is a slate gray, fox-like Pokémon with red and black accents. Its ears are triangular with dark insides, and it has a large tuft of fur tipped with red on top of its head. It has greenish-blue eyes with red eyelids. There are circular, red markings above the eyes that resemble eyebrows. Its muzzle is short and tapered with two small fangs seen in the upper jaw when its mouth is open. Zorua possesses a ruff of black fur around its neck and four short limbs tipped with red. Its tail is short and bushy. Zorua can change its physical appearance, though this transformation is merely an illusion as it keeps its own type and moves.
"
571,dataset/images/571.png,"Zoroark is a bipedal, slate gray, fox-like Pokémon with crimson and black accents. It has a pointed snout and ears with red insides. It also has some red that rims its eyes and mouth. Zoroark has a large, red, voluminous mane with black tips, tied into a ponytail, as a teal bangle down its length separates a mass of the mane from the lower portion. It has a black ruff on its upper body, pointed at the shoulders from which its arms extend. Its upper arms are thin, whereas its lower arms, while still slim, are bulkier. The arms have spiky extensions of fur at the elbows, and it has red claws on its hands and feet. Zoroark's eyes are red-rimmed with light blue irises.
"
572,dataset/images/572.png,"Minccino is a furry, gray chinchilla-like Pokémon with scruffs of fur on its head and neck. It has large ears on the sides of its head, with red insides partly covered by tufts of fur. It has large, brown eyes and a small, dot-like nose. Its limbs are somewhat rounded and small, and its ears and tail have white tips. The tail is also long and particularly furry. This tail acts like a broom or mop, as Minccino uses it to clean its den. 
"
573,dataset/images/573.png,"Cinccino is a furry, gray, chinchilla-like Pokémon. It has large ears located to the sides of its head, with red insides partly covered by tufts of fur. Its eyes are large and brown, with a small, rounded nose. Its limbs are somewhat rounded and small, and its tail is long, fluffy, and incredibly white in color. Cinccino also has two large long fluffs on its head that wrap around its back. Cinccino uses its long fur as a scarf. 
"
574,dataset/images/574.png,"Gothita is a small, humanoid Pokémon. A small tuft of hair sticks up from the top of its purple head, and it has two white, bow-shaped feelers on each side of the head and a third bow-shaped feeler on its neck. These ribbon-like feelers are used to amplify Gothita's psychic power, and will cause Gothita to cry if touched. It has two large blue eyes with three eyelashes on each and small red lips. Its torso is black with a white zigzagging line running horizontally through the middle. Its arms and legs are short and stubby with no visible digits.
"
575,dataset/images/575.png,"Gothorita is a black, humanoid Pokémon with slim arms and legs. There are two round black buns on each side of its head, with a smaller drop-shaped piece hanging from each. Adorning its hair are two pairs of white bows on each bun. It has a pale purple face with cyan eyes and red lips. It has two white bows on its body, which flares at the bottom to form a skirt shape.
"
576,dataset/images/576.png,"Gothitelle is a humanoid Pokémon with a primarily black body. Its head is teardrop-shaped, with a white, bow-like fixture attached to the base of its tip. The black skin on Gothitelle's head opens onto its purple face with a zigzag pattern resembling bangs. Gothitelle has large, heavy-lidded eyes with blue irises and white pupils, as well as a small mouth with red lips. Four flat, black disks flank each side of its head. Gothitelle's body is split into four progressively-larger tiers, with its head and arms being attached to the smallest, uppermost tier and with a pair of stubby pink feet being under them. Its arms are thin, ending in small, purple hands with white disks at the wrists. Each tier of Gothitelle's body has a white, bow-like fixture on its front.
"
577,dataset/images/577.png,"Solosis is a round, green Pokémon surrounded by a darker green, gel-like substance. This liquid covering allows Solosis to live under any conditions, even in the vacuum of space, but when taking heavy blows, its fluid covering may leak away. Its inner body has dark, oval eyes and a red diamond-shaped mouth. On the upper left side of its head is a curly, yellow growth that resembles the endoplasmic reticulum of a cell. It uses psychic powers to communicate with telepathy, as well as to drive away potential threats.
"
578,dataset/images/578.png,"Duosion is a pale green Pokémon with a large head, stubby arms, and a body that tapers to a point at the bottom. It has oval, black eyes, and a red, diamond-shaped mouth. It is encased in a darker green, gelatinous substance that forms small, round bumps on the lower sides and over Duosion's head. A small circular piece of matter floats inside this substance over this Pokémon's head. It has two brains, which think independently, causing it to attempt two different actions at once. However, when its brains think alike, it exhibits greater psychic powers, which are said to be able to travel half a mile away.
"
579,dataset/images/579.png,"Reuniclus is a pale green Pokémon surrounded by a blob of translucent, green gelatinous substance. It has a large, round head with a thin stripe down the center. Its eyes are black and oval, while its mouth is red and triangular. Its body is small with stubby arms and legs. However, there are several round objects floating next to its arms. These objects increase in size and darken in color the further they are from the body and form arm-like appendages. The gel around these appendages forms three-fingered hands. Above its head, two rounded, triangular objects are suspended in the gel, giving the impression of horns or ears. The gel forms a stubby, round tail at the base of Reuniclus's body. 
"
580,dataset/images/580.png,"Ducklett is a light-blue, duckling-like Pokémon. It has two feathery tufts on its head that connect at the bottom, forming a V-shape. It has a darker blue, feathery underside which makes it appear as if it were in mid-moult. It has yellow, webbed feet and a small tail. 
"
581,dataset/images/581.png,"Swanna is a swan-like Pokémon with primarily white plumage. Its beak is long and yellow topped with a black cere, and it has several white feathery features adorning its head. The more rounded of the features are to the sides of its head, and the more pointed feature is atop. Swanna possesses a long, curving neck. With a fluid neck and a strong bill, Swanna is capable of very accurate jabbing and thrusting attacks. Two light-blue feathery features, similar to those on the sides of Swanna's head, are present on Swanna's underside, and Swanna's large wings are positioned so that they curve away from its body. Swanna's legs are small, and its webbed feet are dark.
"
582,dataset/images/582.png,"Vanillite is a small Pokémon with a head covered in snow, overall resembling soft-serve vanilla ice cream in a cup or wafer cone. Beneath this lies its actual head, which is made of the same icy material as its body. It has dark blue eyes, a dark-blue mouth, and light blue crystals on its cheeks. Its small body is adorned with specks of ice and has stubby arms. The snow on a Vanillite's head can melt with heat or repeated touching, leaving its head exposed. If seen in this state, Vanillite become embarrassed.
"
583,dataset/images/583.png,"Vanillish is a Pokémon with a large, white, rounded upper body with swirled snow on top, overall resembling a scoop of vanilla ice cream in a waffle cone. Its eyes are dark blue with light blue sclerae and small ice crystals at the sides. Vanillish has a dark blue mouth, two ice crystals below its mouth, and stubby limbs that resemble icicles. It has a pointed lower body that resembles a large icicle.
"
584,dataset/images/584.png,"Vanilluxe is a two-headed Pokémon covered in swirled, white snow that resembles two scoops of ice cream in a waffle cone. It is the result of two Vanillish stuck together after a daylight melting and nighttime freezing process. Each head has two light purple eyes and a mouth. There are light blue ice crystals to the side of each eye and two under each mouth. It has two stubby arms and three spikes under its body, all of which resemble icicles. The middle spike under its body is the largest, and there is a hollow, straw-like structure on top of the left head. On the back of its two heads there are many small ice crystals.
"
585,dataset/images/585.png,"Deerling is a Pokémon that resembles a deer fawn. The upper side of its body is pink in the spring, green in the summer, orange in the autumn, and brown in the winter. Deerling has a yellow-patterned rim, and its underside is peach. It sports a yellow floral tuft on its head with small antlers hidden underneath, and similar yellow coloration on the insides of its tapering ears. The tips of its limbs are colored black and its pink tail is small.
"
586,dataset/images/586.png,"Sawsbuck is a brown and cream, deer-like Pokémon with rhomboid ears and darker ear insides. Its eyes have light-orange markings that curve down to the sides of its face. It has a dark-brown nose, and it sports cream fur on its chin and sides of its face. Light-orange stripes rim its underbelly, and its back is decorated with spots.
"
587,dataset/images/587.png,"Emolga is a white, rodent-like Pokémon resembling a flying squirrel. It has black eyes, a tiny nose, and yellow electric sacs on its cheeks. Its ears, positioned at the top of its head, are rounded in shape and black in coloration, with yellow and white sections in the inside. It sports a vaguely hood-like patterning of black around its head, with a spiky extension of the pattern above its face. It has yellow winglike membrane flaps connected to its three-fingered arms. Its feet are white and fairly small and its black tail is in a jagged shape.
"
588,dataset/images/588.png,"Karrablast is a round, bipedal Pokémon with a primarily blue carapace that comprises a horn at the tip. Its black face has a teal patch on its forehead, a fanged mouth, and eyes with orange pupils and yellow sclerae. Its ridged underbelly, or plastron, is yellow, and its stubby arms and legs are black. 
"
589,dataset/images/589.png,"Escavalier is an insectoid Pokémon with a head sporting the red horsehair crest of a knight's helmet, with a visor underneath it. Its shoulders have large, round metal ridges, from which its thin black arms extend. The arms are tipped with red-striped protrusions resembling jousting lances. Its face and torso are bare of armor, but its lower body is concealed within a swirled gray shell with a red spike on the underside, which was presumably the shell of a Shelmet.
"
590,dataset/images/590.png,"Foongus is a white, mushroom-like Pokémon with a cap that looks quite similar to a Poké Ball. It has stubby, digit-less arms, a tiny mouth with large pink lips, and pinprick-like dark eyes. A theory suggests that the developer of modern Poké Balls actually modeled it after Foongus's cap due to liking the Pokémon, although this is supposition. 
"
591,dataset/images/591.png,"Amoonguss is a mushroom-like Pokémon. It has a huge, gray, stem-like body; fierce-looking eyes; a tiny mouth with large pink lips; and two arms. It has large caps on its head and arms that resemble Poké Balls. The cap on its head has a few warts.
"
592,dataset/images/592.png,"Frillish is a jellyfish-like Pokémon resembling young royalty. Regardless of gender, it has a round head with a crown-like tuft, and five tentacle-like appendages: two serving as arms and three as the lower half of its body. It has oval eyes with white pupils, and a collar around its neck. It has invisible poison spikes on its appendages. As a male, it is blue, with smooth appendages and a triangular crown. It has red eyes with blue sclerae and a straight eyelash on each eye, its collar is wavy, and it appears to be frowning, but in the animated series it is shown to smile rarely. As a female, it is pink, with wavy appendages and a round crown. It has blue eyes with red sclerae and a curled eyelash on each eye, its collar is frilled, and it appears to be smiling.
"
593,dataset/images/593.png,"Jellicent is a large jellyfish-like Pokémon whose appearance varies based on gender. Both genders have five tentacles, two of which are long with petal-shaped ends. The remaining three are short and tapered. A male is blue with a short white crown, and a white collar whose front portion resembles a mustache. Its eyes are red with blue sclerae, and there is one eyelash over each eye. Its long tentacles have white edges, while its short tentacles have white spots. A female is pink with a tall white crown and a puffy white collar. Its eyes are blue with red sclerae and surrounded by two eyelashes. Just below its eyes is a red heart-shaped marking which resembles a mouth. The long tentacles have white edges like the male, but the short ones have white frills.
"
594,dataset/images/594.png,"Alomomola is a pink, fishlike Pokémon with darker pink markings on its heart-shaped body and fins. It has large dorsal and ventral fins resembling hands, each divided into four sections and tipped with a paler pink. The shape of the Pokémon resembles an ocean sunfish, as it lacks a proper tail fin. Its eyes are round with golden irises and a mark that appears to be an eyelash extending up and back toward the rest of the body. Alomomola's entire body is enveloped in a special membrane that can heal wounds.
"
595,dataset/images/595.png,"Joltik is a tiny arachnid Pokémon. It has four legs tipped with blue, conical feet. Its ovoid body is completely covered in yellow fur, with notable tufts sticking out on each side of its face, just over each eye, and its lower back. Joltik has four blue eyes. The two larger eyes are set relatively far apart on its face, containing black pupils. The two smaller simple eyes are situated between the first pair, slightly higher up on its face. Joltik's mandibles point downward and reside at the bottom of its face, where they closely resemble tufts of hair. It is capable of producing silk from these mandibles, enabling it to hang from trees.
"
596,dataset/images/596.png,"Galvantula is a yellow arachnid Pokémon.  Its body consists of a head and abdomen. Its head is yellow on top and light purple on the bottom. It has two large, blue, forward-facing eyes with black pupils, and four, smaller, simple eyes sitting in a 2×2 pattern on its forehead. It has two long pedipalps connected from the underside of its head, which are blue and hairless on their lower half and covered in thick yellow fur on the upper half. Galvantula's body is covered in yellow and light purple fur on top with blue fur under its abdomen. Four tufts of hair sprout from under its abdomen and grow upward. Two large tufts sprout from the left and right of the rear, while two smaller ones sprout from each side. The fur on its back is light purple and with three thick, yellow stripes running up from its rear. Despite being based on a spider, Galvantula has only four legs. Each leg is connected to the head by a blue upper half. The lower half is covered in yellow fur and forms a bell-shape over its blue, conical feet.
"
597,dataset/images/597.png,"Ferroseed is a cave-dwelling Pokémon resembling a durian. It has many green thorns around its body that are used for protection. It has a metallic body with black stripes and polygonal spots, along with small yellow eyes with black pupils. 
"
598,dataset/images/598.png,"Ferrothorn is a Pokémon resembling a flattened durian. Its metallic body is covered in thorns, with three black stripes circling its width. The middle stripe has triangular shapes just below its eyes, which have green rims, yellow sclerae, and dark pupils. There is a green spike at the top of its body, and extending around it are its feelers, which are vine-like, long green appendages tipped with spiky metal disks.
"
599,dataset/images/599.png,"Klink is a Pokémon resembling two interlocking gears with six teeth each. The teeth of the gears are light-gray, with a darker central region. Each gear has a white ""X"" in place of its left eye, while their right eyes have a black pupil and white sclerae. They have round turquoise noses and small mouths. 
"
600,dataset/images/600.png,"Klang is a Pokémon resembling three interlocking gears, with six teeth on the smaller two gears and eight teeth on the larger gear. The teeth of the smaller gears are a light gray, while their central regions are much darker. The teeth of the larger gear are a medium gray and its central region is darker. The left eye of the smaller gear is a white ""X"", while its right eye has a black pupil and a white sclera. It has a round green nose and a small mouth that is wide open. The large gear appears to have a face with a black square for its right eye, a black circle for its left eye, and a sharply angled white frown. 
"
601,dataset/images/601.png,"Klinklang is a Pokémon resembling four interlocking gears, with six teeth on the smaller two gears and eight teeth on the larger gear. The fourth gear is on its lower side, and is red-topped with a thin, spiked rim below it. The red core is used to store energy gained from the rotating gears. This energy can be released through the spiked gear at the bottom. The teeth of the smaller gears are a light gray, while their central regions are much darker. The teeth of the larger gear are a medium gray and its central region is darker. The left eye of the smaller gear is a white ""X"", while its right eye has a black pupil and a white sclera. It has a round green nose and a small mouth. The largest gear appears to have a face with a black square for its right eye, a black circle for its left eye, and a sharply angled white frown. 
"
602,dataset/images/602.png,"Tynamo is a short, white, eel-like Pokémon with dark, oval eyes and a red, four-point star-shaped mouth. A wavy, yellow stripe runs along its body, which has a long fin membrane, giving it a tapered shape.
"
603,dataset/images/603.png,"Eelektrik is a blue-black, eel-like Pokémon with a beige underbelly. Its round, toothy, leech-like mouth has red lips, and its eyes have small pupils with yellow circle patterning around them. Beige fins extend from above and below its head, and its body has three yellow circular electricity-generating organs on either side. It has a red tail fin that resembles a fan.
"
604,dataset/images/604.png,"Eelektross is an eel-like Pokémon that resembles a lamprey, with a long tentacle-like, finned limb extending from its head. It has red eyes, a dark blue body, and possesses clawed, paddle-like arms with yellow spots and yellow-and-red palms. It has a beige fin on the upper portion of its body and beige fin-like legs below.
"
605,dataset/images/605.png,"Elgyem is a cyan-colored extraterrestrial Pokémon with an oblong head with depressions on either side. It has black, symmetrical lines going down the front of its head. On the front of its head are shiny, green button-like eyes. Its hands have three finger-like digits: one red, one green, and one yellow. It has short, stubby legs and a small tail.
"
606,dataset/images/606.png,"Beheeyem is a brown extraterrestrial Pokémon with an oblong head that features depressions on both sides. It has black, symmetrical lines going down the front of its head. Under the rim of its head, there lay two green eyes with small black pupils. It has a lighter brown ""collar"" and four dots on its chest of the same color. Beheeyem's arms have three finger-like digits: one red, one green, and one yellow. It has a rim underneath its main body, under which are two small legs. 
"
607,dataset/images/607.png,"Litwick is a small, candle-like Pokémon with a purple flame atop its head, which is powered by life energy that it absorbs. Its body and two stubby arms are made primarily out of white wax. The folded, melted wax lays over its right eye and leaves only the bright yellow left eye visible. It has a small smile under a protruding upper lip. 
"
608,dataset/images/608.png,"Lampent is a Pokémon which has a clear, spherical head containing a bluish-purple flame and oval, yellow eyes. On top of its head is a black covering, which resembles a lampshade, with a pointed spike on top. Underneath its head is a small, black body with a pointed spike at the bottom. Extending from its body are two long, wavy arms with no fingers. It floats through the air to move.
"
609,dataset/images/609.png,"Chandelure is a Pokémon that resembles a sentient chandelier. It has a striped, round head, and round, pupil-less yellow eyes. There is a ring of small, black spikes on top of its head with a tall, purple flame in the middle. From a black spike below its head, black arms curl upward. These arms are tipped with purple fire.
"
610,dataset/images/610.png,"Axew is a bipedal, grayish-green Pokémon with pale, straight tusks protruding from the sides of its mouth. These tusks can regenerate if broken and will regrow if they fall out. This repeated regrowth strengthens and sharpens its tusks. Axew's tusks serve numerous purposes, such as making territorial gashes in trees and boulders, playing with each other, and crushing Berries for eating. In ancient times, people used Axew's discarded tusks as cooking knives.
"
611,dataset/images/611.png,"Fraxure is a bipedal, draconic Pokémon with long, gray tusks with red tips protruding from the sides of its mouth. These tusks are capable of breaking boulders. It has dark eyes with red irises, a gray face, and a cowl-like feature of green segments on its head, neck, back, and chest. Its arms have three red fingers, and its lower body is gray, with red speckles on the underbelly. It has red toes and a red tip on its tail. 
"
612,dataset/images/612.png,"Haxorus is a bipedal Pokémon with a dark, yellow-green covering on its back and most of the front. It has black skin covering its torso, tail tip, and thighs, as well as red talons and claws. Its large tusks, which resemble axe blades, are black and edged in red, and are located on its upper jaw on the side of its mouth. Its medium-sized eyes are red with black pupils. Ridged plate-like skin travels from its back to its head region. It has solid armor and the legs and tail have a dividing line pattern. Its arms are quite small, with three digits, two elliptical triceps and biceps, and circular elbows. Its hands are small and circular with small red claws. Its legs are formidable and strong with three-toed feet with a red talon on each toe.
"
613,dataset/images/613.png,"Cubchoo is a bipedal, ursine Pokémon with a light blue head and neck. Its head is slightly pointed at the top and has large round ears; shiny, dark, oval eyes; and a darker blue muzzle. Cubchoo has a shiny dark nose, from which a considerable amount of light blue nasal mucus — the source of its attacks — constantly droops. The lower part of its body is white. It has rounded forepaws, digit-less feet with black paw pads, and a small round tail.
"
614,dataset/images/614.png,"Beartic is an ursine, quadrupedal Pokémon capable of standing on its hind legs. It has bluish-white fur with a shaggy tuft at its rear. Its head has a stumpy protuberance on top, and its face consists of a long snout, beady black eyes, and rounded ears. Ice covers the lower part of its snout and around its mouth. Three spikes of ice hang from its lower jaw, forming a beard. Its large forepaws have black claws and paw pads.
"
615,dataset/images/615.png,"Cryogonal is a Pokémon made of ice crystals, which resembles a shiny, blue hexagonal snowflake. Its facial expression is frozen, which leaves Cryogonal with a still, aggressive-looking face. Two cracks run through its face: the upper opening contains its eyes, and the lower serves as a mouth. It has two glowing eyes and its large mouth contains an extendable chain of ice, which is used for hunting.
"
616,dataset/images/616.png,"Shelmet is a bivalve or snail-like Pokémon. Its gray shell resembles a knight's visor, with a coiling spiral of its shell further back. The shell has protrusions on the underside, which it apparently uses as legs. Its inner body is pink with a long, puckered mouth, and green markings below its eyes.
"
617,dataset/images/617.png,"Accelgor is a Pokémon which has a large pink head reminiscent of a helmet that is curled in the back. Green stripes run from its eyes to the top of its head, and there is a black star-like marking or hole on the front. Its eyes are hidden in a shadowed crevice in its head. The rest of its body is covered by a blue, cloth-like membrane, which keeps Accelgor from dehydrating, with ribbon-like extensions at the top of its back. Its arms, when crossed, portray an aggressive mood.
"
618,dataset/images/618.png,"Stunfisk is a flat, fishlike Pokémon with a broad, mud-brown body. At the base of its yellow tail is a yellow marking shaped like an exclamation mark when seen from behind. These markings can generate electricity. It has small, horizontal, oval-shaped eyes, white with a tiny black pupil and no irises. Almost exactly between these two eyes lies the two thick gray lips that form its mouth. It has two small, flimsy fins at the sides of its body; each with two lobes. It has been seen to leap into the air and flap its fins as if they're wings to remain airborne.
"
619,dataset/images/619.png,"Mienfoo is a yellow, bipedal, mustelid-like Pokémon, with round ears, red eyes, and a pink nose with a whisker on each side. Its red arms look similar to flared sleeves, and the paws are yellow. Mienfoo's chest has a small red band, and its pelt piles around its thighs resembling a tunic or robe. Its legs are red, and its yellow tail is also tipped red.
"
620,dataset/images/620.png,"Mienshao is a white, long-bodied mustelid Pokémon with a small head and small, triangular ears. Its forehead has a purple spot adorning it as well as a yellow one on its snout. It has purple eyebrows that resemble eyelashes above its narrow maroon eyes, and it possesses a pair of long, yellow-tipped whiskers which have split ends. Its arms are almost completely covered by a large amount of fur that is tipped in purple and split at the end, resembling long sleeves. Its torso has one purple ring of fur around its midsection. It also has purple fur on the bottom section of the torso, which resembles pants, and its bottom paws are clawed. It has a long, skinny tail that, like its paw fur, is tipped purple and split at its end. Mienshao is respectful and is usually seen training with its Trainer.
"
621,dataset/images/621.png,"Druddigon is a large, blue, draconic Pokémon with medium-sized wings shaped like thistle leaves, although it is rarely seen flying. Its bright red head is harder than rock and is very rough. It has a set of glaring, ferocious pale yellow irises. Its arms are longer than its legs, giving it the appearance of a hunchback. It has a thick, moderately-sized tail and sharp white claws on both the hands and feet. It also has tall, conical, red spikes: three on each arm, one on each shoulder, two on each leg, and four on its tail. It has a blunt, brutal snout, bearing a maw with no discernible teeth; instead, small fang-like protrusions sprout from its jaws. It has a series of olive, ellipsoid scutes running across its belly.
"
622,dataset/images/622.png,"Golett is a bipedal Pokémon said to have been constructed from clay in the ancient past to protect an ancient and mysterious civilization of people and Pokémon. Its body is primarily covered by two different shades of blue. Its head features two bewitching, yellow eyes and a stub-like cyan-colored crest on top. Two pairs of crisscrossing brown bands extend around its spherical body meeting at a blue square with a yellow swirl in the center. Two large stone-like blocks act as its feet and two more such blocks adorn its ""forearms""; each arm ends in a dark blue-colored, crude three-fingered hand.
"
623,dataset/images/623.png,"Golurk is a bipedal automaton Pokémon resembling a suit of armor. It is mainly teal in color with yellow swirls on its shoulders and hands. It has a small head compared to its body, and pale yellow eyes, one of which turns to its left at the bottom, unlike Golett's eye, which turns right. There is a crack across the chest of the armor, which is patched diagonally with a brown seal resembling a belt. It has a crystal-like formation on each shoulder, and there are large bangles on its wrists and ankles. It has a Roman armor-like ""skirt"" and flat feet beneath. There is an unproven theory that Golurk contains a perpetual motion machine that creates a limitless amount of energy.
"
624,dataset/images/624.png,"Pawniard is a small, bipedal Pokémon with a vaguely beetle-like appearance. It has a rounded red and black head with a silvery blade extending from the front. Its face is gray with yellow eyes. Two pairs of steel blades protrude from either side of its black torso, connected by steel ribs. It has red arms that end with knife-like blades instead of hands. It also has red legs with two white toes located on both sides of each feet.
"
625,dataset/images/625.png,"Bisharp is a bipedal, humanoid Pokémon. It has a round, red and black head, similar to a war helmet, topped with a golden, double-headed axe blade with white edges. The helmet shrouds most of its yellow-and-black face, although its triangular eyes are visible. Resembling shoulder pads, Bisharp's red shoulders project slightly over its arms and have a thin yellow line where they meet its black torso. It has white, metallic hands that resemble gloves, with retractable, sharp blades attached. Encircling its torso are two blades, which create the impression of a ribcage. Its thighs are red and become progressively thinner as they connect to the knee. Both of its feet are metallic and split down the middle, resembling cloven hooves. These hooves are also similar to steel war boots or possibly leggings.
"
626,dataset/images/626.png,"Bouffalant is a bovine Pokémon with a large, dark afro on its head. Two large, curving horns, each with two golden growths resembling rings, protrude from the afro. It has a shaggy brown hide that ends at its knees and does not cover its face. A large, gray nose sits at the end of its short, beige snout, and its yellow eyes are partly hidden by its hair. There are black tear markings directly below its eyes. It has a large hump on its back. Each of its beige legs has a single, gray hoof and its tail ends in a stubby tuft of fur. 
"
627,dataset/images/627.png,"Rufflet is a small avian Pokémon with a blue body. A large white plume of feathers covers its head and three tail feathers extend from its lower back. The feathery ruff extends down past its neck, covering the upper third of its body. Its face is blue with five pointed tips, resembling a mask and crown in contrast to the white feathers surrounding it. Extending from its forehead is a large feather, which is red on the lower half and white on the upper half. The split between the two colors on the feather resembles a zigzag pattern. Rufflet's beak is short and wide, with large eyes on either side. Each eye has a thick black iris with a small white pupil. Its yellow legs and feet are large in comparison to the body. Each foot has four digits: one backwards, and three forwards.
"
628,dataset/images/628.png,"Braviary is a large, avian Pokémon with dark red feathers on its back and dark blue feathers on its underside. Its tail feathers are red, turning to yellow, and then blue at the tips. Braviary's legs are long and thick with yellow feet that each have a digit facing backward, and three facing forward. Each digit is tipped by a short, thick, black claw.
"
629,dataset/images/629.png,"Vullaby is a Pokémon that resembles a baby vulture. It has a plump, stout body covered in dark gray feathers, tiny wings with gray tips, and pink feet with three clawed toes. Vullaby's neck is short and supports a round, pink head devoid of any feathers, except for a crest on the top. There is a collar of fluffy, light gray feathers around its neck. It has a small gray beak and red eyes.
"
630,dataset/images/630.png,"Mandibuzz is a vulture-like Pokémon, particularly resembling a turkey vulture. It has a bare, pink head and neck, along with a notched black beak and red eyes. There are black eyelashes or eyeliner-like markings above its eyes. A long brown tuft with a bone in the middle extends from the back of its head. It has a tan ruff at the base of its neck, and shaggy darker brown wings with gray tips. Mandibuzz also has shaggy brown tail feathers. Its pink feet have black talons. It has decorated itself with bones — a jaw with sharp teeth — to form a skirt. When Mandibuzz sits on its Vullaby chick within its nest, Mandibuzz's bony skirt combines with the bones around Vullaby's lower body to form an upside-down skull with sharp teeth.[1] Different types of bones fall in and out of use as if there were fashion trends among Mandibuzz.
"
631,dataset/images/631.png,"Heatmor is a bipedal, anteater-like Pokémon. It has a beige face while the rest of its fur is red with yellow stripes, sharing the appearance of molten lava. On its lower abdomen, back, and underside are raised, beige-colored bands that resemble pipes, leading to its tail. Heatmor's claws, on both its feet and hands, are a dull yellow and on its wrists are raised, dented bands; both the wrists and feet are beige-colored. Its tail is dented upward and has a hole in it, similar in appearance to a muffler. It also seems to serve the same purpose as a muffler, being able to expel gases, although it is able to take in air as well.
"
632,dataset/images/632.png,"Durant is an insectoid Pokémon with a steel body that has three distinct sections. Its ovoid abdomen is dark gray with a light gray band wrapping around the middle and two circles resembling rivets near a jagged seam. Durant's thorax is slightly smaller, but identical in design with its abdomen. The only difference being one circle instead of two. Its head is spherical, containing the same light gray wrap design as its body. However, it wraps from front to back on the head. On each side of its head are large red eyes with hollow black pupils. Durant has two round mandibles that it uses to grab things and feed itself. The mandibles are attached below its eyes and are situated in front of its horizontally opening mouth. Atop its head are two long antennae, each tipped with small spheres. Durant has six black legs sprouting from its thorax. Each leg has one claw at its tip, except the front legs that each have two.
"
633,dataset/images/633.png,"Deino is a small blue quadrupedal Pokémon with black fur covering its head and neck, concealing everything but its mouth from view. The fur around its neck also has six purple spots encircling it, which resemble bruises. The hair on the top of its head takes the shape of a single small horn. It also has a short tail that appears to be bitten off. Deino's body is covered in wounds.
"
634,dataset/images/634.png,"Zweilous is a dark-blue, quadrupedal Pokémon with two heads and black fur covering its necks and back. Its front legs are muscular with two claws on each foot, but its rear legs are less defined and have two small, backward-pointing toes without claws. There are tufts of fur over its heads with rounded points at the top. It has two thin wings on its back, each ending in two points. The fur stops at the chest and opens up to fuchsia striped bands on the side of its legs. Though it appears to lack eyes, it is unknown if Zweilous is blind.
"
635,dataset/images/635.png,"Hydreigon is a three-headed, draconic Pokémon with six thin, black wings that each end in two points on its back. Its body is primarily dark blue, with black fur covering its necks and shoulders. Its secondary necks are also arms with elbow and shoulder joints. The inner fur surrounding its heads is fuchsia in color, and resembles collars. Hydreigon's heads have black eyes; the main head additionally has fuchsia pupils and visible pointed teeth, while the secondary heads' eyes are simplistic and unable to blink. Its abdomen has two fuchsia stripes and its feet appear atrophied, having no claws or defined soles. Its tail also sports a fuchsia stripe and ends with a black tuft.
"
636,dataset/images/636.png,"Larvesta is a fuzzy, moth larva-like Pokémon. It has blue eyes in a shadowed face. Its white mane of fuzz encompasses its head and the upper half of its body, while its lower half is brown. It has three pairs of small black legs. There are five red, slightly whorled horns on the sides of its head.
"
637,dataset/images/637.png,"Volcarona is a large, moth-like Pokémon with four small feet. It appears to have compound eyes that are two shades of blue, and there is a red horn-like structure on each side of its face. The fuzz on its upper body is smoky white and tangled. Its abdomen is black in the center and light blue with black dots on the outside. It has six leaf-like wings that are orange in color and have small black spots.
"
638,dataset/images/638.png,"Cobalion is a quadrupedal Pokémon that possesses traits of stags and goats. It is covered in aqua blue fur and has jagged yellow horns similar in shape to thunderbolts. Its snout is a lighter shade of blue than the rest of its fur, and there is a black blaze running from its nose to the back of its head. On its long neck and hind legs, there are small gray spots. It has a white tuft of fur under its neck, resembling a cravat. On its shoulder blades are yellow protrusions that resemble fins. Its tail resembles these protrusions, albeit in the same color as its snout. Cobalion's legs have black bands with lighter fur underneath and large black hooves. Cobalion's body is said to be made of steel.
"
639,dataset/images/639.png,"Terrakion is a bovine, quadrupedal Pokémon. It has a black, rounded forehead adorned with two brown, axe-like horns that curve forward. Its face is beige with orange eyes and a short snout. On top of its head are several short spikes. Down its back are two brown ridges that join just past its shoulders. There are two orange protrusions on its shoulders. The bands around its legs are the same color as its face, and it has black hooves underneath these bands. Its striped underside is also beige. It has a short, stubby tail.
"
640,dataset/images/640.png,"Virizion is a stag or antelope-like, quadrupedal Pokémon that is primarily green. On the sides of its head are long horns that end in dull, curled points. It has a pointed snout with a black blaze running from its nose to the back of its head. Its face, hind legs, and underside are white. There is a pinked-tipped leaf on each side of its neck, and leafy tufts on its shoulders. On its back, there are pointed tufts of fur forming a medium-long tail. Its lower legs resemble knee-high boots with pink highlights at the knees, and it has black hooves.
"
641,dataset/images/641.png,"In Incarnate Forme, Tornadus is a green, muscular humanoid Pokémon, which resembles a genie. It is a male-only species with no female counterpart. On its forehead are two purple long and sharp horns. Tornadus has white, wavy, and billowy styled hair, a spiky white mustache, and two pointed green ears on either side of its head. Its eyes are yellow with beady white irises and no visible pupils. The front of Tornadus's body is covered in various, irregularly shaped purple spots. Its broad chest consists of two joined diamond-shaped pectorals, its shoulders and elbows are adorned with magatama shapes, and on top of its navel is a teardrop, all colored purple. It has two spotted muscular arms, with five fingers on each hand. Its lower body consists of a trailing cloud, with a purple long, curling tail, tipped with a whirl. Spanning the length of its tail, Tornadus has several whorled structures. They are a light khaki color and follow the same direction as the tip of its tail.
"
642,dataset/images/642.png,"In Incarnate Forme, Thundurus is a blue, muscular humanoid Pokémon, which resembles a genie. It is a male-only species with no female counterpart. On its head is a single, long, sharp, purple horn. Thundurus has white, zigzagging, and jutting-styled hair, a spiky white mustache, and two pointed blue ears on either side of its head. Its eyes are yellow with beady white irises and no visible pupils. The front of Thundurus's body is covered in various, irregularly shaped purple spots. Its broad chest consists of two joined diamond-shaped pectorals, its shoulders and elbows are adorned with magatama shapes, and on top of its navel is a teardrop, all colored purple. It has two spotted muscular arms, with five fingers on each hand. Its lower body consists of a trailing cloud, with a thick, long, curling, purple, cable-like tail. Thundurus has six ball-like structures its tail goes through at intervals, like knots in a cord. They are a dark gray color, and each has a long, sharp spike on one side.
"
643,dataset/images/643.png,"Reshiram is a white, bipedal Pokémon with draconic, avian, and mammalian traits. A long, voluminous wispy mane streams out from the upper side of the snout and outwards from its head. The top of this mane is adorned with two protrusions resembling ears. Reshiram's face is fringed with spiky features, and it has a small, pointed extension below the chin. Its eyes have blue irises and black pupils. There are two pairs of pointed teeth visible when its mouth is open, one in the upper jaw and one in the lower. Reshiram has a long and slender neck, with a fluffy, collar-like protrusion jutting out of two gray, glass-like neckbands. Its arms begin slender and arm-like but then flare into a more wing-like appearance, sporting four claws resembling hands on the leading edge. There are plates at the back of Reshiram's ""hands"" that sport a similar color to its neck rings. Reshiram has a feathered or furry feature on its chest, with the lower portion protruding outwards to a point. Long feather-like protrusions jut out of its thighs. On its feet are large gray claws, three at the front and one positioned at the back, resembling high heels. Reshiram's tail is a mass of plume and ribbon-like extensions, surrounded by two large bands, similar to the ones around its neck. When its emotions surge, it enters Overdrive mode, and its tail lights up with a fiery glow.
"
644,dataset/images/644.png,"Zekrom is a black, bipedal Pokémon resembling a dragon or dinosaur, with dark patches on various portions of its body. It has red sclerae, white irises, and black pupils, as well as a small horn-like protrusion on the tip of its snout. Its head sports a thundercloud-like crest tipped with light-blue coloration. There are six pairs of pointed teeth visible when its mouth is open, two in the upper jaw and four in the lower. At the base of its neck is a black, stud-like feature, and atop its shoulders are similar, larger features resembling armor padding. The bases of its wings also have such padding and a fanned, splayed, seemingly webbed shape with a small ""wing-spike"" on one edge. The lower lengths of Zekrom's arms extend into splayed, seemingly webbed, somewhat baseball-mitt-like formations, with three-clawed, dark-colored hands on the undersides. The front portion of Zekrom's waist is black-colored, with its belly and thighs having thin striations down their length. Its knees are black, as are the foremost parts of its three-clawed feet and spiked heels. When its emotions surge, it enters Overdrive mode, and its tail lights up with a blue light.
"
645,dataset/images/645.png,"In Incarnate Forme, Landorus is an orange, muscular humanoid Pokémon, which resembles a genie. It is a male-only species with no female counterpart. On its forehead are three, sharp, pink horns arranged in a slight, upwards arch. Landorus has white hair shaped like a short log on top of its head, a jagged white mustache, and two pointed orange ears on either side of its head. Its eyes are yellow with beady white irises and no visible pupils. The front of Landorus's body is covered in dark pink spots, most of them shaped like diamonds, pebbles, and magatamas. Its broad chest consists of two joined diamond-shaped pectorals, its shoulders and elbows are adorned with magatama shapes, and on top of its navel is a teardrop, all colored dark pink. It has two spotted muscular arms, with five fingers on each hand. Its lower body consists of a trailing cloud, with a long, curling, brown branch or root-like tail. Landorus's tail has various flat protrusions running its span, each spotted in dark pink on its edge surface.
"
646,dataset/images/646.png,"Kyurem is a gray and blue, bipedal Pokémon of indefinable but seemingly draconic basis. Kyurem has a blue head and snout and has yellow eyes without pupils, a pair of pointed light bluish horns on its head, and a yellow crest on its skull that is bioluminescent. Three pointed teeth jut out the bottom of either side of its jaws, which are frozen shut by the ice covering its head. Its long, gray neck has lines running around its whole body, legs, arms, and tail. It has two arms, each with two claws, and each arm is joined by its oddly-shaped, blue ice wings. Each wing has two spikes which are bioluminescent. If its wings are broken, gray tendril-like appendages are revealed on Kyurem's back. The right side of its body seems to be damaged in some way, as the wing and horn on its head on that side are shorter; the right side of its head also has a spiked edge near its jaw hinge that is absent from its left. Its legs are somewhat slender and have three sharp ice-like claws on each enormous foot. Its tail has three blue conical spikes on its tip, and appears to be some sort of propulsion device or a container of energy; exactly what it is based on is unclear, but it may be a damaged turbine.
"
647,dataset/images/647.png,"Keldeo is a quadrupedal, colt-like Pokémon with a cream-colored body. It has a short, rounded snout with large nostrils and blue eyes. It has a large, feathery red mane, long, dark blue, ridged eyebrow-like protrusions, and a single cream-colored horn that curves slightly. The back of its head, as well as its neck, is covered with fluffy, light blue fur. Keldeo has blue hooves placed backwards, which are capable of ejecting water. Its tail is light blue with white spots and resembles an elaborate feather in a cap.
"
648,dataset/images/648.png,"Meloetta is a Pokémon that has a femininely anthropomorphic figure with musical bar-style streaks in its hair, quarter notes (crotchets) (♩) for its arms and hands and pupil-less eyes resembling whole notes (semibreves). It has a jewel on its forehead and a black headpiece that seems to be shaped like a treble clef, which doubles as an attached microphone such as one often used by singers. Its ovular head seems to be a third of its body's height and about half its height in width. In its Aria Forme, Meloetta has light blue eyes and flowing, wavy hair with light-blue ovals that resemble whole notes. In its Pirouette Forme, it has auburn hair that seems to be stylized in a high bun and red eyes. In both forms, its midriff and eyes match its hair. It is a gender-unknown species.
"
649,dataset/images/649.png,"Genesect is a bipedal, insectoid Pokémon with a metal body and a saucer-shaped head. It is primarily purple with several gray markings. It has two large red eyes that are capable of glowing, and a small white part that could be either its mouth or a vent. It has thin arms with overlapping segments. Each arm ends with a single, pointed claw from which it can spin a sticky string to create structures. There is a gray circle on each shoulder and a gray band around its abdomen. Its segmented legs each end with a large, upward-curving claw.
"
650,dataset/images/650.png,"Chespin is a bipedal, mammalian Pokémon. It is primarily light brown with darker arms and three triangular markings around its face. It has oval, brown eyes; a triangular, red nose; and rodent-like incisors. Its arms have three fingers, while its feet have two long claws. Covering its back is a tough, green shell, which extends from its head to halfway down its tail. The tip of its tapered tail is orange. There is a small, off-center hole in the shell on the back of Chespin's head and, around the face, the shell has four leaf-like spikes. On the back of its head is another spike split into three parts.
"
651,dataset/images/651.png,"Quilladin is a bipedal, mammalian Pokémon with some plantlike features. Most of its body is covered by a green, armor-like shell similar to a chestnut. The shell covers everything except its face, lower body and legs, and the undersides of its arms. The visible parts of its body are dark brown, except for its lighter face. The face has dark, oval eyes, a small, pink nose on a pointed snout, a dark brown, sideways triangle on each cheek, rodent-like incisors, and a three-pointed patch of dark brown fur on its forehead. On either side of its head is a large, ear-like spike with reddish tips. Its tail also has a reddish tip. Its shell is banded over its arms and on its back, and the fur on its lower body creates a three-pointed pattern on its front. Quilladin has three white, clawed digits on its hands and two on its feet.
"
652,dataset/images/652.png,"Chesnaught is a bipedal, mammalian Pokémon with some plantlike features. There is fluffy white fur on its belly and fringing its face like a beard. It has a small, pink nose with a three-pointed patch of brown fur extending up its short snout and four pointed teeth. On top of its head is a plate of beige armor, similar to a helmet. It possesses a prominent domed, armor-like shell similar to that of a chestnut. The armor is beige with four large spines jutting out of the back. The armor is trimmed with red and green bands; the green is on the outermost edge. There is an additional spine protruding from the armor over each of Chesnaught's shoulders, which are connected by a green breastplate. Its body is colored similarly to the shell, and its long limbs and tail are banded with plates of armor. The top surfaces of the tail and arms are protected by green armor, and each arm has two small spines. It has three brown, clawed digits on its hands and feet. Its arms can be brought together to create a spike-covered ""shield"".
"
653,dataset/images/653.png,"Fennekin is a small, quadrupedal fox-like Pokémon. It is covered in pale yellow fur that is longer on its haunches. It has a white muzzle with longer fur on its cheeks, large, dark orange eyes, and a pointed, black nose. When its mouth is open, two pointed teeth can be seen in its upper jaw. Tufts of dark orange fur cover the interior of its large ears. Fennekin also has small paws with no visible toes and slim legs. Its tail is fluffy with a dark orange tip.
"
654,dataset/images/654.png,"Braixen is a bipedal, fox-like Pokémon. While the majority of its fur is yellow, it has thick black fur on its legs, white arms and face, and a dark orange tail tip. The fur on its cheeks is longer, and a small mane of white fur covers its shoulders and chest. Long, wavy tufts of dark orange fur grow out of its large ears, and its eyes and small nose match this fur in color. When its mouth is open, two pointed teeth can be seen in its upper jaw. Above its developed legs, the fur around its hips sweeps out to either side, resembling a skirt or shorts. Each paw has three small digits. 
"
655,dataset/images/655.png,"Delphox is a bipedal, fox-like Pokémon. It is covered in a coat of long fur that resembles a robe. This ""robe"" is primarily dark red with red-orange, flame-like markings near its knees. There is also a thin tuft of white fur on its torso, which is flanked by yellow fur draping down from its shoulders. Its forearms feature long red fur resembling sleeves, and its hands and feet are dark gray with three clawed fingers and toes, respectively. A tail covered in yellow fur protrudes from its ""robe"". Its head is yellow with longer white fur on its cheeks. It has red eyes and a slender snout with a pinkish nose. Three tufts of red-orange fur protrude out of each ear. When its mouth is open, two pointed teeth can be seen on its upper jaw.
"
656,dataset/images/656.png,"Froakie is a quadrupedal, frog-like Pokémon. It has light-blue skin, white hands, and a dark blue stripe from the center of its oval head to its nose. It has three fingers and two toes on its hands and feet. Its eyes, which have yellow sclerae, black irises, and white pupils, protrude vertically from its head due to their size. Froakie produces a large mane of bubbles from its chest and back and has two small bubbles on its nose. 
"
657,dataset/images/657.png,"Frogadier is a light-blue, bipedal, frog-like Pokémon. A dark blue marking covers its head and forms a three-pointed mark down its upper back. Its eyes have yellow sclerae, black irises, and white pupils. Its eyes protrude slightly from the top of its head and each has a backward-facing spike above it. It has a white bubble scarf, dark blue hands and circular toes, and white circular fingers.
"
658,dataset/images/658.png,"Greninja is a bipedal, frog-like Pokémon. It is mostly dark blue with a yellow chest, a white triangular marking over each eye, a light blue four-pointed star on each thigh, and yellow on the lower half of its face. It has red eyes with white pupils and its mouth is hidden behind a large, pink tongue that wraps around its neck and extends outward behind its head. Running down the middle of its head is a fin-like extension, and there is a similar fin on each side of its head. Light blue webbing connects its head fins. There is a large, white bubble-like bump on each elbow and knee. Its back feet have two toes, while its front feet have three toes. Each digit has a bulbous tip and yellow webbing.
"
659,dataset/images/659.png,"Bunnelby is a small, gray, rabbit-like Pokémon. The tips of its large ears are dark brown and have three finger-like sections each. It has black eyes, a small pink nose, prominent round cheeks, two tiny whiskers on each cheek, and large upper incisors. Its neck is surrounded by a ruff of stiff, brown fur. There are small brown spots on its hind legs and it has brown toes. It also has a fluffy gray tail. 
"
660,dataset/images/660.png,"Diggersby is a bipedal Pokémon that resembles a large, portly gray rabbit. Its most notable feature is its two ears, which resemble muscular forearms, complete with three-fingered paws. The ears are mostly gray with pink interiors, whereas the paws at the tips are brown. There are three brown spots above each ear-paw. A pointed protrusion in the middle resembles an elbow. These ears are as powerful as an excavator, being strong enough to lift objects weighing over a ton and reduce dense bedrock to rubble, and prove to be an invaluable asset in Diggersby's digging.
"
661,dataset/images/661.png,"Fletchling is a small, avian Pokémon similar in appearance to a robin. It has a reddish-orange head with a triangular yellow mark on the back of each eye. Its body and wings are gray, and there are white tips on the wings. It has a long, black tail with a white V-shaped marking near the tip. The tail ends in two points and has two feathers sticking out at the base, resembling the fletching on the end of an arrow. Its legs, small beak, and eyes are black. The legs are thin and spindly, with two toes facing forward and one facing backward on each foot.
"
662,dataset/images/662.png,"Fletchinder is an avian Pokémon with predominantly orange and black plumage. It has a sharp, black beak, black eyes with yellow, mask-like markings behind them, and a small, pointed crest on the back of its head. Its upper side is reddish-orange and its belly is gray. There is a flame pattern on its breast where the two colors meet. The tips and undersides of its pointed, black wings are yellow. Its legs are also black with sharp talons and two toes facing forward and one back. Two white, V-shaped markings are located near the tip of its long black tail-feathers. Its tail ends in two points and has another feather sticking out of the base on each side, resembling the fletching on the end of an arrow.
"
663,dataset/images/663.png,"Talonflame is an avian Pokémon that closely resembles a falcon. Red-orange plumage covers its head, wings, and most of its chest and back before tapering off into a flame pattern. Its underside and hindquarters are gray and the tips of its long, pointed wings are black. Orange spots speckle its underside. Large yellow talons extend from the shaggy feathers on its legs. Talonflame has a pointed crest atop its head and black-and-yellow mask-like markings around its eyes. Its black beak is hooked with a yellow cere. It also has long black tailfeathers marked with three yellow V-shapes. The tail ends in two points and has another feather sticking out of the base on each side, resembling of the fletching on the end of an arrow.
"
664,dataset/images/664.png,"Scatterbug is a black larval Pokémon with a relatively large head. Its head is bisected by a line that runs from the forehead to the mouth. It has large beige eyes with square black pupils, a single pointed tooth that pokes out of its mouth, and three white hairs on top of its head. Scatterbug has a three-segmented body with a pair of nubby, beige legs on each segment. A white ruff of fur encircles its neck, and there is a large beige spot on its rear.
"
665,dataset/images/665.png,"Spewpa is small, cocoon-like Pokémon mostly hidden by sharp white fur with square particles of red, black, and pale yellow in and around the fur. Poking out of the top of its fur is its large, round head. The head is light gray in the back with a darker gray face. There is a beige dot over each eye and the face is bisected by a thin, black line that ends in a beige triangle at the top of the head. Its eyes are also beige with square, black pupils.
"
666,dataset/images/666.png,"Vivillon is a butterfly-like Pokémon with wings that come in a large variety of patterns. It has a round, grayish head with large, black, pixelated eyes and a pair of skinny antennae. The tips of the antennae each have an ovoid scale that is dark gray on the upper half and beige on the lower half. Vivillon's thorax is an ovoid and divided into three segments; each segment is a different shade of gray. Its legs are also ovoid and are dark gray on the lower half, beige on the upper half, and have a black band in the middle. It has two black, circular hands and no visible arms. While Vivillon's wings come in a wide variety of colors and patterns, they always have black edges and pixelated markings. It can spread its scales to poison its opponents during battle or, as seen in the Pokémon the Series: XY episode To Catch a Pokémon Smuggler!, to calm an opponent's fighting spirit. It is highly capable of finding sources of water, such as springs.
"
667,dataset/images/667.png,"Litleo is a quadrupedal, leonine Pokémon. It is mostly dark brown with pale brown paws, ears, tail tip, and face. It has a short, rounded muzzle with a reddish-orange nose, round ears with darker interiors,  and circular, black eyes with white pupils. There is a reddish-orange tuft of mane between its ears. Each of its paws has three toes and dark brown paw pads. The tail ends in a pointed, teardrop shape.
"
668,dataset/images/668.png,"Pyroar is a quadrupedal, leonine Pokémon. It is mostly dark brown with light brown legs, tail tip, chest, and face. It has a rounded muzzle with a dark brown nose, round ears with dark brown interiors, bright blue eyes, and a dark brown stripe behind each eye. The fur around its thighs is longer and each paw has three toes. There is a tuft of longer fur on the tip of its tail. A male Pyroar has a large, predominantly red mane with gold streaks forming a pattern resembling the Daimonji symbol (大) and the symbol for fire (火). In contrast, a female has a long, gold and red crest-like mane extending from its forehead. Female Pyroar significantly outnumber their male counterparts. The female's mane is as long as its whole body, and the light brown on its front legs extends all the way to its shoulders. The light brown fur on the male's front legs only extends up to its elbows.
"
669,dataset/images/669.png,"Flabébé is a small Pokémon with a white upper half and a green lower half. It has beady eyes, a pink blush mark on each cheek, long, notched ears, and a small, pointed nose. On top of its head are several spheres of pollen that form a crown. It has stubby arms and a tail, but no visible legs. Flabébé is a female-only species with no male counterpart. It is one of the shortest and lightest Pokémon in existence.
"
670,dataset/images/670.png,"Floette is a small Pokémon with a white upper body and a deep-green lower body. Its eyes are black with a green, leaf-like extension over each similar to eyelashes. It has long, notched ears with a yellow ring around each base. Its tail is spade-shaped, and it has thin arms with mitten-like hands. It has two thin black lines on its head. It is a female-only species with no male counterpart.
"
671,dataset/images/671.png,"Florges is a slender Pokémon with a white upper body and a green lower body. Its head is rounded with a pointed, upturned nose; long, teardrop-shaped ears; and dark eyes with lengthy, green, plantlike lashes. Surrounding its head is an ornate bouquet of flowers that can be red, yellow, orange, blue, or white. It has slender arms with three tiny fingers and two black diamond shapes on its chest. Its lower body resembles a mermaid's tail with two large leaves sprouting above the tailfin. It is a female-only species with no male counterpart.
"
672,dataset/images/672.png,"Skiddo is a quadrupedal, goat-like Pokémon covered with shaggy, dark brown fur. It has a white face with a brown blaze down the middle, a round black nose, black eyes, a short beard, and small rounded ears. On top of its head are a pair of pointed black horns extending out to the sides. It has a white stocking on each leg and cloven, orange hooves. There is a leafy green mane around its neck that extends along its back. The mane ends at its tail, which is made up of three short leaves. 
"
673,dataset/images/673.png,"Gogoat is a quadrupedal, hooved Pokémon similar to a goat. The fur on its face is white with fluffier fur on the chin and the back of its head is dark brown. It has a black nose, red eyes encircled by black markings, a brown blaze down the middle of its face, and rounded ears. On top of its head is a pair of curving black horns that extend over its back. It is covered in shaggy, brown fur that is darker across the back and lighter around the belly and legs. Around its neck is a thick, green leafy mane that extends down its back and ends in a short, bushy tail. The fur on its legs is shorter than the rest of its body; it is dark brown on the upper leg and white around the feet. Each foot ends in a cloven, brownish-orange hoof.
"
674,dataset/images/674.png,"Pancham is a bipedal, mammalian Pokémon that resembles a young panda. Its head and short, puffy tail are white. It has a triangular black nose, rounded black ears, black circles around its eyes, and tufts of fur on top of its head and on each cheek. Its upper body and hind feet are black, while the lower body is a dark gray. Where the two colors meet the dark gray forms a three-pointed pattern on its chest. There are three digits on each paw and small, dark brown circular pads on the soles of its black hind paws. Pancham carries a small, green leaf in its mouth. There is no actual purpose behind this leaf, aside from an attempt to look cool.
"
675,dataset/images/675.png,"Pangoro is a large bipedal Pokémon resembling a humanoid panda bear. It has a stocky build with a round belly, short legs, and long arms with large paws. Its head and belly are covered in thick white fur, while its lower body, chest, arms, and back are covered in equally thick dark gray fur. A long cape of this dark gray fur hangs down behind its back; in combination with the rest of the dark-furred pattern, this gives the impression that Pangoro is wearing a long coat and trousers. Pangoro's three-fingered paws have shorter, darker fur and are tipped with black claws. It has a blunt snout with a triangular black nose, rounded black ears, prominent fangs in its lower jaw, and black semicircles under its brow that make its eyes indistinguishable. Pangoro likes to carry a thin-stemmed shoot with two leaves in its mouth. This small bamboo shoot is used to sense the movements of those around it.
"
676,dataset/images/676.png,"Furfrou is a quadrupedal, canine Pokémon with thick, white fur that covers its black body apart from its paws and face. The fur is thicker and fluffier around its head and tail. It has round, red eyes with blue eyelids, a pointed snout with a round, light blue nose, and long rectangular ears. When its mouth is open, two pointed teeth can be seen on its upper jaw. 
"
677,dataset/images/677.png,"Espurr is a bipedal, feline Pokémon. Its fur is a pale gray with white tips on its ears and white paws. There are tousled tufts of fur on its head, cheeks, shoulders, chest, and hips. It has wide, pale purple eyes with darker purple pupils, a tiny nose, and a small mouth. When its mouth is open, two pointed teeth can be seen on its upper jaw. Its tail is fluffy and slightly curled.
"
678,dataset/images/678.png,"Meowstic is a bipedal, feline Pokémon whose appearance differs drastically between genders. Both genders have two tails, folded ears, a small collar of fur around the neck, and a tuft of fur on top of the head. On the inner surface of the tips of each ear, there is an eye-like organ with a ring at its center. This organ can emit psychic energy powerful enough to obliterate a 10-ton truck or tanker into dust. When emitting psychic powers, the organ glows light blue. Meowstic usually keeps its ears folded at all times to keep its psychic powers in check, but it will unleash this power if threatened.
"
679,dataset/images/679.png,"Honedge is a Pokémon that resembles a sword from medieval times. Its body is a silver sword with a light gray hilt. Embedded in the hilt is a blue gem with a dark center that appears to be its eye, which is said to be its true form. Attached to the pommel is a long, dark blue cloth with a swirl design in lighter blue at the tip; the tip of the sash splits into four tassels. Honedge's sheath is dark brown with curved lines resembling a triquetra across its surface. Near the top of the sheath are two rings and a hole that in conjunction with the shape of Honedge's blade create the illusion of a face, with eyes and a mouth. A third ring extends onto the hilt and encircles its actual eye.
"
680,dataset/images/680.png,"Doublade is a Pokémon composed of two swords. Each sword has a silver blade and a light gray hilt. Embedded in each hilt is a single, pink gem with a dark center that appears to be an eye. Attached to each pummel is a long, dark purple sash with a pink swirl pattern on the tip; the tip of the sashes split into four tassels. Doublade has two sheathes that are attached to a plaque. The sheathes are varying shades of brown with lines forming a triquetra pattern across the front. Near the top of each sheath are white teeth-like markings and rings with white centers that resemble eyes. A third ring extends onto the hilt and encircles the actual eye. 
"
681,dataset/images/681.png,"Aegislash is a Pokémon whose body resembles a golden sword. The edge of the steel blade is white and somewhat serrated near the tip. Where the blade meets the hilt is a single, purple eye with a white slit pupil surrounded by black space. The handle forms a thick, striated spike. Two cloth-like arms emerge from the sides of the hilt. Each arm is primarily black and transitions to a pale purple with a slight swirl pattern at the tip. The sash-like arms split into four tassels at the tips. It always carries an ornate shield in at least one of its arms. The shield is gold and has three brown rings surrounded by black in the middle. It also has a brown rim with three lines radiating toward the center.
"
682,dataset/images/682.png,"Spritzee is a pink, avian Pokémon. It has a rounded body and a pale blue-gray face. Most of its facial area is taken up by its curved beak, which somewhat resembles a plague doctor's mask. It has large red-orange eyes with long black lashes. On top of its head is a curly tuft of feathers or fur. It has small wings and purple feet with no visible digits. 
"
683,dataset/images/683.png,"Aromatisse is a bipedal, semi-humanoid Pokémon. Its head and upper body are covered in fluffy purple fur or feathers. The exact hue varies: they are vivid purple in the official art, and pinkish-purple in all other appearances of the Pokémon. Around its lower body is an even fluffier mass of pink fur, resembling a skirt. There is a black bow on its lower back. It has a pale blue-gray face with a small, curved beak or snout that resembles a mask worn by plague doctors or a masquerade mask. Its eyes are black with red sclerae and pupils and full black lashes. It has two wavy ears or tufts with yellow centers on its head. Each of its hands has three yellow claws, and it has paw-like feet with three toes.
"
684,dataset/images/684.png,"Swirlix is a small, round Pokémon covered with fluffy white fur. It has reddish-pink eyes with white pupils, round ears with light pink tips, a tiny reddish-pink nose, and is often seen with its tongue poking out of the corner of its mouth. When its mouth is open, two upper fangs can be seen. In between its ears is a more prominent tuft of fur. Poking out of the bottom of its fur is its light pink tail. Although Swirlix is typically depicted as levitating to move about, it has a pair of rear paws tucked up in its fur; when exposed, these paws appear to be light pink and have three toes each.
"
685,dataset/images/685.png,"Slurpuff is a white, bipedal Pokémon. It has reddish-pink eyes with white pupils and is usually seen with its tongue poking out of the corner of its mouth. When its mouth is open, two upper fangs can be seen. On top of its head is a mass of fluffy pink fur with a red cherry-like sphere on top. On either side of its head, its pink fur forms a spherical shape similar to ears. Around its neck is a wavy, red collar and there is a red spot on the left side of its chest. It has small, pink feet with three toes and stubby arms.
"
686,dataset/images/686.png,"Inkay is a blue, squid-like Pokémon. It has a transparent mantle with a rounded, pink body inside that has several yellow, circular spots that can glow brightly. There are four of these luminescent spots on the front and two on the back. Attached to its mantle are two transparent tentacles; its remaining tentacles are part of its main body, eight in total. It has round black eyes and a pink beak-like mouth.
"
687,dataset/images/687.png,"Malamar is a Pokémon that resembles an upside-down squid. Several purple tentacles with bright blue undersides sprout from the top of its head. It has yellow eyes with black sclerae, a dark pink beak-like mouth, and lighter purple eyelids. Its main body is dark purple and has six circular yellow lights on the front and back. There is also a yellow stripe nearly encircling its upper body. Covering its main body is a transparent mantle with two white fins on the bottom that function as legs. On each side of the mantle is a long tentacle with dark pink at the top and white, scythe-like fins at the ends. The edge of Malamar's fins are said to be supremely sharp.
"
688,dataset/images/688.png,"Binacle is a Pokémon that resembles a goose barnacle. It also has the appearance of a hand and arm; the “hand” serves as its head. Its head is brown with puffy orange cheeks and an orange marking where a nose would be located. On top of its head are three long claws. Its body is orange with a white band around the middle. 
"
689,dataset/images/689.png,"Barbaracle is a bipedal Pokémon with a body that consists of two gray rocks connected by an orange, segmented waist. It has four orange arms connected to the upper rock. Its head is brown and resembles a left fist; there are four clawed fingers on top and a clawed thumb on its right cheek. Its face is orange with two eyes but no other distinguishable features. Each arm has a brown hand with a single eye in the center of the palm, four long claws, and a brown band around the middle. Its legs are also orange but have two brown bands and brown feet with four claws and a four-pointed star on the soles. 
"
690,dataset/images/690.png,"Skrelp is a brown aquatic Pokémon that resembles a common sea dragon. It has a purple face and neck, red eyes rimmed with black, a tubular, upturned snout, a leaf-like pectoral fin on either side of its head, and a large, roundish lump on top of its head. A light blue, round growth is attached to the back of its head by a thin brown stem. Its back has a slight hunch with a blunt spike. On either side of its body is a rounded, light blue fin and it has a striated, purple belly. Its tail is composed of three leaf-like fins.
"
691,dataset/images/691.png,"Dragalge is an aquatic Pokémon that resembles a common sea dragon. Its body is curved in a way that vaguely resembles the number three. Its sides are a light purple with slender vertical lines, while most of the rest of its body is a dull brown. There is a light purple patch on its face surrounding its red eyes. It has a tubular, upturned snout and on the back of its head is a thin appendage. On top of its head is a red, leaf-like crest with two brownish-green antennae. On either side of its body is a skinny, leaf-like appendage and its tailfin also resembles a large leaf. There are three small spikes along its back.
"
692,dataset/images/692.png,"Clauncher is a crustacean Pokémon that resembles a bright blue shrimp. It has three pairs of light gray legs; two pairs have simple blue spikes, while the foremost pair forms a larger set of claws. One claw forms a single, sharp point; and the other is much larger and forms a more traditional pincer, with a tiny yellow lower claw and a yellow circular pattern with two stripes on the back. Each front claw has a black stripe across the top. It has a pair of yellow antennae on top of its head, yellow eyes, and three pointed mandibles. There are three black stripes along its back that separate its body into segments, and it has a light gray underside. Two black, rectangular fins form its tail.
"
693,dataset/images/693.png,"Clawitzer is a crustacean Pokémon that resembles a bright blue shrimp. Its body is divided into several segments by black ridges and there are three small spikes behind its head. It has semicircular, yellow eyes, a black stripe across its face divided into parts, and four pointed mandibles. Its tail consists of three pointed fins: two black ones and one bright blue one. It lacks legs but has two clawed arms. The left claw is smaller and is dark blue with a black stripe along the back and a yellow tip. The right claw is a pincer larger than Clawitzer's body. The pincer is dark blue with a pair of thin, yellow antennae on top, three overlapping segments with a black stripe along the back edge, and four black spikes attached to the back of the last segment. The movable lower portion of the pincer is yellow, as is the inner portion of the pincer's last segment, which has three stripes patterning it.
"
694,dataset/images/694.png,"Helioptile is a bipedal, lizard-like Pokémon. It is primarily pale yellow with black feet and a black tail tip. The top of its head is also black with a triangular yellow marking on its forehead. It has blue eyes, a V-shaped mouth, a slightly pointed head, a tapering tail, and three toes on each foot. On either side of its head hangs a pointed, extension with a yellow tip. These can stiffen and expand into a frill. 
"
695,dataset/images/695.png,"Heliolisk is a bipedal Pokémon that resembles a yellow lizard. Its head is mostly black with a yellow lower jaw. It has blue eyes with a pointed spike over each. Covering its neck is a black frill with orange spikes around the rim. This frill can be raised to frame its head if needed. Its hands and feet are black with three digits each and there is an orange band with triangular markings around each leg. It has a long, tapering tail that is orange and then black at the tip.
"
696,dataset/images/696.png,"Tyrunt is a bipedal, dinosaurian Pokémon that resembles a large theropod. Its body is grayish-brown with a small hump on its back, and its belly and lower jaw are a lighter gray. The head is large in proportion to its body and has a blunt snout with a ridge above the nostrils. Two teeth are visible in the lower jaw, while the upper jaw has two tooth-like spikes. On top of its head are two orange spikes and it has a black around the lower edge of each eye. Around its neck is a spiky ruff of white, primitive feathers. It has tiny forelimbs with two white claws each. The hind legs are more developed and have rectangular, armor plating over the knees, three white claws on each foot, and a smaller, fourth digit lacking a claw off to the side. Its tail is short with an orange spike near the tip.
"
697,dataset/images/697.png,"Tyrantrum is a bipedal, dinosaurian Pokémon that resembles a large theropod. It is predominantly brownish red with scaly patterns on its skin and scattered orange highlights on some scales and ridges. Tyrantrum's head is proportionately large with a blunt, ridged snout and powerful jaws. It has black around its eyes and a light gray lower jaw covered by a beard of white, primitive feathers. Several sharp teeth are visible in the lower jaw, while the upper jaw is lined with orange-tipped, tooth-like projections. Over its eyes is a row of five spikes resembling a crown. Around Tyrantrum's neck is a feathery white ruff that extends over its shoulders similar to a cape. Its underbelly is gray with white borders and there are two orange spikes near the tip of its long tail. Its small forelimbs have only two black-clawed digits each, but it has powerful hind legs with three black claws each. Plated, armor-like ridges cover its knees, back, and the top of its tail.
"
698,dataset/images/698.png,"Amaura is a quadrupedal, dinosaurian Pokémon that resembles a sauropod. It is light blue with a white underbelly. It has a long neck, a short, stubby tail, and a single white claw on each hind foot. Above each of its large, deep blue eyes is an iridescent, sail-like structure. Typically, the sails are yellow at the bottom and fade into pink toward the tips. On each side of its body is a dark blue crystal. Pokémon-Amie has demonstrated that its sails can change color with its mood and the crystals on its sides permanently remain at freezing temperatures.
"
699,dataset/images/699.png,"Aurorus is a quadrupedal, dinosaurian Pokémon that resembles a sauropod. It is primarily blue with a light blue underside. It has bright blue eyes, a long neck, and a long, tapering tail with a teardrop-shaped tip. On its head is a V-shaped white marking with a single, light blue crystal in the center. Two large, flowing sails extend from the top of its head and run down the length of its neck. The sails are pale whitish-yellow at the base and fade into a pale bluish-purple at the edges. However, its sails can change color depending on its mood as seen in Pokémon-Amie. Running the length of its body on either side is a line of small ice crystals. There are three clawed toes on its hind legs, but one large nail and a single claw on its forelegs.
"
700,dataset/images/700.png,"Sylveon is a quadrupedal, mammalian Pokémon covered with pale cream-colored fur with pink feet, ears, and tail. It has light blue eyes, long ears with blue interiors and thicker fur, a tiny nose, two stray tufts of fur on top of its head, and two pointed teeth which can be seen when it opens its mouth. There are two bows on its body: one at the base of its left ear and one at its neck. Each bow is pale cream with a pink center and trails a pair of ribbon-like feelers. These feelers, which can be manipulated like limbs and extended far beyond their typical length, are pale cream and end at the tips with a pink stripe, then a dark blue stripe, and then a light blue color. It has slender legs with small, three-toed paws and a fluffy, slightly curved tail.
"
701,dataset/images/701.png,"Hawlucha is a bipedal, birdlike Pokémon with colorful plumage. Its head curves into a beak-shape in the front, but its mouth is located in a white patch under the beak's curve. It has a blue-green mask-like marking across its face, an orange blaze running from its forehead to the back of its neck, an orange ring around each eye, and a small, red patch at the tip of its beak. There is black space around its eyes, which are yellow with paler yellow sclerae. On the back of its head are two rectangular, tassel-like feathers. Its red, cape-like wings have blue-green undersides and are connected to its feathery tail. Near the tip of each wing is a three-clawed hand. Its front is white with a line of red along its neck and the top of its chest. It has small, yellow feet with three toes each.
"
702,dataset/images/702.png,"Dedenne is a bipedal, orange, rodent-like Pokémon with a round body. It has round black ears with pale yellow interiors, black eyes, a tiny nose, and a prominent upper incisor with a slight point. On each cheek is a circular, dark orange electric sac with two black whiskers. The upper whiskers have branches and resemble antennae, while the lower whiskers are simple. There is a thick black stripe down its back and it has a pale yellow belly. It has stubby limbs with three digits on each paw and a long, thin black tail with a tuft of fur on the tip.
"
703,dataset/images/703.png,"Carbink is a gray, rock-like Pokémon with a conical body. Its body has light blue crystals of various shapes and sizes embedded in it. A white, fluffy collar surrounds its small head. It uses this soft mane to polish the gems of other Carbink. It has bright blue eyes, a light blue crystal on top of its head, and flat diamond-shaped ears. In some media depictions, the fluffy collar, ears, and pattern of the blue crystals on the Carbink’s body can differ based on size and crystal pattern. Due to its small stature, it ties with Minior and Dwebble as the shortest Rock-type Pokémon.
"
704,dataset/images/704.png,"Goomy is a Pokémon that resembles a slug or a slime with beady black eyes. The lower half of its body is light purple, while the upper half is a paler shade of purple. Along the dividing line of the two colors are five large, green spots. The front part of this line is its mouth. On top of its head are two pairs of antenna-like horns; the hind pair is longer than the front pair. These sensitive horns are used to check its surroundings.
"
705,dataset/images/705.png,"Sliggoo is a Pokémon that resembles a snail. The lower half of its body is light purple, while the upper half is a paler purple. It has featureless, green eyes, a single, tiny eyelash over each eye, and two pale green spots on each cheek. It has nubby, underdeveloped arms. On top of its head are two pairs of antenna-like horns; the front horns are small nubs, while the hind horns are considerably longer. Its gelatinous body forms a spiral shell-like structure on its back. Contained within the shell are its brain, heart, and other organs.
"
706,dataset/images/706.png,"Goodra is a bipedal, draconic Pokémon that is coated with slime. Most of its body is pale purple with a darker purple underside. It has bright green eyes, two green spots on each cheek, a relatively long neck, and a short, rounded snout. On top of its head are two pairs of antenna-like horns. The foremost horns are small nubs, but the hind horns are longer, thicker, and curve down its neck. The tips of the larger horns are slightly curled. It has proportionally short limbs with two digits each and a large, thick tail with a curled tip. Along each side of its tail are three green spots. A pale green slime is usually visible dripping from its chin and arms. It is known for having a great affinity for water, being able to live within water with no difficulty at all, as well as dive and surf all around the area.
"
707,dataset/images/707.png,"Klefki is a small, grayish-white Pokémon that resembles a key ring with four keys. It has a spherical head with a small, pink oval on its forehead. Two black circles and a keyhole form its eyes and mouth, respectively. Below its head is its pink, teardrop-shaped body with a white, teardrop-shaped marking in the middle. Extending from the top of its head is a horn that resembles an old-fashioned key with two wide, blunt teeth. Extending from either side of the key is a thin loop that surrounds Klefki. Hanging from the loop are various keys that this Pokémon has collected. As seen in the TCG, the loop is highly mobile and can split both at the top and the bottom, allowing Klefki to collect new keys and even express its feelings. Klefki is very tiny, tying with Alolan Diglett and Meltan as the shortest Steel-type Pokémon.
"
708,dataset/images/708.png,"Phantump is a ghostly Pokémon possessing a tree stump. Its black body is wispy with nubby arms. Covering its head is a small, brown tree stump with a wavy branch on each side. Its red eyes are visible through two holes in the stump and its mouth appears on the stump itself. There are two small, green leaves near the tip of each branch. Brewing these leaves can create a curative liquid.
"
709,dataset/images/709.png,"Trevenant is a ghostly Pokémon resembling a slender brown tree. Its shadowy black body is visible through gaps in the tree, and a single, red eye is visible through a hole near the top. There is a wavy, horn-like branch on either side of its head, both dotted with small, green leaves, and a smaller branch on its forehead. On top of its head is a cluster of green leaves. It has two arms with gnarled branches similar to its horns on the elbows. Around its wrists are cuffs of green leaves and it has three claw-like fingers on each hand. Instead of legs, it has six roots similar to a spider's legs. Its general body is similar to the shape of the kanji 木, meaning wood or tree.
"
710,dataset/images/710.png,"Pumpkaboo is a ghostly pumpkin-like Pokémon that varies dramatically in size. Encasing its lower body is a pinkish pumpkin with a pair of nubby legs. Carved into the pumpkin is a pair of circular holes that glow yellow-orange. Pumpkaboo's shadowy black body pokes out of the top of the pumpkin. It has glowing yellow eyes, a pair of fangs in its upper jaw, and pointed ears that curve slightly. On top of its head is a long tuft of fur that curls tightly at the tip. A collar of furry-looking tufts hangs over the edge of the pumpkin.
"
711,dataset/images/711.png,"Gourgeist is a ghostly gourd-like Pokémon that varies dramatically in size. Its body is a dark brown pumpkin with a glowing, yellow-orange face carved into the front and a pair of nubby legs. The face consists of two triangular eyes and a grinning mouth; on top of the mouth is a small, triangular cutout for a nose. Poking out of the top of the pumpkin is its slender brown-orange head, which has bright yellow eyes and a small mouth but no visible nose. Gourgeist has long, light pink hair with arm-like tendrils framing its face and bangs that usually cover one eye. On top of its head is a crescent-shaped tuft that is brown on top; this tuft resembles a pumpkin's stem. In the animated series, Gourgeist has shown the ability to retract its upper body into the pumpkin, giving it the appearance of a traditional jack-o'-lantern.
"
712,dataset/images/712.png,"Bergmite is a quadrupedal Pokémon with a white, round body and nubby legs. Its upper half is encased in a slightly transparent, pale blue chunk of ice. Its eyes, which are yellow with purple rings surrounding them, are visible through the ice. The ice itself forms a large triangle with smaller spikes on its forehead and hind end. Despite its chunky appearance, it is capable of swimming.
"
713,dataset/images/713.png,"Avalugg is a massive Pokémon covered almost entirely in semi-transparent ice. Through the ice on its head, diamond-shaped, yellow eyes are visible. Its head is wedge-shaped with a white diamond-shaped ice chunk on each side in place of ears, a dark chink in the ice over each eye, a crack just before the tip of its snout, and a beard of short icicles. The top of Avalugg's body is flat with three horizontal cracks along the surface and there is a collection of icicles along its belly. Its legs are cylindrical with cracks just before its foot and in-between its toes; underneath each toe is a spiked claw. Pale purple colorations can be found on the insides of its cracks.
"
714,dataset/images/714.png,"Noibat is a pale purple bat-like Pokémon. It has yellow eyes with black pupils and black creases within them, a black triangular marking on the inner corner of each eye, three tufts of spiked fur on each cheek, two dark purple teardrop-shaped spots on the front of its face forming the shape of a nose-leaf, a black lower jaw, and two spiked tufts of fur on its upper lip. Its large, teardrop-shaped ears resemble loudspeakers; they are dark purple on the outside with alternating rings of pale and dark purple fading to black on the inside. Fluffy black fur covers its chest and hips. On the middle joint of its wings are small black hands with two fingers, and it has two long toes on each foot.
"
715,dataset/images/715.png,"Noivern is a large, draconic Pokémon that resembles a bat. It is primarily black with a purple underbelly and greenish turquoise wing membranes. It has a purple lower jaw; a large, red, V-shaped nose; two fang-like projections on its upper lip; yellow eyes; and a greenish-turquoise color between its eyes and nose. Its large, teardrop-shaped ears have alternating rings of blue-green and black on the interiors and resemble loudspeakers. Around its neck is a fluffy mane of white fur that is longer in the back. Its wings have three red claws on the middle joint and are divided into segments by two black wing fingers. On the back of the wing, the final segment is purple. Noivern's feet have two toes each and a red, claw-like growth on top of each toe. It has a long, whip-like tail with a blue-green underside and two spines near the tip.
"
716,dataset/images/716.png,"Xerneas is a quadrupedal, stag-like Pokémon with four pairs of antlers. Its coloration varies slightly depending on whether it is in Active Mode or Neutral Mode. Regardless of mode, its main body is always black with a blue stripe down its back and a short, bushy tail. Starting at its knees there is a blade-like trim around each leg, which forms a point under each hoof. There is an upside-down, V-shaped marking on its chest in the same color as the trim on its legs. Its head and neck are blue, and there are two large, tufts that extend onto its chest and curve upward. Its first pair of antlers extends onto its head and curves around the underside of its eyes. The eyes are black with X-shaped pupils. There is a short marking on top of its snout and an upward curving horn on each side of its head in place of ears.
"
717,dataset/images/717.png,"Yveltal is a large Pokémon with both avian and draconic traits. The back of its body is black with white spots along the wings and back; its front, head, and neck are bright red with branching, black lines throughout. It has a pointed, beak-like snout, bright blue eyes, a black, forward-curving horn over each eye, and a thin, antenna-like growth behind each eye. A feathery gray ruff encircles its neck and billows out over its back. Yveltal's wings each have three spikes along the bottom edge near the body and five large, black claws on the tip. It has small, birdlike legs with gray talons. Each foot has two toes facing forward and one pointing backward. Its tail is similar in structure to its wings, including the five claws on the tip.
"
718,dataset/images/718.png,"Zygarde is a green and black Pokémon whose form depends on the percentage of Zygarde Cores and Zygarde Cells it has assembled. Zygarde is responsible for monitoring the ecosystem of the Pokémon world for abnormalities, It has been referred to as a ""guardian of the ecosystem""[1] and ""protector of the ecosystems"" due to this role. It also is capable of reversing the effects of Xerneas's Fairy Aura and Yveltal's Dark Aura, thus ensuring the equilibrium of the planet and the cycle of life and death are kept in check. It can also use its Cells in attacks, either shooting them as arrows at its targets, or sending them crawling along the ground towards its targets as waves. It can also fire a powerful energy beam from its mouth at its targets, carving a Z on the ground as a result. Zygarde can fly in a blinding speed in all of its forms. Normally, Zygarde avoids getting involved in conflicts unless the ecosystem is in grave danger.[2] In the Pokémon the Series: XY episode Down to the Fiery Finish!, it was shown that the green color on Zygarde's body had changed to red while under the influence of Team Flare's Mega Evolution energy weapon. In the Pokémon Adventures manga and in Pokémon the Series, it has been referred to as ""Z"".
"
719,dataset/images/719.png,"Diancie is a small Pokémon with a vaguely humanoid appearance. Its lower body is a conical, gray rock with a large, pink diamond in the side. Its upper body has two arms and is covered by a white material that resembles a dress. Its small mitten-like hands poke out of the sleeves. Around its neck is a golden, half-circlet with a pink diamond in the center. Its head is gray with purple eyes that have red sclerae and pointed ears. On top of its head is a collection of pink crystals forming a headdress. There are four spike-like crystals along the top, a long crystal on either side hanging downward, and a large circular centerpiece on its forehead. There is a small golden piece hanging off the center crystal and a small pink diamond embedded in the back of its head.
"
720,dataset/images/720.png,"Hoopa Confined is a light-purple Pokémon with a vaguely humanoid appearance. It has green eyes with yellow sclerae, a yellow ring marking on its forehead, a small, pink dot under each eye, and dark pink hair tied into a short ponytail. On either side of its head is a dark gray horn that curves slightly upward. Its body has a dark pink, V-shaped marking on the chest and a small, golden spike on each shoulder. Its arms are not attached to its body and instead float next to it; each arm has a small golden spike similar to those on its shoulders. It has mitten-like hands and dark pink rings around each wrist. In place of actual legs, it has a wispy tail. Hoopa has three gold rings: a large one around its waist and one hanging freely on each of its horns.
"
721,dataset/images/721.png,"Volcanion is a primarily maroon, quadrupedal Pokémon. It has pointed ears with blue interiors, bright blue eyes, yellow markings over and behind its eyes that resemble eyebrows and eyelashes, a pointed, yellow mandible, and a spike-like protrusion on each cheek. Its body is divided into three segments: a considerably larger front portion that has a hunched back, a thin, blue waist, and smaller hips that resemble its front portion. On its chest are four yellow, diamond-shaped bumps. There is a thin, yellow band around each of its leg joints and the lower, maroon portions of its legs are larger than the thin, blue upper portions. Each ankle has a short, blunt growth, while each foot has three yellow claws. Volcanion has a short, tapering tail with a slightly shorter blue bump along the top. On the back of the front portion of its body are two arm-like cannons. These cannons are normally held together and form a ring around the back. Each cannon is separated into three segments by bright blue lines and each segment has a single blue dot and a short, blunt growth. The topmost segments also have four small, yellow bumps around the ends.
"
722,dataset/images/722.png,"Rowlet is a small, avian Pokémon resembling a young owl with a round body and short legs. Its plumage is primarily beige with a white underside and facial disc. The facial disc itself is in the shape of two overlapping circles. It has large black eyes and a stubby beak. The top part of its beak is white, while the lower half is orange-brown. Its feet have two forward-facing toes and one backward-facing toe; they are the same color as the lower half of its beak. Two leaves sprout from its chest arranged to resemble a bowtie. Additional leaves form its tail and line the undersides of its wings.
"
723,dataset/images/723.png,"Dartrix is an avian Pokémon that resembles an owl. Most of its plumage, including its heart-shaped facial disc, is white, but it has dark brown feathers covering its head, shoulders, and back. Its large eyes contain dark irises and usually appear closed. It also has a stubby beak with a white upper jaw and an orange-brown lower jaw, and a few short tufts of feathers on the back of its head. Two green leaves curve around its face, resembling an asymmetric cut; the leaf on its right is longer than the one on the left. Under its chin are two smaller leaves that resemble a bowtie, and there are two pointed ones on its rear that form its tail. Its wings have two tan spots on the upper side and leafy plumage close to the body on the underside. Within the leaves under its wings are two sharp orange-brown feathers known as blade quills. Dartrix has orange-brown talons with two toes facing forward and one facing backward.
"
724,dataset/images/724.png,"Decidueye is a tall, avian Pokémon that resembles an owl. The upper portion of its face is dark green with a thin, orange mask-like marking encircling its eyes. Its eyes are reddish-orange and it has a hooked dark green beak. The feathers covering its wings and back are brown, while the rest of its body is primarily white. The three feathers at the tip of each wing are structured similar to fingers and have lighter tips. The backs of its wings and torso are dotted with many white spots, there are six on each wing. The inside of each wing has a line of upside-down, reddish-orange triangles across the top. It has long legs, feet with two toes facing forward and two backward, and short dark green talons. Its tail consists of three long, green leaves.
"
725,dataset/images/725.png,"Litten is a quadrupedal, feline Pokémon covered with primarily black fur. It has a short muzzle with a tiny, black nose, red eyes with yellow sclerae, and short, pointed ears with pale gray insides. There are two red stripes around each of its legs and two horizontal stripes with a vertical stripe across them on its forehead. The lower part of Litten's face is also red, and there is a large tuft of fur on each cheek. A tuft of fur sits at the end of its long tail. When it arches its back, three-pointed tufts of fur with red tips appear along its spine.
"
726,dataset/images/726.png,"Torracat is a quadrupedal, feline Pokémon. Its upper half, which includes its tail, is covered mostly in dark gray fur, while the fur on its lower half is mostly reddish orange. On its back, a stripe of reddish orange fur runs down its spine, with other two smaller horizontal stripes going across it. A similar fur pattern is seen on Torracat's face, though now it moreso resembles an upside-down double cross: the vertical stripe extends up from its head, forming a short cowlick, and the lowest horizontal stripes tilt upwards into a V-shape above its eyes, forming its eyebrows. Its eyes have yellow irises and black pupils with a red tint at the bottom and are heavily outlined in black fur. Its ears are pointed up and have light gray fur at the base. It has a short muzzle, a tiny triangular white nose, and tufts of fur sprouting from each of its cheeks, which make up its mane. Its tail is thicker the farther away from the body and ends in several tufts of fur, giving the impression it has blown up. Its forelegs are more developed than its hind legs, capable of bending iron with a single blow. Each paw has three toes, with the front ones being larger and ending on short black claws. On its tail and legs, there are two rings of opposite-colored fur.
"
727,dataset/images/727.png,"Incineroar is a humanoid feline Pokémon with a muscular build. It has a short snout with a small red nose, bright green eyes with yellow sclerae, and tiny, pointed ears. Large tufts of red fur extend from its cheeks, and much of its face is also red. The upper half of its muzzle and the top and back of its head are black. A thin red stripe runs vertically along its head to its snout, where it splits into a V-shape over its eyes. Its torso is gray with several black stripes and seems to resemble a wrestler's tank top; the front and back both have a single vertical stripe up the center, crossed by two horizontal lines. Around Incineroar's waist is a belt formed from flames that somewhat resembles a championship wrestling belt. In the front center is a small, yellow flame shape. The arms, legs, and tail are all red with black stripes forming bands around them. The arms have three stripes, spiky tufts of black fur over the shoulders, and large five-fingered hands with white claws and a single light red pad on the palm. Its legs have only two stripes and simple three-toed paws, and the tail has one stripe and a tuft of spiky black fur around the tip.
"
728,dataset/images/728.png,"Popplio is a pinniped Pokémon that is primarily blue. It has large eyes, a long, white snout with black whiskers, and a round, pink nose. There is a small, rounded earflap on each side of its head. Around its neck is a light blue ruff, which extends past its shoulders. It has four flippers. The front flippers are larger than the hind and have white markings separating its toes.
"
729,dataset/images/729.png,"Brionne is a light blue, pinniped Pokémon with three ruffle-like growths around its body. The first ruffle is just under its front flippers, while the last is shortly before the tail. The ruffles alternate between white and pale blue. Its long ears are made up of three segments that lighten and increase in size towards the tip; the first segment is ovoid, while the latter two are spherical. It has a long, conical snout with a white tip, a spherical pink nose, and large dark eyes with pinkish pupils. Its front flippers are much longer than its tail flippers, although both have white tips. There are three digits on the front flippers.
"
730,dataset/images/730.png,"Primarina is a marine Pokémon that resembles a cross between a sea lion and a mermaid. Most of its body is white, but it has a long, blue, fish-like tail. It has a long snout with a round, pink nose, bright blue eyes with long white eyelashes, and long light blue hair trailing off the back of its head. A tiara-like structure rests on its forehead, consisting of a line of pearls with a pink sea star at each corner and a thin, transparent blue fin extending back over its hair. Its hair is contained to a ponytail by two strings of pearls. This ponytail, as seen in the games and animated series, becomes temporarily undone when it performs certain moves. On its body are three fins similar to the one on its crown: one that drapes around its shoulders and chest, one around its waist where the fishtail begins, and one near the tip of its tail. It has long front fins with three digits. Primarina's long fishlike tail is bright blue with small pointed, pink fins around its hips. Its tail fins are white, and it is capable of using them as feet to stand up.
"
731,dataset/images/731.png,"Pikipek is an avian Pokémon with black plumage. Its gray beak is long with a pointed, black tip, and it has large blue eyes. There is a white, mask-like marking on its face. This marking extends down its neck before ending in a tuft of feathers on its chest. A large crest sweeps upward from the back of its head with a red stripe along the top that ends at its beak. The undersides of Pikipek's wings are white, and it has thin gray legs and feet. It has a flat tail.
"
732,dataset/images/732.png,"Trumbeak is an avian Pokémon with black feathers. It has a long beak that tapers to a sharp point. The majority of its beak is orange, changing to light red and then black at the tip. The beak is flexible and can be bent to produce over one hundred different calls. It has round blue eyes and pale gray eyebrows. Pointed feathers extend from the back of its head and form a short crest. A white marking covers its face and extends down over its chest; the undersides of its wings are also white. Around its neck is a jagged, red band, and it has a long tail with three tail feathers. It has spindly blue legs with two toes facing forward and two facing backward.
"
733,dataset/images/733.png,"Toucannon is an avian Pokémon with black feathers and a prominent beak similar to a toucan, with the upper part being larger than the lower part, or the mandible. There are gases inside its beak, which can ignite and launch seeds with enough force to shatter boulders. Additionally, its temperature can exceed 212 °F (100 °C) and cause severe burns on contact. Toucannon can use this beak to warm up eggs, as seen in the Pokémon the Series: Sun & Moon episode First Catch in Alola, Ketchum-Style!.
"
734,dataset/images/734.png,"Yungoos is a long-bodied Pokémon similar to a mongoose. It is covered in brown fur with a yellow stripe down its back and underside. It has short, rounded ears on the sides of its head, a short snout with a pink nose, and a large mouth full of pointed teeth. There are three black claws on each of its four short legs. Despite its length, Yungoos is thick-bodied and has a wide, flat tail with longer fur on the tip.
"
735,dataset/images/735.png,"Gumshoos is a long-bodied mammalian Pokémon similar to a mongoose. While it moves on all fours, it is capable of standing on its hind legs with its hands locked behind its back, similar to a human. Most of its coat is brown with a yellow underside that extends over the top of its tail. It has an additional yellow stripe that starts on its forehead and ends between its shoulders. There are tufts of fur near its shoulders, hips, and around the base of its tail. These tufts in combination with its yellow underside create the impression of an open trenchcoat. Its ears are rounded with a small notch and are located on the sides of its head. It has a short snout with a pink nose, a large mouth full of pointed teeth that is usually depicted baring the teeth, eyes with white sclerae and black horizontal pupils nearly hidden under its yellow stripe, and tufts of yellow fur on its chin. There are three black claws on each of its four short legs. Despite its length, Gumshoos is thick-bodied and has a wide, flat tail with longer fur on the tip.
"
736,dataset/images/736.png,"Grubbin is a small, insectoid Pokémon. It has a white body with three nubs on either side resembling simple legs. There are two yellow spots on its side. Its head is dominated by two large, yellow mandibles with reddish-orange tips. The rest of its head is brown and has a reddish-orange structure with a yellow rim on top. It has large, black eyes with white pupils.
"
737,dataset/images/737.png,"Charjabug is a small, cuboid Pokémon resembling an insect. Its body consists of three square segments. The last two sections have a thin, ring-like marking and a stubby brown leg on each side. Each eye is covered by a blue screen and is only visible when it glows. Two short, yellow spikes extend from the front square: one on each side of its rectangular mouth. The mouth itself is gray and has two jaws that close sideways, shaped like a lightning bolt when open.
"
738,dataset/images/738.png,"Vikavolt is a beetle-like Pokémon with a large pair of mandibles. Its small orange face has robotic, yellow eyes and is covered by a blue carapace. The mandibles extend from this helmet. They are blue on the inner surface and yellow on the outer surface. At the base of each mandible is a large spike and the inside is lined with short spikes. Its body is black and divided into three sections by yellow rings. The last two sections have a yellow spot on each side. On its back is a pair of wide, flat wings that are transparent with blue elytra. It has four legs; the front pair of legs has two claws, while the back pair has only one.
"
739,dataset/images/739.png,"Crabrawler is a crustacean Pokémon resembling a crab. Most of its shell is purple with blue and yellow accents. It has two long, yellow antennae over its eyes. One blue eyelid is usually half-closed, giving it the appearance of a black eye. The purple shell covering its body appears to be made of three parts: two plain plates covering the shoulders and part of the chest and one plate covered in blue stripes across its underside. A large portion of its yellow body is visible down the center of its chest and a tiny spot is visible in the center of its back. Crabrawler has three pairs of legs. The two rear pairs are smaller with yellow joints and blue tips. The foremost pair of legs has large blue pincers resembling boxing gloves. There is a small amount of meat in its claws, which is considered delicious.
"
740,dataset/images/740.png,"Crabominable is a crustacean Pokémon that resembles a crab covered in white fur. The fur is fluffier around its mouth, shoulders, and claws; the fur is absent on its face, the tips of its legs and arms, portions of its chest and abdomen, and oval spots on its back and arms. The parts of Crabominable's body not covered in fur are dark blue in color, except for the light blue on its face, claws, and legs, as well as light blue stripes on its abdomen. On top of its head is a patch of yellow fur with two tufts extending upward. Its face has white eyes with slanted black pupils, and a large mouth where two blunt teeth are visible. Below its mouth is a dumbbell-shaped protrusion; together with its abdomen, they create the impression of pectoral and abdominal muscles. Its arms are segmented into three parts. The arm segments grow in size with the smallest being closest to the body. Its claws have a dark blue pawprint-shaped marking on the tips which create Bigfoot prints on snow. The mark that would be the ""palm"" of the paw is actually the lower half of the claw. Its four legs are short, with pointed tips that are freezing to the touch, as shown in Pokémon Refresh.
"
741,dataset/images/741.png,"Oricorio is an avian Pokémon that can change between four markedly different forms. The form it takes depends on the kind of nectar it consumes. All forms have a light pink beak, thin legs, and dark eyes with white pupils. The feet have three toes in front and one in back, and the beak curves downward.
"
742,dataset/images/742.png,"Cutiefly is a tiny Pokémon with a pair of comparatively large wings. It has a pale yellow body with a white face and tail. It has large eyes with spots resembling pixels in them, a long brown proboscis, and two tiny transparent tufts on its head resembling antennae. It has wide, flat white wings with a brown loop marking toward the bottom. In between its wings is a white tuft of fuzz. It has four spindly legs with round feet.
"
743,dataset/images/743.png,"Ribombee is a tiny, insectoid Pokémon with a large head, slightly smaller body, and thin arms and legs. It is covered in fluffy, yellow hair and has a white face and lower body, and a tuft of hair on its back. It has big eyes with one white and one brown square speck in the center. Over its eyes are white hairs similar to eyelashes, and it has two black antennae. Around its neck is a brown scarf with a needle-like projection on the front. Two wings nearly as large as its body sprout from its back. The wings are white with three brown loop designs near the base. Its four thin limbs have bulbous hands or feet. It is one of the shortest Pokémon in existence.
"
744,dataset/images/744.png,"Rockruff is a quadrupedal, canine Pokémon. It is primarily light brown with a darker brown muzzle, paws, and ear tips. It has large blue eyes, button ears, a short muzzle with a triangular pink nose, and a short tuft of fur on each cheek. Around its neck is a ruff of grayish-white fur stubbed with dark brown pebbles. The dark brown markings on its paws extend to a thin point on each wrist and ankle. It has a grayish-white tail that curls tightly over its back and is covered in fluffy fur.
"
745,dataset/images/745.png,"Lycanroc is a canine Pokémon resembling a wolf. It has three possible forms: Midday Form, Midnight Form, and Dusk Form. The first two forms are influenced by Solgaleo and Lunala when bathed in solar or lunar energy. The third form is said to have been influenced by the setting sun of the evening. Lycanroc are used by humans as guards, to protect their fields from prey Deerling.
"
746,dataset/images/746.png,"Wishiwashi is a fishlike Pokémon. It has two different forms depending on the situation.
"
747,dataset/images/747.png,"Mareanie is an echinoderm Pokémon with a purple, stalk-like body and head. It has blue eyes with yellow pupils and sclerae, and three pointed teeth. The body consists of two sections; the top section is slightly smaller and overlaps the lower. On top of its head is a starfish-like collection of ten tentacles. All of the tentacles reach the ground, except for the one directly in front, which is shorter and leaves its face exposed. The tentacles are light blue and covered in purple spines. On top of its head is a purple area with a collection of spikes with a larger, yellow spine in the center.
"
748,dataset/images/748.png,"Toxapex is an echinoderm  Pokémon with twelve large, starfish-like legs sprouting from the top of its small head. It has bright blue eyes with yellow sclerae and pupils. The main part of its body, consisting of a small head with protrusions similar to starfish arms below it, is a purplish pink. Its head is dark blue on top, near where its legs connect. This part of its body is typically suspended in the air due to the length of its legs.
"
749,dataset/images/749.png,"Mudbray is a quadrupedal, equine Pokémon resembling a small donkey. It has a dark brown coat with a cream-colored underbelly, muzzle, and circular markings on each cheek. A short, teardrop-shaped blaze extends up from its muzzle, and it has long, pointed ears with pink insides. Its large eyes have horizontal pupils. Black bangs hang over its face before turning into a stiff mane along its neck. Additionally, it has a short, black tail. Thick, cream-colored mud surrounds each black hoof.
"
750,dataset/images/750.png,"Mudsdale is a large, equine Pokémon with short, brown fur and a black-and-red mane and tail. It has heavy-lidded, black eyes with a red rim along the bottom, a red blaze on its muzzle, and long, pointed black ears with brown insides. This Pokémon's mane extends down around its eyes. Along the top of its neck, its mane is black with red at the tip, and stands up straight. On either side of its neck, the mane forms three thick structures similar to dreadlocks with red mud around the tips. The mane extends all the way down Mudsdale's back in a thin line before becoming its tail. The tail appears similar to its dreadlocks but is much larger and has several black notches missing from the mud around the tip. Around its hooves is a protective coating of red mud, which has three notches around the bottom.
"
751,dataset/images/751.png,"Dewpider is a Pokémon resembling a spider with a water bubble over its head. Its head and most of its abdomen are dark gray, while its thorax and six legs are light green. All of its legs are thin with a knobby joint in the middle, and three of its legs are typically used to anchor the bubble on its head. Sometimes Dewpider will secretly swap which legs will hold up the bubble. The green on its thorax extends onto its abdomen in three triangular markings. Several triangular flaps extend upward and attach to the bubble over its head. The head itself has large light blue eyes with darker pupils and sclerae, two blue bumps on top, and a light green mouth similar to a spinneret. There is an actual spinneret on the tip of its abdomen, which is shown as capable of producing both silk and water bubbles in the Pokémon the Series: Sun & Moon episode Dewpider Ascending!.
"
752,dataset/images/752.png,"Araquanid is an arachnoid Pokémon with a water bubble around its head. The majority of its body is dark gray with accents of yellow-green and light brown. It has large, blue eyes with a paler wavy line through the centers. Above its eyes are light brown markings similar to eyebrows. It has three pointed, blue bumps on top of its head and four fang-like projections underneath. Both the bumps and its eyes are capable of glowing. Its abdomen was a light brown stripe down the center of its back with two horizontal lines crossing it. Several light brown extensions at its neck flare out and connect to the bubble around its head. At the end of its abdomen is a light green spinneret. It has six light green legs with opaque bubbles around the joints. The tips of its legs are dark gray.
"
753,dataset/images/753.png,"Fomantis is a small, plantlike Pokémon. It has large, dark pink eyes with slightly darker pupils. Bunches of light green leaves surround its head, and a particularly large tuft in front slightly overhangs its face. A small, dark green bulb sprouts from the center of its head, which emits a pleasant aroma. Around its neck is a collar of short, dark green leaves. Extending from its collar are four lighter green leaves with white tips: two in the front and two in the back. In the front, these leaves act as scythe-like arms. Its main body is pale pink with a thick, dark pink stripe down the front and back. It has a stubby tail and two short legs.
"
754,dataset/images/754.png,"Lurantis is a plantlike Pokémon that resembles a mantis. The top half of its head is light pink, while the bottom half is white. It has light red eyes, and two green antennae with a small green lump between them. There are four extensions to the top half of its head: two on the top with red tips that resemble ears, and one on each side with white tips that resemble stylized hair. It has a light pink body with wavy, skirt-like extensions around the waist and a green abdomen and neck. Its thin, white arms end in large, red scythes with white along the bottom rim and a single green claw on the tip. There are vertical, pink-and-red stripes down its legs, which have small, pointed green feet. The coloring and shape of Lurantis's body and arms give it the appearance of wearing a long-sleeved dress, while its legs are similar to pants. Four red, wing-like appendages sprout from its back, each tipped with white.
"
755,dataset/images/755.png,"Morelull is a small, white Pokémon similar to a mushroom. It is one of the shortest Grass-type Pokémon. It has large, black eyes with pale green half-circle markings on the outer sides. Small bumps ring the top of its head, similar to hair. Its head is much larger than its thin, stem-like body. At the base, the stem splits into three green roots that act as feet. Three large mushrooms sprout from the center of its head. Each mushroom has a thin white stem and a darker ring of color around the base of the cap. The center and largest mushroom is light pink, while the other two mushrooms are smaller and a light purplish-blue. At night, Morelull can make the spores filling its mushroom caps glow.
"
756,dataset/images/756.png,"Shiinotic is a Pokémon that resembles a large mushroom. It has a slim, white body, similar to a stalk, and a large purple mushroom cap on its head. It has black eyes with pale green half-circle markings on the outer sides and a thick, black mouth. The ends of its long, thin arms split into three pale green filaments that act as fingers. The lower part of its body and stubby feet are covered in a fluffy pink substance. The mushroom cap on its head has a fluffy pink rim, pale green bumps on top, and a pale green, gilled underside.
"
757,dataset/images/757.png,"Salandit is a small, black Pokémon resembling a salamander or lizard. Its body is dark gray with a black head and feet. Along its back and down its tail is an orange-red line. This marking splits into four short lines with round tips at the base of its tail. At the base of its neck are two short, flat spines, which create the impression of a mask or bandanna tied around its head. Its eyes are light purple with slit pupils and there are several tooth-like protrusions along its upper jaw. Each foot has four pointed toes.
"
758,dataset/images/758.png,"Salazzle is a dark gray Pokémon resembling a salamander or lizard. Its thin body has a grayish purple underside with several wavy, dark pink markings: a U-shaped marking with two additional lines inside on its chest and one on each hip resembling wisps of smoke. The dark gray on its head and neck extends slightly onto its chest in a V-shape. It has a slender head with purple, almond-shaped eyes with slit pupils and two fang-like projections on each side of its lower jaw. There are two thin, wavy growths on its back at the base of its tail, which is whip-like with a dark pink underside. Its hands and feet each have five long, thin digits, with dark pink palms that can unleash flames. Salazzle is a female-only species with no known male counterpart, as the male Salandit cannot evolve due to malnutrition.
"
759,dataset/images/759.png,"Stufful is a small, quadrupedal Pokémon resembling a bear cub. Its body and head are mostly pink, while its legs are brown. Each foot has a single pink paw pad on the bottom. There is a white, semicircle marking around its face similar to a headband, and it has a white muzzle with a triangular, black nose. Its white-tipped ears are situated on the sides of its head, and there is a small, white-tipped tuft of fur under each. Around the center of its short, puffy tail is a dark pink ring marking. Under the tail is a small, white flap resembling the tag on a stuffed toy. This is actually an organ that releases an odor used to communicate with others of its kind.
"
760,dataset/images/760.png,"Bewear is a black and pink Pokémon resembling a bipedal bear. Its legs and the front of its body are black, while its head, back, and tail are pink. Across the top of its head is a white band with two tufts of fur on each end. This white marking gives it the appearance of wearing a headband with decorative bear ears. It has a short, white muzzle with a triangular black nose and two small, black eyes. There are pink paw pads on its front paws consisting of the palm and three digital pads. The hind paws have three white digital pads on the front. It has a short tail with dark pink rings.
"
761,dataset/images/761.png,"Bounsweet is a small Pokémon resembling a mangosteen. Most of its body is fuchsia with a short, white bottom around its waist, which resembles the flesh of a mangosteen when it is cut open. It has beady yellow eyes and two tiny legs. On top of its head is a green calyx. This structure consists of four leafy green formations and a short stem.
"
762,dataset/images/762.png,"Steenee is a bipedal, plantlike Pokémon with a humanoid appearance. Its torso and legs are dark purple, while its hips, arms, and head are all white. It has dark purple eyes with purple, triangular markings over them similar to stylized eyelashes. On top of its head is a large, light green calyx. The calyx has short leaves on the front and back, two large leaves out to the sides similar to pigtails, and a short stem on the top. The right leaf has two yellowish-green spots on it. The upper part of its torso has short ruffles at the top similar to a dress. Its wide hips are made up of six segments and resemble the flesh of a mangosteen. Its slender arms have slightly rounded hands with no visible digits, and its legs have pointed tips.
"
763,dataset/images/763.png,"Tsareena is a bipedal, plantlike Pokémon with a humanoid appearance. Its torso, arms, and legs are dark purple, while its hips and head are white. It has heavy-lidded, dark purple eyes with purple eyelids and long purple eyelashes, but has no visible mouth or nose. The lower part of its face is hidden behind a short ruff extending up from its body. While its arms are slender with rounded, digit-less hands, its legs are long and powerful. The upper portions of its legs have three pointed projections just before the hips, creating the impression of long boots. The lower portions of its legs taper into small, pointed feet. It has wide hips made up of six segments that resemble the flesh of a mangosteen. It is a female-only species with no male counterpart.
"
764,dataset/images/764.png,"Comfey is a small, light green Pokémon with several flowers surrounding it. Its main body has an orange face with oval, light green eyes. On top of its head is a long, fluffy green crest that curls slightly over its face and extends backward. Comfey produce thin blue thread-like vines that come from the back of its head and may have several flowers attached to it. the flowers are attached to rounded ""stems"" of the same color as the vine. When not in use, these vines curl into a detail-less dome shape on the top of the head, which is wrapped around by the green crest. Yellow fur or feather-like fluff from the sides of their face extend to its back and the top of its scalp from which its blue vine stems from. Comfey are usually seen with flowers that are white, purple, red, and yellow in all visual media, however each Comfey wear different flowers. Comfey usually hold the of one of its vine with its two short arms. Comfey is one of the shortest Pokémon in existence.
"
765,dataset/images/765.png,"Oranguru is a simian Pokémon resembling an orangutan. While most of its body is covered in white fur, its hands, feet, and snout are bare with its light gray skin visible. The fur around its head and under its chin is longer and creates the impression of a long beard. It has a broad, flat nose and a black area around its eyes. Underneath each eye is a yellow ring marking, which is encircled by a light blue ring marking. In the center of its forehead is a yellow marking shaped like a four-pointed star. A cape of purple fur covers its back and is divided into many wavy clumps with strands of orange and light blue throughout. The purple fur grows longer as it ages. Oranguru holds a fan created from green leaves woven together with its own purple fur.
"
766,dataset/images/766.png,"Passimian is a black-and-white Pokémon resembling a powerfully built lemur with broad shoulders. Most of its fur is white, but it has a black muzzle, upper body, hands, feet and ankles, and tail. However, there is a wavy white ring near the tip of its tail. The fur around Passimian's head and face is longer and forms many small clumps, especially around the top of its head and under its chin. On top of its head is a pale green helmet similar to half of a coconut shell. The helmet has a small orange blaze on the front and two leaves that stand up straight attached to the back. Its eyes are partially hidden by its headwear, but its yellow sclerae and reddish-orange irises are visible. It is often seen carrying a large berry that resembles a green coconut. There are several leaves stuck on its body with saliva. The shoulders and chest all have one vertical and one horizontal leaf. While most Passimian have green leaves, it's shown in the Pokémon the Series: Sun & Moon episode SM064 that there is a red leaf variant on Akala Island that has one additional horizontal leaf in each area. The leaves' color and position are decided by the leader of a troop and aid in distinguishing one troop from another.
"
767,dataset/images/767.png,"Wimpod is a small, arthropod Pokémon. Its main body is purple and is covered by silver plating across its back. There are four plates in total. The first plate covers half of its head but leaves room for its eyes. The upper lids of its eyes appear to be covered with additional plating. The three plates on its back overlap and each one has a single black triangle in the middle. It has a long spike on each side of its head that curves backward, large yellow eyes with two short extensions over them like eyelashes, and two flat antennae that extend over its back. There are eight short legs on its underside, and it has a long, prickly tail.
"
768,dataset/images/768.png,"Golisopod is a large, arthropod Pokémon with a hunched, humanoid posture. It has a pale purple body covered with silver armor plating. It has a relatively small head with bright purple antennae that converge with its mandibles to form a mask around its eyes. The eyes themselves are black and angular with light gray pupils. Behind its head and curving down its back are several armor plates, each with a long protrusion curving up from each side. There is a small, greenish triangle marking on the center of each plate. Most of its lower body is exposed, but there is additional armor resembling a loincloth around its waist and smooth pieces encasing its thighs and feet. Its feet each have a single black claw. Golisopod has three pairs of arms. The two foremost pairs are thinner, encased in a silver exoskeleton, and each is tipped with a single, black claw. The hindmost pair of arms is longer and has much larger forearms. These large forearms both have three overlapping, armored plates on the back and two black claws. The plate closest to its claws is plain, while the last two each have two greenish, triangular markings.
"
769,dataset/images/769.png,"Sandygast is a Pokémon formed from sand. It is mostly a mound of whitish sand dotted with gray pebbles. A tunnel through its center acts as a mouth, and a small depression above that has two pebbles for eyes. A red shovel with a white handle is stuck blade first into the top of its head. On either side of its main body is a smaller mound reminiscent of a stubby arm.
"
770,dataset/images/770.png,"Palossand is a Pokémon resembling a yellowish sand castle with gray pebbles along the base. It has a square main castle for its body, two round towers for arms, and the top of another round tower with a conical point rising up from the body. A tunnel through the center of the main body creates a mouth. There is a line of five alternating blue and pink seashells over the top of its mouth, and a similar ring of seashells surrounds the central tower just below the point. The central tower has six windows: three located in the front, one on each side, and one in the back. The two outermost windows in front of the central tower have tiny pebbles in them and appear to act as eyes. The two side towers have crenellations along the top with a ring of windows underneath. Palossand's main body has crenellations around the central tower. In the peak of its tower is a red shovel stuck handle-first into the top.
"
771,dataset/images/771.png,"Pyukumuku is an echinoderm Pokémon with an ovoid, black body. Its face has two beady, pink eyes and a white mouth shaped roughly like a star or Daimonji. This Pokémon is capable of spitting its organs out through its mouth. The white organs can take different shapes, such as a fist. Two lines of three pink spikes run down each side of its back. The middle spike of each line is about twice as long as the others are. A fluffy white puff forms its tail.
"
772,dataset/images/772.png,"Type: Null is a quadrupedal, chimeric Pokémon with traits from a variety of creatures. Its head is enclosed in a brown helmet with green markings, designed to suppress its power to stable levels. The helmet is extremely heavy and hinders its agility. The helmet has a large jaw piece that wraps around the front with large, round hinges on the side. Each hinge is covered by a green X-shaped marking. The name of the Pokémon, as it wears the helmet, is called Null meaning nothing.[1] Small gray eyes can be seen from within rectangular black holes on the front, and there are two pointed ears on the top. Around the base is a collar with four protruding vanes that are tipped with a three-way spike. This collar has a thin green line between the vanes, and each vane has a green hexagon near the end. An axe-like blade with a band around the middle extends backward from the top of the helmet. The front tip of the blade has a small, silver spike that hooks downward.
"
773,dataset/images/773.png,"Silvally is a quadrupedal, chimeric Pokémon with traits from a variety of creatures, with an appearance nearly identical to its pre-Evolution, Type: Null. It has a mammalian head with mechanical parts. Covering most of its head and neck is a thick, silver mane that extends down over its chest. Its blunt snout is metallic on the bridge of its nose and upper jaw. Silvally has a triangular black nose framed by three red lines, pointed ears with bright pink and black insides, one visible fang on each side of its lower jaw, and a slight overbite. Its eyes are bright silver, have no visible pupils, and appear to be surrounded by an empty, black space. On each side of its head is a circular, metallic drive, with a white circle crossed by a metal line. On top of its head is a large, axe-like fur or feather crest. The tip of the crest has a hooked, metallic piece, while the back has three white feathers. Silvally's lower body is mostly covered in short, black fur. The lower half of each front leg is insectoid and green with spikes along the back, while the rear legs have thick purple scales on the flanks, shins, and the top of the foot. All four of its feet have three toes, but in the front two toes face forward and one backward. Additionally, the hind paws have a short, gray claw on the back of the ankle. Its fishlike tail consists of two dark blue spines with a white fin stretched between them. The top spine has a line of short, gray spikes.
"
774,dataset/images/774.png,"Minior is a spherical Pokémon with two forms: one form with a rocky outer coating and the other with its core exposed. When it sheds its rocky coating, its exposed core form is both the lightest Rock-type and Flying-type Pokémon. Both of its forms tie with Carbink and Dwebble as the shortest Rock-type.
"
775,dataset/images/775.png,"Komala is a blue-gray Pokémon similar to a koala. It has large, rounded ears with light orange fur on the inside. Its large, ovoid black nose extends up between its fluffy white eyebrows, and there are additional white puffs of fur on each cheek. There is a small ruff of longer, gray fur around its neck. Each hand is black with five short fingers, and it has three black claws and a black paw pad on each foot. Its underbelly is white, as is its short, fluffy tail. Komala is usually seen holding a short wooden log, which it is given at birth. The log is typically a light brown with darker, oval markings all over it. The ends of the log are tan with the growth rings visible.
"
776,dataset/images/776.png,"Turtonator is a bipedal, turtle-like Pokémon with a spiny shell. Its skin is a muted green and only visible on its limbs, tail, head, and neck. On top of its head is an additional shell with many points around the brim. This extra shell has a black center, yellow in the middle, and a red outer rim. Its eyes have black markings around the bottom, and it has a tubular, yellow snout with a single, large nostril. Turtonator has a wide mouth with the lower lip marked by a jagged yellow line extending from its nose. On each side of Turtonator's long neck are two short, triangular projections. Its front legs have mitten-like hands, while its hind feet have claw-like red growths around them. Most of its tail is also covered by red plating, which has fin-like projections. The shell that encases its body has a red underside with a star-shaped, yellow-rimmed hole in the center. The back of the shell has a yellow center with several spikes: four large spikes with red bases form a star shape in the center with four smaller spikes around them.
"
777,dataset/images/777.png,"Togedemaru is a spherical, rodent-like Pokémon. Most of its front is white, while its back is primarily gray. It has black eyes, a short pointed snout with a black nose, rounded ears, and a circular, yellow marking on each cheek. Scattered across its back are 14 fur spikes that appear as yellow and brown triangular markings. When attacking, surprised, or agitated, these spikes will stand straight up. There is a tail-like needle on the back of its head. The needle is gray with a yellow tip and is shaped like a lightning bolt. Additionally, it has stubby arms and legs. When Togedemaru's spines are out, its cheek marks sometimes look like electrical outlets.
"
778,dataset/images/778.png,"Mimikyu is a small Pokémon whose body is almost entirely hidden under an old rag. Its small size makes it one of the shortest Ghost types. Its eyes are beady black through the holes in the body of its disguise however, as seen in the animated series, its eyes are actually purple. Fringe of an amorphous foot or lower body is visible under the hem as well. Occasionally, it will also extend a long, black claw-like appendage from under its rag. When angered, its eyes will glow yellow. The veil itself resembles a Pikachu. The cloth is yellow with black-tipped ears. The Pikachu face appears to be drawn with crayons, consisting of black eyes, red cheeks, and a squiggly black mouth. The rag's head is hollow and can be used to store objects. Mimikyu also carries a small stick resembling a lightning bolt to create a tail for its costume. When its disguise is damaged, the costume's head droops limply backward, revealing Mimikyu's ruse. Larger rips in the costume are accompanied by shadowy vapors pouring out from whatever is hidden within.
"
779,dataset/images/779.png,"Bruxish is a fishlike Pokémon with a thick skin covered in colorful scales and fins. The front of its body is light blue with large, dark purple lips and a mouth full of sharp teeth. The upper half of its body is mostly light purple, while the lower half is mostly yellow. The purple portion of its body is dotted with light blue spots. The yellow underside extends up around its eyes, which are light purple with light blue pupils. Its eyelids are dark purple with long, light blue eyelashes. Its fins are all dark purple, light blue, or a combination of the two colors: the pectoral fins are mostly dark purple with a short line blue line along the bottom, the dorsal fin is light blue, the ventral fin is dark purple, and the tail fin is dark purple with a light blue, heart-shaped marking in the middle. On top of its head is a protuberance with a dark purple bulb at the tip. The bulb is able to open like a flower, which reveals a light blue orb in the center.
"
780,dataset/images/780.png,"Drampa is a serpentine Pokémon similar to a Chinese dragon. Most of its skin is bluish-green, but the lower half of its face and the underside of its neck is a pale green. There are three spots on each of its sides that are also light green. It has pink eyes with rounded, yellow eyebrows, short whiskers resembling a mustache, floppy ears, and a small, white beard with a circular extension. On top of its head is a mop of white hair split into four rounded sections: two draped down either side of its head. Fluffy white fur drapes the lower half of its body and conceals its arms when they are tucked against its chest. When its arms are spread, two short claws are revealed on each hand. It has a bushy white tail with a small, curved spike at the base.
"
781,dataset/images/781.png,"Dhelmise is a Pokémon made up of an anchor and a ship's wheel, held together by a mass of green seaweed. The anchor is a rusty brown mottled with blackish spots. The seaweed, which is Dhelmise's true body, partially envelops the thick, curved bottom of the anchor in a zigzag fashion, leaving empty spaces that look like sharp teeth. The seaweed continues upward to cover the anchor's thin shank and the spindle of the wheel. Five individual strands of seaweed trail off this small hub in a star shape.
"
782,dataset/images/782.png,"Jangmo-o is a small, quadrupedal Pokémon similar to a dinosaur. The lower half of its body is black, while the upper half is light gray. It has a beak-like snout with a small, tooth-like spike in each corner of its lower jaw and big, red eyes. On the front of its head is a large, heart-shaped yellow scale. A small tuft similar to ears or small feathers extends from the back of its head on either side, and there is another small, white tuft on its chest. Six teardrop-shaped, loose-hanging scales form a half ring around its shoulders. These scales are gray with pale yellow along the outside edge. A solid yellow scale of the same shape is on the tip of its tail. Each of its feet has three yellow claws.
"
783,dataset/images/783.png,"Hakamo-o is a bipedal, reptilian Pokémon with many scaly plates. Most of its body is light gray, but it has dark gray arms and legs. It has angular, red eyes, a rounded, beak-like snout with a small spike on either side of the upper jaw similar to teeth, and two small scales standing up on either side of its head. Down the center of its chest is a line of three slightly raised scales, and there is a matching line of four scales down its back. Several slightly raised gray scales overlap its shoulders. In between its shoulders and on each side of its head is a small, white crest made of feathers. It has three yellow claws on each appendage and a long, tapering tail.
"
784,dataset/images/784.png,"Kommo-o is a bipedal, reptilian Pokémon covered in scaly armor. Most of its body is gray with some lighter gray areas as well as yellow and red markings. It has a rounded, beak-ish snout and small eyes nearly hidden under its head armor. On the tip of its snout is a patch of pale gray and both the upper and lower jaws have a small, tooth-like spike on each side. The top of its head is covered by an elaborate arrangement of scales. At the front of the headdress is an oval scale, which is yellow with a red heart-shape at the base. On either side of the front scale is a chain of four circular scales; the first three scales are red with yellow trim and the last scale is solid yellow. Three additional chains of plain yellow scales extend from the back of the headdress. Running down the front of its long neck is a line of overlapping scales: one solid gray at the top, three larger gray ones with yellow rims, and one solid yellow scale at the bottom. A thick yellow stripe with a rounded projection in the center runs across its chest. Covering its shoulders are tufts of spiky, white feathers with small, gray scales overlapping them. Four overlapping scales cover the tops of its arms: three are gray with yellow edges and the scales that cover its hands are red with yellow edges.
"
785,dataset/images/785.png,"Tapu Koko is a vaguely rooster-like Legendary Pokémon. Tapu Koko's head and torso are black with white markings on its chest, just above its eyes, and on top of its head. Extending from the top of its head is a large, orange plume with bristles along the back. There is a yellow marking covering the top bristle and half of the bristle below it. The bottom of this crest goes all the way to its neck, where it divides its face in half and creates a beak-like nose. It has small, blue eyes with yellow markings behind them. The lower half of its body is orange with four pointed projections: one short spine on the front and two short spines in the back, with one longer spine between them. These spines resemble a bird's tail feathers. Its thin arms have round, yellow structures encircling its shoulders. On each arm is a shell that appears to be half of a bird mask, and its hands end in two large claws to create a beak for the mask.
"
786,dataset/images/786.png,"Tapu Lele is a vaguely butterfly-like Legendary Pokémon. Tapu Lele has a black upper body and head with a few small white markings. Its eyes are blue with a pink line through the middle of each iris. Below each eye is a curved white line and above each is a curved pink line separated into three segments. On its upper body is another, thicker curved white line. Its thin arms have digitless hands and puffy pink bracelets on each wrist. On top of its head is a mass of dark pink, tentacle-like hair. Two longer strands of hair frame its face. Encasing its dark pink lower body and on top of its head is a shell resembling an insect.
"
787,dataset/images/787.png,"Tapu Bulu is a vaguely bull-like Legendary Pokémon. Tapu Bulu has a bulky, black body with thick arms and no legs. It has blue eyes with an orange line across each iris. Under each eye is a red line divided into three segments with a smaller, white line below that. There is a short white line above each eye. In the middle of its face is what appears to be a golden nose similar to a bull's snout. There is a white ring through the nostrils of the nose. On each side of its face is a thick white line that curves upward at the outer tip. There are red rings around its shoulders and golden, cloven hooves at the end of its arms. Its tail is mostly covered in a golden bell with two thin black rings around the top and a wavy black line around the bottom. A tuft of fur is just visible inside the bell. On top of its head is a pair of curved, black horns. Each horn has a thick yellow marking near the tip and half of a wooden shell attached to it.
"
788,dataset/images/788.png,"Tapu Fini is a vaguely swordfish-like Legendary Pokémon. Tapu Fini has a black body shaped similarly to a mermaid or fish. It has light blue eyes, white eyelids, and a light blue, fin-like marking around the outer corner of each eye. It has a white T-shaped marking on its forehead and a small, white V-shape on its chest. Around its shoulders are segmented purple rings and its long thin arms have webbed hands with three fingers. Each finger is tipped with a purple claw. On the front of its lower body is a light blue, fin-like projection with three spikes. It also has light blue fins on top of its head that resemble long, flowing hair.
"
789,dataset/images/789.png,"Cosmog is a small Pokémon with a gaseous body similar to a nebula. The gases that make up its body range in color from violet to light blue. The very center of its body is black both in front and back. The black space on the front contains its face, which consists of beady yellow eyes, circular blue cheeks, and a small mouth. The space on the back has only a single blue dot. There is a golden half-circlet on both the top and bottom half of its body, which divides it exactly in half. Two wispy extensions containing starry specks serve as its arms. Cosmog's gaseous body makes it one of the lightest Pokémon in existence.
"
790,dataset/images/790.png,"Cosmoem is a Pokémon in the shape of a translucent, dark-blue orb with a starscape pattern set in a golden shell-like structure. The main portion of the shell is a flat oval around the center of the orb. Eight more flat, half-oval projections surround the orb in an asterisk-shape. At the center of the main body is a much smaller black core. The upper half of the core has a thin blue line on the front, back, and each side, while the lower has pink lines. On the front are two orange semicircles, which appear to be closed eyes. The overall shape of this Pokémon also resembles an eye. When evolving, the Pokémon glows either an orange or a purple color, correlating to Solgaleo and Lunala, respectively, gaining traits of either a stylized sun or a stylized moon.
"
791,dataset/images/791.png,"Solgaleo is a large, white Pokémon resembling a lion. It has a blunt muzzle with a blue-gray nose and pale blue eyes. The top half of its face is a deep blue area that shows a constantly changing starscape. Four yellow spikes frame Solgaleo's head like a crown and two more pairs of spikes adorn either side of its lower jaw. Each spike separates large tufts of Solgaleo's mane. Solid ridges—red nearest Solgaleo's head and yellow farther away—poke out of each tuft along the middle, except on the tufts on its cheeks and chin, with the topmost part wrapping around the tip of the tuft. Overall, its mane creates the impression of a stylized sun. Around each leg is a dark orange band, and there is a black spot on each foot. It has three black toes on each foot with long yellow claws. At the tip of its tail is a large black spot with a thin yellow rim.
"
792,dataset/images/792.png,"Lunala is a large Pokémon resembling a skeletal, legless bat. It has a short snout, dark pink eyes with white centers, and a deep blue area on its upper head that shows a constantly changing starscape. A rigid raised hood wraps around its head in a crescent shape and drapes around its neck as well. The outside of the hood is yellow, while the inner part that curves around Lunala's head is white with deep blue streaks. Its torso resembles a ribcage with a slightly curved spike on each shoulder and three spikes extending from the bottom toward its tail. Its massive wings resemble a bat's wings with the skeleton exposed, except that Lunala's wings have a total of seven ""finger bones"": four running through each wing, one running along the edge to the outermost tip, and two pointing upwards that may act as claws that are more functional. The four ""bones"" in Lunala's wings are only visible in segments. The skin of Lunala's wings is an iridescent deep blue and a light blue light source appears to glow from behind its ribcage. A large, pale yellow crescent connects the outermost tip of each wing to the next two inner tips, and the remaining two innermost tips are adorned by yellow, four-pointed stars. The bottom of Lunala's tail is also lined by a yellow crescent with a ridge running up the middle of the tail towards the rib cage.
"
793,dataset/images/793.png,"Nihilego is an Ultra Beast that resembles a jellyfish. The bell is semi-translucent and encircled with several white, star-shaped markings. The wavy rim of the bell flares outward and is bright blue. Its tentacles appear gelatinous and give it a vaguely humanoid shape. Several tentacles mesh together forming the appearance of a cape or long hair, while four shorter tentacles resemble shorter hair and arms. Two long tentacles make up the legs of the human shape. According to its concept art, Nihilego's body is made of various types of glass.
"
794,dataset/images/794.png,"Buzzwole is an Ultra Beast that resembles a large, anthropomorphic mosquito. Its head is small and flat with a black ridge up the center. It has two red compound eyes with two black, spherical basal joints for its red and black antennae between them. Protruding from under these joints is a long, silver proboscis. It has many bulging muscles that appear to be sacs full of a red fluid with small white bubbles inside. There are three sacs on each arm, two on each leg, two on its chest, and several on its shoulders and down its back. Around its waist are three rings of smaller sacs. The muscles on its chest and some on its arms and waist have thin, grayish lines resembling tendons running across them. It has large, five-fingered hands with red knuckles and four pointed legs. There are several black spikes on its body: a small one on each side of its head, two on each shoulder, one on each elbow, and one on each leg. The portions of its body between its muscles are dark red or black. On its back are two pairs of pale orange wings with slightly darker veins.
"
795,dataset/images/795.png,"Pheromosa is an Ultra Beast that resembles a feminine anthropomorphic cockroach. It is primarily white with a thin build. Its torso is composed of five thin discs that droop slightly downward. The widest disc makes up its shoulders, the second widest its hips, and the two smallest its chest and waist. There is a gold ovoid inside of the widest disc, where its long, thin neck protrudes from. Its arms and legs are also long and thin with gold joints. Its hands and feet are both composed of two golden claws. Pheromosa has a small, semi-flattened head with a yellow, crown-like structure on top. The two tallest points of the crown point to its long, thin antennae, which are white with small gold balls at the tips. Attached to the back of its head are two structures resembling insect wings. The wings are transparent, curve slightly inward, and reach nearly to the ground. It has narrow, purple eyes with bright blue pupils.
"
796,dataset/images/796.png,"Xurkitree is a very tall Ultra Beast that resembles a vaguely humanoid mass of electrical wiring. Its ""head"" is a white, brightly glowing electric spark with numerous points and no visible face. Below its head is a mass of black cables for its torso and limbs; there are white bands resembling zip ties throughout its body as well. Its arms have ties where its shoulders, elbows, and wrists would be. The upper arms have two cables, while the lower have three. At the ends of its arms are copper structures that resemble hands, each with six flat ""fingers"". The legs have ties at the hips, knees, and ankles and are composed of four cables fused together for the whole length. The feet have four toes possessing ""claws"" of exposed copper; each foot has two fused toes pointing forward and two separate toes pointing backward. Finally, its tail has three ties and four cables, one of them loose in two sections. The tail ends in what resembles a three-pronged plug.
"
797,dataset/images/797.png,"Celesteela is a large, vaguely humanoid Ultra Beast with a bodily construction that resembles a cross between a space shuttle and a bamboo shoot. It has a small, white head with a tiny mouth and a skinny neck with three segments. On top of its head is a gray structure resembling a hat with long, flowing hair underneath. The hair reaches midway down its body and is rimmed with bright blue. The ""hat"" has two small blue dots and four white spikes arranged in an X-shape. These spikes resemble decorative hair sticks. On the very top of its hat is a long gray horn similar to a drill bit. It has large, disembodied gray arms that resemble bamboo stalks. At the end of each arm is a ring of bright blue, fin-like projections and a collection of eight smaller, black bamboo shoots. Each smaller stalk has a bright blue ring with a small line extending back up the stalk. Its main body is conical and resembles a dress with four overlapping layers. The shortest and outermost layer is the shortest and appears metallic, while the inner layers are each a lighter shade of green, progressively longer, and seem to be cloth or plant material. Underneath all the layers is a white body with a light gray crisscross pattern covering it and a bright blue ring along the base. Below the dress is what appears to be a collection of eight black bamboo stalks. On the bottom of each stalk is a bright blue ring with a small line extending back up the stalk; this causes the stalks to also resemble solid rocket boosters. Celesteela is one of the heaviest Pokémon, tying with Cosmoem.
"
798,dataset/images/798.png,"Kartana is a small Ultra Beast that resembles an origami human. It appears to be folded out of a sheet of paper which is white on one side and orange on the other. Its head is folded slightly inside its body and has a four-sided star in the center, but no discernible facial features. Its head opens and closes similar to a paper fortune teller and seems to function as both an eye and a mouth. On top of its head are two short antennae or horns that are wider at the top. It has long, thin arms that resemble katanas with a yellow, sheath-like structure around the upper area. The sheath connects to a red, slightly raised hexagon on its torso. Extending up and out from the base of each sheath are three yellow projections that are nearly as long as its arms. Its legs appear creased with areas of red visible along the edges. Kartana's light, thin build makes it one of the lightest Pokémon in existence.
"
799,dataset/images/799.png,"Guzzlord is a massive, black Ultra Beast. Its main body is primarily spherical with a large, yellow mouth in the center. The top and bottom of the mouth are lined with two rows of teeth; the front row is yellow, while the rear row is black. In the second row of the upper jaw, two teeth curve out of the mouth similar to tusks. The inside of its mouth is a bright blue and its throat is lined with small spikes; its large black tongue is also lined with small spikes. Additional tongues resembling long arms with pincers protrude from its lower jaw even when its mouth is closed. Just above its mouth are two glowing, blue eyes with a yellow, diamond-shaped marking between them. Above each eye is a single, bat-like wing with yellow along the upper edge. There are other small bat-like wings down the sides of its body as well. On the underside of its body are three, fin-like projections that curve up towards its mouth. Guzzlord's body is supported by a pair of thick legs, which have yellow zigzag markings across the knees and three claws each. On top of its body is a small, conical head with a second, smaller pair of glowing blue eyes. Four short horns with yellow tips form a ring around its head. On either side of its head is a larger, slightly curved horn also tipped in yellow. There is also a pair of arms on top of its body. Each arm has a hand with three yellow claws. A row of small spikes trails down its back and along its tail. The tail itself extends from the center of its back and resembles a medieval mace.
"
800,dataset/images/800.png,"Necrozma is a vaguely humanoid Pokémon whose body appears to be constructed out of a black crystalline material. Necrozma's body is primarily prismatic and black due to the amount of impurities in its system. The large protrusion attached to its head is its tail, which has a row of three large spikes along the top and is white in the back with a dark gray symbol resembling a eight-pointed star in the center. Its face is actually a prism-like object known as the ""brain prism"", which possesses a collection of multicolored shapes that resemble eyes. While absorbing light, this brain prism glows white.[1] Its thin arms have disproportionately large hands with three claws. Jutting out of the back of each hand is a whitish crystal that darkens toward the tip, and each elbow has a hook-like spike. Two large spikes jut from each shoulder and there is a row of smaller spikes along each side of its body. Its feet have three hook-like toes each.
"
801,dataset/images/801.png," Magearna is a metallic, bipedal, and artificial Pokémon that is made up primarily of spheres. Its head is a medium-sized sphere with a slight point in the back. Around Magearna's head is a gear with seven teeth, although the gear does not cover its chin. It has two large, rabbit-like ears with gold rims; a tiny nose and mouth; and light red eyes with pinkish ovals in the center. In the centers of the ovals are white crosses, and thin gold wiring encircles each eye with two small prongs similar to eyelashes. The rabbit-like ears appear to be two halves of a large disc held together by a hinge at the top. In the center of Magearna's body, there lies an orb-shaped object called the ""Soul-Heart"", which is Magearna's true self. The Soul-Heart is mostly light blue, but is divided by a thick gray band, and in the front center of the band lies a circular depression that is half-blue and half-pink. Above and below the depression, in the light blue portions, is a yellow, diamond-shaped marking. On either side of its upper body is a large, spherical shoulder with thin upper arms that lead to large, claw-shaped forearms and slightly pointed hands. Its lower body is a much larger sphere that resembles a ball gown. There is a pair of golden, wavy lines on each side of this sphere, which is divided down the front and back by a gray line. In the back, there is a solid gold ring with a hole in the center at the bottom of this line. The front has a gold ring as well, but it is broken at the top and bottom and has a shield shape in the center. Metal plates similar to the ruffles of a dress adorn the bottom of its lower body. It has two pointed legs.
"
802,dataset/images/802.png,"Marshadow is a humanoid Pokémon that appears to be made of smoky gray shadows. The area around its face resembles headgear, such as a helmet. On top of the helmet are two curled horns or ears with a wispy horn between them. Its eyes are orange-red with yellow pupils, and above each eye is a yellow, oval marking. Each arm has a small bump on the wrist. Around its neck is a smoky collar, and there is a trail of shadows on each foot.
"
803,dataset/images/803.png,"Poipole is a small, purple Ultra Beast. It has a bipedal build with a large head and relatively small limbs with no visible digits. On its head are three spikes: one in the front and one on each side. A single gray needle protrudes from the top of its head and there are additional needles in the spikes on the sides of its head. It has oval eyes with a single eyelash-like spike above each; its mouth and eyes give off a cyan glow. It has a long, tapering tail with a single spine in the middle. While most of its body is dark purple, it has several fuchsia markings: at the tip of each head-spike, on its chest, on top of its head, and on its face.
"
804,dataset/images/804.png,"Naganadel is an Ultra Beast that has both draconic and insectoid features. Its upper body is slender with thin arms and a long neck. The upper chest, neck, head, and arms are light purple, while its waist is dark purple with a fuchsia stripe on each side. Each shoulder has a long gray spike, and each hand has three pinkish-purple claws. Running down each side of its neck is a dark purple stripe, which connects and forms a loop on its chest. The lower area of the loop is fuchsia and has a short, downward extension in the middle. At the end of its long neck is its head, which has a long, spiked crest on the top. On the sides of its mouth are a pair of curved, gray spikes that act as mandibles. Its glowing cyan eyes are conjoined, rimmed with fuchsia, and have a spiky crest on either side, which gives them a visor-like appearance. A pair of light purple wings sprout from the center of its back. These wings have a single fuchsia claw at the joint, two spikes along the wing-arm, and darker purple membranes with fuchsia markings near the spikes.
"
805,dataset/images/805.png,"Stakataka is an Ultra Beast composed of many dark gray, stone lifeforms stacked together to form a four-sided tower with a spindly leg on each corner. The stones that form the legs and the top corners are slightly darker. When at rest, its legs fit into the corners of the structure. Its lighter gray stones have glowing blue lines on their sides, which are visible along its edges and underside. Each stone square has a black underside with a circular, glowing blue eye in the center. These eyes will turn red whenever angered or fighting.[1]
"
806,dataset/images/806.png,"Blacephalon is a colorful, humanoid Ultra Beast. Its slender torso and wide hips are yellow with alternating blue and pink stripes. There is a white sphere in the middle of its body and another on its back in place of a tail. It has thin arms with white frills on its wrists and teardrop-shaped hands. The right arm is pink, while the left is blue. Each arm has a spherical bulge near the shoulder. Its legs are shaped like white high-heeled boots with curled toes. Each foot has a sphere on it: blue on the left and pink on the right. Around its neck is a white frill with a hole in the center.
"
807,dataset/images/807.png,"Zeraora is a bipedal, feline Pokémon with primarily yellow and black fur. The fur is thinner and black on its lower legs, lower body, upper arms, and face, and is thicker and yellow everywhere else. There is also a zigzagging black stripe on each thigh and two more stripes on each forearm. There are small tufts of light blue fur on its chest and a longer tuft on its forehead. Zeraora also has a single, lightning bolt-shaped blue whisker on each cheek. A long, ponytail-like or tail-like bunch of fur extends from between its shoulders. Zeraora has large ears with black insides and blue eyes. Its forepaws have four clawed fingers and light blue pads, while its hindpaws have only three clawed toes.
"
808,dataset/images/808.png,"Meltan is a small Pokémon with a silvery body of liquid metal. Its head is hard and resembles a golden hexagonal nut, with a small black sphere floating inside. This sphere serves as its eye. It has a red tail that resembles an electrical wire with two tiny protrusions at the end. According to official concept arts, Meltan's liquid body is made of gallium, and it can cry gallium tears. Its arms can stretch to be longer or shorter.[1] Meltan is one of the smallest Pokémon, tying with Alolan Diglett and Klefki as the shortest Steel-type Pokémon.
"
809,dataset/images/809.png,"Melmetal is a large, silver Pokémon with a vaguely humanoid build that consists mostly of liquid metal. Many dark-gray hexagonal nuts are embedded in or attached to its body: one around each shoulder, one around the center of each arm, one in each hand, one in each foot, and a small light gray one in the center of its torso. A large, golden hexagonal nut encircles its neck and a smaller one acts as its head. Floating in its head is a small, dark gray sphere which may be oscillated. It has a small red tail resembling an electrical wire.
"
810,dataset/images/810.png,"Grookey is a small, monkey-like Pokémon with a green body, a brown tail, brown wedge-shaped ears, orange hands and feet, and an orange snout. Each of its hands has five fingers, while each of its feet has three toes. It has two large white eyes with black irises. A lime green mask pattern frames its eyes, and extends towards its forehead in a small bump above its snout.
"
811,dataset/images/811.png,"Thwackey is a bipedal, humanoid monkey Pokémon with a light-green body, and lighter-green markings on its face and chest. Its ears, arms, and tail are dark brown, and its two large eyes are yellow in color. It has dark green bands around its wrists and the stick it holds splits in two after its Evolution,[1] which it uses to hold up a tuft of leaves resembling hair on its head. When it removes the sticks, the leaves resemble a mohawk, with a dark green color on the ends. It has several sharp teeth.
"
812,dataset/images/812.png,"Rillaboom is a bipedal Pokémon resembling a gorilla. Its body consists mostly of shades of brown: light, tan brown on its forehead, chest, abs, and extremities; dark brown on its nose and triangular ears, as well as under its eyes; and medium, mud-like brown across the rest of its body, including its thick arms and legs. Its mouth, the tip of its nose, and its irises are orange, and its sclerae are white. Each of its upper arms have tan marks resembling bow-ties or butterflies, and it has two, diamond-shaped, tan marks running down its spine. The first, and larger, of the two marks begins around its shoulder blades, and the second, and smaller, mark begins below its rib cage. Rillaboom has a thick bush of green, leaf-like hair on its head, which cascades down its back; on its forehead, a single, vine-like hair, which closely resembles a music note, falls between its eyes and curls at the end, which sits to its nose's left side. On its hips on either side, it has green, belt-like adornments resembling four leaves in a row. Similar adornments with two leaf-like parts sit on its each of its shoulders near the clavicles; these adornments appear to be part of its hair when not attacking. On each of its wrists, Rillaboom has cuffs that resemble leafy crowns, with the peaks of the crown facing its hands.
"
813,dataset/images/813.png,"Scorbunny is a rabbit-like Pokémon that has a predominantly white body with orange and yellow markings on its ears, toes, and neck. The markings on its neck resemble a collar. It has buckteeth, black beady eyes with orange accents, and an orange nose with a yellow band shape across it, resembling a bandage. It has long legs with long feet, and similar yellow bands under each paw pad. It also has a small, white, poofy tail.
"
814,dataset/images/814.png,"Raboot is a humanoid, rabbit-like Pokémon. It has thick, fluffy fur in multiple colors: the fur on its head, hands, and small tail are grayish-white, while the fur on its body is primarily black, with red colorations on its arms, shoulders, and front half of its feet. It also has a fur collar that covers its neck and mouth like a balaclava, while its belly has tufts that are similar in appearance and function to jacket pockets. Raboot also has long ears, a few tufts of fur on top of its head, red irises, and a small yellow nose. 
"
815,dataset/images/815.png,"Cinderace is a bipedal, rabbit-like Pokémon. Most of its torso and head, as well as its arms and tail, are white. Cinderace has long white ears, the insides of which are yellow. Its white eyes, which have red-orange irises, have a deep navy pattern below them and yellow eyebrows above them. These eyebrows connect at the nose, which is red-orange, and form a ""crown"", which connects to the red-orange tuft of hair sticking out from its forehead, similar to a flame. It has two whisker-like tufts of white fur on each side of its face. Over each shoulder is a navy patch of fur, resembling a shoulder brace, which continues down the torso and connect at middle of the chest, creating what resembles a sports tank top. This navy-colored fur is also seen on its lower torso, creating what resembles a belt. The fur on its lower body is colored red-orange and resembles a pair of pants, with yellow pockets and ending in yellow tufts at the knees, with little tufts of fur on the backside of its thighs. Its ankles and feet are colored navy-blue and tipped red-orange at the toes. On the underside of each foot, there are three yellow dots of fur, from which it fires flames when attacking opponents.
"
816,dataset/images/816.png,"Sobble is a small lizard-like Pokémon. It has light-blue skin, with darker blue patches on its cheeks and the tip of its curled tail, and a lighter blue belly and face. It has white eyes with dark blue irises. It also has a yellow fin on the top of its head, held by a dark blue spine. Sobble has thin limbs, each of them ending in two curved hands resembling those of a chameleon. It can use these to stick to walls and easily climb them.
"
817,dataset/images/817.png,"Drizzile is a slim, lizard-like Pokémon. It is primarily blue with a white belly and a dark blue mark above it. It has lime green mitten-like hands and two-digit feet. On its face, it has small nostrils, half-lidded eyes with green eyelids, a thin line connecting its eyes, and a blue dot next to each eye. On its head are three hairlike structures, two dark blue and one purple. One of the structures sticks up like a cowlick. The other two droop over the face and cover one eye, resembling ""emo"" bangs. Inside its mouth, Drizzile has a long, mucus-coated tongue that can be used for catching prey or attacking opponents.[1] Like its pre-evolved form, Sobble, it has a chameleon tail that swirls inward.
"
818,dataset/images/818.png,"Inteleon is a bipedal, reptilian Pokémon that resembles a chameleon. Its head, slender arms, and tail are light blue in coloration, with its tail having a thin dark blue streak following the ridge of the tail. This dark blue coloration is also seen at the tip of its head crest and on its slender torso, which continues down the backside of its legs until the bottom of the feet. The front side of its legs and feet are black, ending in three-pointed toes. Its hands are also black and have five fingers. Its eyes have yellow irises and white pupils, with a black lower lid and a yellow upper lid. Its membrane is also yellow; this membrane forms a thin, wavy, fin-like crest on its head, and connects to the back of its neck before falling over its back in a cape-like fashion. It has a white diamond-shaped patch of skin on its stomach. 
"
819,dataset/images/819.png,"Skwovet is a squirrel-like Pokémon. It is grayish-brown in color, with a large fluffy tail, which is dark-grayish-brown at the top. Skwovet has a light-grayish-brown underbelly, and the color extends to its mouth and parts of its cheeks. It has two orange freckles underneath each eye and an orange nose. Its ears are similar in color to its tail, and they have orange insides.
"
820,dataset/images/820.png,"Greedent is a bipedal, squirrel-like Pokémon with a tan and brown plump body, a buck tooth, orange nose, stumpy limbs, and a huge tail twice as long as its body. It has a darker brown area on its cheeks that can also be found on its chest, the underside of its tail, and the tips of its ears. Its fur is fluffy and messy. It also has orange freckles on its big cheeks and orange inside of its ears. Its eyes are a black oval-shape with white pupils, with a ring of light brown fur surrounding them.
"
821,dataset/images/821.png,"Rookidee is a small, birdlike Pokémon that is primarily dark blue, including its wings, tail, back and part of its head. The lower part of its body and chest is yellow, and it has a plume of black feathers that begins from under its wings to its face, from which a few tufts protrude over its head, giving it a mask-like appearance. It has red eyes with white markings under them, which helps Rookidee to intimidate fearful Pokémon. It has small gray legs and feet, each with two toes on the front and one on the back.
"
822,dataset/images/822.png,"Corvisquire is a crow-like, avian Pokémon. Its tail and dorsal feathers have a navy coloration, and its breast feathers are blue-gray. Matte black feathers accent its wing-tips, ruff, and face, which is adorned with a mask-like crest. Its beak and three-toed feet are gray, and it has black talons. Corvisquire's eyes are red, and rimmed beneath with a white patch.
"
823,dataset/images/823.png,"Corviknight is a large, avian Pokémon resembling a raven. Most of its body is a lustrous black, but its lower beak and legs have a matte color. Its feathers are tempered with steel. Its mantle, breast, belly, flanks, and scapular feathers are smooth and resemble plate armor. Corviknight's talons, head, and upper beak are similarly armored. It has a crest above its eyes that resembles a crown, and a ruff of feathers on its throat that resemble a beard. Corviknight's eyes have white pupils, red irises, and black sclerae.
"
824,dataset/images/824.png,"Blipbug is an insectoid Pokémon. It has five body segments and is covered in sensitive setae that it uses to collect information about its environment. The dorsal half of its ovular head is a dark blue, and the ventral half is beige. Blipbug's large, reflective eyes resemble glasses. It has a small mouth and eyebrow-like markings that give it a perpetually surprised expression.
"
825,dataset/images/825.png,"Dottler is an insectoid Pokémon. It has an orange, blob-like body, though most of it is covered by its geometric shaped shell, with only its face and underside visible. It has cyan, beady, crystalline eyes similar to those of its pre-evolved form; a pair of blue feelers in a V-shape on each side of its face; and four blue feet under its body. Dottler's shell is made up of yellow triangular surfaces with blue circles around its vertices, arranged to form an icosahedron. These blue circles constantly flash from top to bottom. The shell is so heavy, it prevents Dottler from getting food to eat and water to drink, leaving very small holes to breathe through.
"
826,dataset/images/826.png,"Orbeetle is a beetle-like Pokémon with a large head that resembles the body of a ladybug. Its shell is red with seven dark blue spots and a black underside. Six of these seven spots can glow, making concentric cyan and white rings. Orbeetle's face is black and white with yellow antennae that resemble eyebrows, cyan eyes with white rings, and a red stripe above its mouth that resembles a mustache. Its actual body is much smaller and is mostly black with thin limbs, red accents on the pelvis and legs, and sharp pointed yellow feet. It has a sharp protrusion on each of its forearms near the elbow, and its hands have two claws each.
"
827,dataset/images/827.png,"Nickit is an orange-maroon fox-like Pokémon with a slender body and a large head relative to its body size. It has long, black ears, white spots on its head that resemble eyebrows, and small dots around its eyes that gives the appearance of tears and mask-like markings around its yellow eyes. Nickit also has tufts of furs on both sides of its head. It has a white belly and chest, its feet are black, and its tail is long with a black tip resembling a sack.
"
828,dataset/images/828.png,"Thievul is an orange-maroon vulpine Pokémon with a moderate build, slender limbs, and a long tail. It has white chest fur that puffs out from its body and vaguely resembles a cravat. There are two long black ears atop Thievul's head, as well as black fur around its eyes that resemble a domino mask. The black whiskers on the end of its muzzle are in the form of a pointed mustache and the white markings above its eyes resemble eyebrows. Its paws, back, and the tip of its tail are all black, and it retains the flared tail-tip of its pre-Evolution Nickit.
"
829,dataset/images/829.png,"Gossifleur is a small, plantlike Pokémon with a large, yellow flower on its head. This flower covers most of its cream-colored head, which has a green stripe down its forehead and two yellow eyes with black sclerae. It has red, hair-like growths surrounding the back of its head and a green stem-like body.
"
830,dataset/images/830.png,"Eldegoss is a plant-like Pokémon. It has a light green head, with amber-brownish eyes and light green pupils, as well as green triangular stripes above its eyes. Eldegoss's lower body consists of a yellow upper part that resembles a cloak, and a darker green lower part that resembles a dress. Above its head is a green crest that fills a notch in its head. This crest is filled with a cotton fluff that is larger than Eldegoss's body. There are tiny brown seeds that can be found scattered on the top of the cotton.
"
831,dataset/images/831.png,"Wooloo is a black ovine Pokémon with a thick coat of white wool that makes it look spherical. Its small head pokes out of the front of the wool, along with two short horns. Wooloo's eyes have yellow sclerae, black irises, and white, horizontal pupils. Two large ears are visible behind gray strings of wool that resemble braided pigtails. Wooloo's wool covers its entire body and most of its short hooved legs, along with a tail that is barely visible on its rear end.
"
832,dataset/images/832.png,"Dubwool is an ovine Pokémon, with most of its body covered by a round coat of white wool with some black patches around it. It has a gray woolly ring around its head from which two small curved horns extrude below its head. Dubwool's head is mostly black with a white patch surrounding its mouth and nose and extending to its forehead in three petal-like tips. It has two larger, longer, dark horns on top of its head which curve backwards. Its nose is pink and its eyes are yellow with black irises and white horizontal pupils with small gray eyebrows above them. Its legs are black with a visible ankle and with brown hooves. It also has a short, black, pointy tail.
"
833,dataset/images/833.png,"Chewtle is a quadrupedal teal turtle-like Pokémon with a large head bigger than its body. The top of its shell is a darker shade of blue with a brown trim, and it has a light brown underbelly similar to Squirtle and its evolved forms. Chewtle has what appears to be a single toe or claw at the ends of each foot. It has an orange bulb on each of its cheeks and a short rock-hard orange horn on the top of the head, which it uses to stun its opponents and open them for attack. It has a pair of nostrils directly above its mouth, and a pair of small eyes with a black rim directly above that, with a single large brow, giving it an almost angry look.
"
834,dataset/images/834.png,"Drednaw is a large quadrupedal Pokémon resembling a turtle, with a shell made of rock.[1] Its carapace (upper shell) is brown and is divided into three segments, and has a yellow section around it. Its plastron (lower shell) is flat and pale yellow, with a protrusion near the rear. Its lower jaw is likewise pale yellow. Its head is boxy and has yellow orbs on its cheeks, and a yellow horn with two large sections coming off of it. There is a small hole on either side of its horn. Its eyes are white and somewhat rectangle shaped with small pupils. Its front legs have one large yellow protrusion each, and each of its feet have three white toes. Its tail is long and has two spikes coming off of it.
"
835,dataset/images/835.png,"Yamper is a quadrupedal, canine Pokémon. It has a brown body with yellow fluff around its neck, resembling a collar, and yellow highlights around its eyes. It has a yellow bolt-shaped tail and a heart-shaped pattern on its rear. Its four feet, underside, and parts of its face are white. Yamper's ears have a light green and yellow color on the inside. It also has a small yellow nose.
"
836,dataset/images/836.png,"Boltund is a quadrupedal, canine Pokémon. Its two front paws are white with a yellow stripe on each leg above the white part, which leads to its desaturated green legs. Its two back paws are a darker yellow with a lighter yellow on top of it that also leads to desaturated green legs. It has a thin, yellow tail and hind legs with two spikes on the top of each of them. When it raises its tail, the tail takes the shape of a lightning bolt. The bottom half of its body is mainly desaturated green, while the upper part is mainly yellow. Boltund's head is yellow with white markings that extend over its muzzle, under its eyes, and in between its eyes, going up to its forehead. This white spot also goes down and ends in a triangle shape on the front of its chest. Its eyes are yellow, mint-green, white, and black with no distinct pupil. An outer ring of a light yellow is also around each eye. The inside of its ears is yellow with an outer ring of black. The desaturated green and yellow halves of its body connect on Boltund's shoulders, with the yellow part extending down in its front to cover Boltund's underbelly.
"
837,dataset/images/837.png,"Rolycoly is a Pokémon which resembles a small piece of coal. It has a single orange-red eye that can light up and illuminate dark areas,[1] while the rest of its body is black. It has a rugged exterior and lacks any limbs. Its lower body has a wheel-like leg, which it rolls on and uses for movement, in a similar fashion to a unicycle.
"
838,dataset/images/838.png,"Carkol is a Pokémon which resembles a minecart. It has a head with two triangular eyes and a mouth that has a warm, orange glow. Behind its head is a small heap of coal which can glow orange-red, atop a body of black stone. It has four wheel-like legs which it moves on.
"
839,dataset/images/839.png,"Coalossal is a Pokémon which resembles a massive goliath with a body of coal. It has a large, coal-black body, with two legs and a pair of stubby arms, alongside two massive spikes atop its shoulders. It bears a head consisting of a pair of white eyes that can glow red and a mouth with serrated teeth. It carries a large amount of heated coal on its back.
"
840,dataset/images/840.png,"Applin is a small, worm-like Pokémon with a light green body and a dark green underside. Its head is round with two pink nostrils. Above its head are two large leaf-like eyestalks which house its two small black eyes. These eyestalks give the apple it lives in the appearance of having a stem with leaves. Applin also has two thin hairs on the tip of its tail, as well as two stubby forelimbs which are usually hidden inside its apple.
"
841,dataset/images/841.png,"Flapple is a green, worm-like dragon Pokémon with a light green underside and yellow eyes. It uses parts of an apple to form its body. The top part of the apple sits on the top of its head, with a single horn sticking out; the bottom of the apple is attached to its tail; and the sides are attached to its limbs, which have three-fingered hands, allowing them to act as wings.
"
842,dataset/images/842.png,"Appletun is a dragon-like Pokémon whose body is reminiscent of apple pie. It is mostly green with a yellow underside and lower jaw, and it has an orange spot on its chest that resembles an apple core.[1] It has a piece of an apple on its head worn as a helmet. Its leaf-like eyestalks usually droop down from under the apple helmet as though they were ears, but may be lifted up to reveal small beady eyes. It has black slits for nostrils on the tip of its muzzle. It has a large hump on its back with several overlapping stripes that resemble an apple pie's crust on top, along with a pair of red and green leaves. It has four short, bulky legs with paws, and a stout tail.
"
843,dataset/images/843.png,"Silicobra is a Pokémon which resembles a small snake. Its body is mostly brownish white with a few darker spots, and its tail is curled at the tip. It has oval green eyes with black pupils, each one surrounded by a brown spot similar to a sand stain and a brown protuberant ridge above it. Paired with its crooked downward mouth, its face is similar to a frown. It also has two big nostrils.
"
844,dataset/images/844.png,"Sandaconda is a tan serpent Pokémon with a black and brown pattern all over its body, resembling cracked earth. Around its neck is a dark greenish brown ring, which is its neck pouch. Its long body is coiled in a spiral shape. It has lime green eyes with red bags underneath them and a snout with two prominent nostrils and two fangs.
"
845,dataset/images/845.png,"Cramorant is a blue avian Pokémon resembling a cormorant. It has bright green, large, circular eyes with small black pupils, and a large, thin yellow beak. It has a ruff of light gray feathers that goes around its torso and sticks out at the back, making it resemble a bib. It has a ruff of feathers on its head, with the largest clump pointing backward and being surrounded by small singular feathers. Its feet are black, webbed, and have three toes. Its wings seem to be perpetually spread outwards on its sides. Its tail feathers appear asymmetrical, with a slit between them on one side.
"
846,dataset/images/846.png,"Arrokuda is a brown and tan fish Pokémon resembling a barracuda. It has two big black eyes and two small jaws pointing upward, the latter of which it is very proud of. It also has five fins scattered on its body; two pelvic fins, two anal fins, and one dorsal fin. This Pokémon has two red spots, one behind each jaw, as well as three white scales on each side of its body for a total of six. Arrokuda lastly has three back fins on its tail resembling a ship propeller, starting off tan in color, but having a brown coloring on the end.
"
847,dataset/images/847.png,"Barraskewda is a fishlike Pokémon with a long body and tapered head. Its head is colored brown and has small eyes with beady black pupils and no visible irises. Its mouth has a noticeable under-bite, and two teeth on each side of its lower jaw can be seen when Barraskewda has its mouth closed. At each corner of its mouth are two dark spiral markings. Barraskewda's head has four protrusions extending backward from its sides, with a spike extending from the upper and lower part of each side. Its main body is tan in color, and across each side of its midsection it has a white line running down most of its length, with other white markings branching off, resembling fish-bones. A similar branching brown marking can be found running down the length of Barraskewda's dorsal side. It has two pairs of ventral fins and one dorsal fin located near the back of its body, along with four tail-fins that can rotate like a propeller, allowing Barraskewda to swim at high speeds. All of Barraskewda's fins are colored red. Its tail fins are attached to a white hub that connects to the brown rear section of its body, and the spines in its other fins are brown as well. 
"
848,dataset/images/848.png,"Toxel is a small, quadrupedal, purple, lizard-like baby Pokémon. It has a lightning bolt-like protrusion on its forehead, along with four conical spikes surrounding its head. It has violet eyes with black pupils and white sclerae. Toxel typically has its light purple tongue sticking out of its mouth. Its cheeks are marked with a very pale whitish lavender spot on each side. Its chest also has a pale lavender-white spot, heavily resembling a baby's bib. Its lower half is light purple with lines running down the sides, resembling a diaper and entirely covering its short, tapering tail. Its arms and legs have two stubby fingers and toes each, with pale white spots under the toes and palms. Toxel also has two white spots on its back, just below its head.
"
849,dataset/images/849.png,"Toxtricity is a bipedal, lizard or salamander-like Pokémon with two forms. Both Amped Form and Low Key Form Toxtricity have purple-colored bodies and white eyes with black irises. Both forms also have four spikes on the back, four spikes on each wrist, and a crescent-shaped body part with seven light purple spikes on the waist.
"
850,dataset/images/850.png,"Sizzlipede is an insectoid Pokémon with a long, flat body. Its thorax and head are mainly red-orange with dark brown sections across its body and yellow rings on its underside which can get very hot. Two fiery whiskers protrude from its face, and it uses its short stubby legs to move around.
"
851,dataset/images/851.png,"Centiskorch is a flat, centipede-like Pokémon. It is red, with circular orange-yellow heat-generating organs on the underside of each section, while its dorsal side, along with its legs and mandible, are a darker shade of red. The head has an orange mark in the shape of an exclamation point (""!"") on the top, and two bright yellow eyes with triangular red pupils. It has orange-yellow flames coming out of its head and rear, simulating antennae and telson. Centiskorch creates flammable gases by fermenting the food in its body, and then burns these gases through the heat-generating organs along its underside. This results in the overflowing flames on either end of its body, which can reach temperatures of almost 1,500 °F (800 °C).[1] As shown in the manga, the flames on its head can turn off.
"
852,dataset/images/852.png,"Clobbopus is a small, beige cephalopod Pokémon. It has a rather large head with six orange spots on its forehead, an orange mask-shaped pattern on its face, and a small, orange siphon on the left side. It has small, blue eyes with horizontal, slit-shaped pupils. Clobbopus has six small tentacles that it uses to get around, and two large tentacles that act as arms. These large tentacles have rounded indigo bumps on each end, resembling boxing gloves. Each of the tentacles are lined with orange suction cups. Clobbopus's underside is indigo and contains its mouth, which is circular in shape and has two sharp beak-like protrusions.
"
853,dataset/images/853.png,"Grapploct is a blue, amphibious, cephalopod Pokémon with a yellow jagged eyemask-like marking, suckers, and what appears to be a breathing organ on the left side of its head, which can also be used to squirt out ink and perform special moves. It has a dark blue underside and cyan eyes. Four of its eight tentacles act as arms, three act as legs and one is wrapped around its waist like a martial artist's belt. Its mouth is in between its head and body, only clearly visible when it opens. 
"
854,dataset/images/854.png,"Sinistea is a Pokémon said to be created when a lonely spirit possesses a cold, leftover cup of tea. It is one of the shortest Pokémon in existence. The teacup that Sinistea lives in is a famous piece of antique tableware; seafoam green in color with gold rims and a lacy pattern that resembles a face (and functioning as one, being able to change to express emotions). However, there are many forgeries in circulation.
"
855,dataset/images/855.png,"Polteageist is a Pokémon made of black tea. Its body is purple with yellow accents, as well as yellow eyes and mouth. Its arms are thin and its hands have three digits, and it has two small legs. Polteageist inhabits a large, white teapot with cracks and holes on it, exposing parts of its body. The teapot has a yellow handle, as well as yellow accents on its cover and bottom. There are light blue swirly patterns surrounding the teapot. Most of the teapots that Polteageist inhabit are forgeries, but occasionally an authentic one is found.
"
856,dataset/images/856.png,"Hatenna is a small Pokémon with a round pink body and a pair of small feet. Most of its body is covered by a blue wig-like feature with a pink, hat-like erect tail. This tail is decorated with a white spot and has a blue bulbous growth on its tip. The flaps on the side of its head appear to be able to function like limbs. It is a female-only species with no male counterpart.
"
857,dataset/images/857.png,"Hattrem is a small, vaguely humanoid Pokémon with a pink body and a large, light blue mass of hair surrounding its head. It has a conical point on top of its hair that is pink at the bottom and white at the top, with the tip being crooked and tapering off at the end. This gives the hair the appearance of a witch's hat. On the sides of its hair are two large, blue bulbous growths that appears to be held by pink rings. These growths resembles ponytails and Hattrem uses them to stand on. Hattrem has two, thin arms lacking any digits, and a white ovular spot on its chest. Its waist extends out into two lumps, with very small, light blue joint-less and digit-less legs. Its eyes have black sclerae and white pupils, with two pink dots for highlights that make its pupils vaguely resemble cartoon hearts. 
"
858,dataset/images/858.png,"Hatterene is a small humanoid Pokémon with a thin, white body. Its head is round and has a small mouth, narrow black eyes with white pupils, and two elliptical pink markings over each of its eyes resembling eyelashes or eyebrows. It has extremely long, layered, symmetrical hair, far longer than its body is tall; much like a cloak, the hair on its head drapes to the ground and swathes around it to conceal much of its true body, which is adorned by a pink semi-translucent dress that gives it a much taller silhouette, resembling that of a stereotypical sorceress or witch. This hair is colored in a gradient of baby-blue, pale pink, and white from its upper portions downwards. The hair above Hatterene's head is shaped like a wide-brimmed witch's hat with a conical shape serving as the crown of the hat formation. Extending from the pointed end of the hat is a single tentacle that ends in a pink bulb and a consecutive baby-blue, hand-shaped bulb that has a trio of sharp claws, which can articulate in a manner similar to fingers, jutting out of it. Hatterene is a female-only species.
"
859,dataset/images/859.png,"Impidimp is a small, fuchsia Pokémon with a large head, small body, and wiry limbs. Its hands have three fingers each while its feet don't have digits. Its face has a purple ""mask"", prominent pointed ears, large eyes with small pupils, a long nose with a single nostril, and a fanged mouth. It usually has its purple tongue sticking out. The back of its head sports a tuft of hair that resembles a bat wing. It and its evolved forms are male-only species.
"
860,dataset/images/860.png,"Morgrem is a somewhat humanoid Pokémon, with a magenta upper body and a light green lower body divided by a zig-zag line. It has long, lanky arms with hands that have three sharp fingers, and round feet that have three toes. Just like its pre-Evolution, Morgrem has prominently large ears and eyes, long white fangs, a purple tongue, and an upturned nose with a single nostril. However, Morgrem's pupils are red instead of black, and its nose is longer. Morgrem has long, black hair with a bang that covers its right eye; the end of the hair is shaped like a pole arm. 
"
861,dataset/images/861.png,"Grimmsnarl is a green-skinned humanoid Pokémon mostly covered in long, dark purple hair, except for part of its face, its abdomen, its feet, and a small red patch on its chest. Most of its hair wraps around its body, except for a lock on each side of its face, a few spikes raised on its shoulders and some locks draping from behind its legs resembling a cape. While being bulkier than its pre-Evolutions, Grimmsnarl is more slender than it appears to be, with its hair giving the appearance of a muscular body. Grimmsnarl's hair works like muscle fibers and helps enhance its strength. Grimmsnarl is able to move its hair, and uses them to ensnare opponents in a tentacle-like fashion. By using its hair in this way, Grimmsnarl is powerful enough to overwhelm Machamp.
"
862,dataset/images/862.png,"Obstagoon is a black-and-white, bipedal Pokémon. Its head sits forward of its body on a long, thick neck; it has a pointed snout like a badger, with its long tongue that frequently hangs out of its mouth. It has a thicker coat of gray fur around its forearms and lower legs, as well as around its back, and most of its chest like a vest.
"
863,dataset/images/863.png,"Perrserker is a bipedal feline Pokémon. Unlike Persian, Perrserker remains bipedal and has a body shape similar to what it had as a Meowth. The hair on its head and parts of its limbs have hardened into natural armor. The former takes the shape of a stereotypical horned Viking helmet that covers its ears and part of its eyes while also incorporating its coin. Perrserker's claws have grown longer and harder as well and can come together to form daggers that it can use to fight its foes more effectively. 
"
864,dataset/images/864.png,"Cursola is a coral-like Pokémon. The lower body of Cursola resembles that of Galarian Corsola, albeit broken apart to reveal an ectoplasmic ""body"" which has taken the shape of a ghost. This ectoplasm surrounds Cursola's core, which is a white sphere with a face like that of Galarian Corsola, and has an oval-shaped opening with three inward-facing notches where the core is. Two half-circle openings similar to eyes are located above Cursola's core. Together, the three openings resemble a screaming face with a sad or pained expression. On its ectoplasmic body, two small branches below the core serve as its arms and one small branch on its forehead serves as a horn. It has three long branches each on both sides of the head, and three more on its lower back. All of its branches can split apart when it attacks.
"
865,dataset/images/865.png,"Sirfetch'd is an avian Pokémon that resembles a white duck, standing no taller than its pre-evolved form Farfetch'd and retaining its yellow beak, legs, webbed feet, brown eyes, black eyebrow-like marking, and its stubby tail. It has a crest on its head, consisting of three feathers standing upright. Its wings serve as humanoid hands, with the feathers at the end resembling fingers. It carries a massive leek in two parts, wielding the long, sharpened stalk as a lance and using the hard leaves as a shield.
"
866,dataset/images/866.png,"Mr. Rime is a bipedal, humanoid Pokémon. Like its pre-evolved form Mr. Mime, it has growths resembling clown hair, but they are now black rather than blue and they cover the top of its head, resembling a bowler hat. It has yellow eyes and a moustache that covers its mouth. Its black-and-white torso resembles a coat or tuxedo and a face, with yellow shirt studs for its ""eyes"", a red lump as its ""nose"", and a white cummerbund for its ""mouth"". While its actual face remains almost expressionless, the features on its torso will change to convey emotions. Its lower body is blue and it has black and blue feet that resemble large shoes, presumably capped with ice. It has black spherical shoulders and blue arms with white, mitten-like hands. It always carries a blue formal cane made of ice.
"
867,dataset/images/867.png,"Runerigus is a Pokémon composed of an oblong, irregularly-shaped clay slab, with an outline of a stylized serpent with sharp teeth painted onto it in red. Two sections of the slab at the upper left and upper right side, along with a piece bearing the serpent's head and a small piece bearing the tip of the image's tail, have broken off and are held in place by shadowy black tendrils that form its arms, neck, and tail respectively; the ""tail"" fragment also resembles the piece carried by Galarian Yamask. It has five black fingers on each hand, which extend from the ends of the fragments forming its arms. It has a single purple eye located in the same spot as the painting's eye. Runerigus seems to be distantly related to Cofagrigus.
"
868,dataset/images/868.png,"Milcery is a small cream-colored Pokémon that resembles a splash of milk. It has a droplet-shaped body composed of cream, with two arms and a crown of six protrusions. These protrusions are made out of that same cream with droplets constantly jumping from them. It has completely white eyes. 
"
869,dataset/images/869.png,"Alcremie is a vaguely humanoid Pokémon with a body made of whipped cream. Its head resembles several clumps of whipped cream styled like hair, with a large crowning blob flanked by two loop-like ""bangs."" Each of these bangs is topped with the Sweet Alcremie was given to hold as a Milcery when evolving. Alcremie's lower body is similarly composed of two dollops of whipped cream resembling a robe or a dress. It has two stout arms with three fingers each extending between the dollops of its body.
"
870,dataset/images/870.png,"Falinks is a group of small, bipedal Pokémon. A single Falinks is a formation of six individuals, similar to Exeggcute. It consists of five troopers and a leader, known as ""the brass"". Falinks usually march in a single file line headed by the brass, giving their formation the appearance of a caterpillar. This formation is known as the Column formation. However, Falinks occasionally break their formation to attack.
"
871,dataset/images/871.png,"Pincurchin is an echinoderm Pokémon with a black, sea urchin-like body. Its face has two yellow eyes with black, triangle-shaped pupils on each of them, and two yellow circular mouthparts. A line of sharp spines runs down its back, along with two other lines of two spines each on the side of its body. Each spine has a grayish tip which glows yellow when electric current runs through it. 
"
872,dataset/images/872.png,"Snom is a small, larval Pokémon. Most of its round white body is covered by a translucent shell of icy spikes. Its exposed head features two black eyes and round mouthparts.  Four short legs are located underneath its body.
"
873,dataset/images/873.png,"Frosmoth is a white, moth-like Pokémon with a round body, of which the upper half is thicker, giving it the appearance of a ruff. It has deep blue eyes and long eyelashes. It has a blue jewel between its eyes and two long antennae, which are gray at the tip with trapezoid patterns. These antennae are used to detect air currents. Frosmoth has two large wings which are gray with a white rim; the patterns on its wings are the same as that on the tip of its antennae. Frosmoth typically keeps its arms crossed, and its usually obscured, light blue palms each have a heart-shaped pad.
"
874,dataset/images/874.png,"Stonjourner is a tall Pokémon made of rock, resembling Stonehenge. It has a gray, rectangular body with white eyes and mouth, and is adorned with dark gray spots. On top of its body are two, smaller rectangular stones giving it the appearance of a hat. Its arms are made up of three chained, square rocks alternating between gray and dark gray. It has two large, gray legs resembling the standing stones on Turffield, each of which weighs over 400 pounds (200 kg). These legs are brown on the lower half, and have a pair of gray crosses each. In the TCG, a resting Stonjourner is shown to be able to detach and rotate its legs.
"
875,dataset/images/875.png,"Eiscue is a medium-sized, penguin-like Pokémon with a large ice cube encasing its head. This ice cube is a light blue, with specks of white seen dotting the surface of it. Two oval-shaped eyes and a beak are seen on the front of the cube. It also has a long, antennae-like hair sticking out of the cube. Eiscue's body is black and white with light blue accents around its belly. It has two flippers and yellow feet, with three toes on each. Its true face within the ice is colored light blue with two white eyes, black eyebrows and a white beak, and has a worried expression to it.
"
876,dataset/images/876.png,"Indeedee is a dark purple and white bipedal Pokémon that differs in appearance depending on their gender. Both forms have white faces, rounded heads and pear-shaped bodies, and white hands and feet with three digits on each of them. The males have upward-turned spiral horns, blue markings in-between their eyes, a generally more navy body, and more white around the legs. Females have downward-turned spiral horns, pink markings above their eyes, a white body, and darker legs. These markings all give them the appearance of butlers and maids. 
"
877,dataset/images/877.png,"Morpeko is a short, chubby rodent Pokémon who can change forms via its signature Hunger Switch Ability, which alters its appearance. The features shared between the two forms are short, stubby arms and feet; a pair of pink circular cheek pouches; a very tiny nose; two almond-shaped ears with a single fur tuft under each; and a primary body color separating two areas of fur which cover the arms, ears, cheeks, and eyes, and zigzag inward towards its face, stopping at the waistline. These fur patches form pockets that it can store seeds in. On the back of its body is a pattern resembling a Pikachu's tail that extends from the bottom half of its fur. In its Full Belly Mode, its body is a creamy yellow, and its eyes are circular and black with large white pupils. The fur on the left side of its body is black, and on the right side, it is brown. A single bucktooth can be seen protruding from its smiling mouth. While in its Hangry Mode, Morpeko's primary body color turns purple, its eyes become downward-slanting red semi-circles, and its right-hand patch of fur turns from brown to black so that it matches the other side. Its mouth is also constantly formed into an angry snarl.
"
878,dataset/images/878.png,"Cufant is a roughly spherical elephantine Pokémon with a body made of copper. The tip of its trunk is shaped like a spoon or shovel, and Cufant uses it to dig in the ground and carve out rocks and ores to eat. It has four stout legs, and each leg has a single anterior nail. Cufant has a bulbous dome atop its head and a short bobtail.
"
879,dataset/images/879.png,"Copperajah is a large, cuboid, elephantine Pokémon with a dark green body and a light teal underbelly. Pokédex entries for its pre-Evolution Cufant suggest that this coloration probably results from the tarnishing of copper in its skin over time. Untarnished copper accents cover most of Copperajah's face, and pattern its ears, feet, trunk, and back. It has short, blunt tusks and a long, broad, muscular trunk that ends in three claw-like protrusions. It has three raised, white ridges on the dorsal end of its trunk, and several rocky protrusions on the dome of its skull.
"
880,dataset/images/880.png,"Dracozolt is a hybrid fossil Pokémon. It has a small yellow upper body with two long wings shaped like lightning bolts on its arms. Dracozolt has a long neck that connects to a paravian-like head with closed eyes and a red spot on each cheek. The upper half is connected to the middle of the lower body, with an orange and yellow circle surrounding the neck. The lower body is colored pink and green. The legs are green with pink toes and stripes and the tail is green with pink stripes and spikes.
"
881,dataset/images/881.png,"Arctozolt is a hybrid fossil Pokémon. It has a light-blue body with a snow-like patch on the top. Its body has blue fins with white patches on the ends and some spots. It has a plesiosaur-like tail with a fin on top. It has two yellow hands. Arctozolt has a paravian-like head with closed eyes and a blue spot on each cheek. It produces mucus from its nose.
"
882,dataset/images/882.png,"Dracovish is a hybrid fossil Pokémon. It consists of the head of the fish fossil and the back legs and tail of the dino fossil; the head appears to have been mounted on the tip of the tail. The tail region ends abruptly at a circular cutoff. Dracovish's legs are mostly green with two pink stripes. The feet have three red claws. The neck is also mostly green but has a red stripe going up the middle. The stripe is lined with three curved spikes on both sides. Dracovish's head is roughly circular with a rounded triangular plate on the top. On the plate is a red and white region that extends between the eyes. Its mouth has three sharp teeth in the middle. Its eyes are round and have black rectangular pupils. Two fins protrude from the bottom of the jaw.
"
883,dataset/images/883.png,"Arctovish is a fish-plesiosaur hybrid fossil Pokémon. The plesiosaur half is colored blue and white. Arctovish has a blue tail with a fin on top. The flippers are colored blue with white patches on the end and with white spots. The fish half is applied upside down. It has a round blue head with black rectangle pupils, and the mouth is located on top of its head. It has white fins connected to its fish head.
"
884,dataset/images/884.png,"Duraludon is a tall bipedal dinosaur-like Pokémon with large feet, a chunky tail, and a head integrated into its neck. Its body is mainly light gray and dark blue, with zigzag patterns running down its body, gray bands around its arms, and two black slits on its lower chest. Its hands have four triangular indents. Duraludon's head has a small red section and multiple slits on it. It also has yellow eyes with green pupils, and it appears to be permanently scowling. It moves its upper jaw when opening its mouth. Duraludon armor has a smooth feel, similar to a mirror finish.
"
885,dataset/images/885.png,"Dreepy is a small, green Pokémon resembling a reptile or amphibian. Its head is a darker green, with yellow eyes, pink eyelids and gills, and large horns tipped with pink. Its serpentine body has two long front limbs, as well as a darker green stripe near its tail with three fins surrounding it.
"
886,dataset/images/886.png,"Drakloak is a Pokémon which resembles a lizard, with a wide, black-colored head with two vertical horns and two pinkish-red triangle-shaped stripes on either side. It has yellow eyes with pink eyelids, while the underside of its mouth is light blue. The rest of its body is also light blue, while its belly is yellow with a red, upside-down V-shaped mark. It has short, stubby arms and legs and a long tail.
"
887,dataset/images/887.png,"Dragapult is a draconic Pokémon. Dragapult's appearance is reminiscent of both ancient lepospondyls such as Diplocaulus and modern stealth bombers. It has a triangular, wing-shaped head; a relatively short body; and a long, laterally flattened tail similar to a newt's.
"
888,dataset/images/888.png,"In its Hero of Many Battles form, Zacian is a large cyan lupine Pokémon with yellow eyes, a tan underside, a lean frame, a pink tail, and pink braids going down the side of its body. Two pink fringes of fur are present on its back. There are battle scars on its shoulders, hips, back, and forehead, which reveal a tan coloration under the blue fur. Half of its left ear is also missing.
"
889,dataset/images/889.png,"In its Hero of Many Battles form, Zamazenta is a large magenta lupine Pokémon with yellow eyes, a bulky frame, and a ponytail on its head. Its tail and ponytail are a deep blue; it also has deep blue accents on its neck and forelimbs. There are battle scars on its shoulders, hips, side, and eye, which reveal a tan coloration under the red fur. Half of its right ear is also missing. Its head and neck have thick fur resembling a shield.
"
890,dataset/images/890.png,"Eternatus is a gigantic, draconic alien Pokémon. Its body has a vaguely draconic shape and skeletal appearance, and it is largely dark violet with red highlights. Its main body and tail are long and thin and resemble a spinal column, and it has four small, thin limbs ending in claws formed from spindly appendages attached at right angles. Its torso is formed from a cage of appendages resembling ribs, and inside is a glowing pink core that serves as Eternatus's energy source, absorbing energy to sustain it. Its head is triangular and has a pair of white, eye-like markings in the form of three connected circles, as well as a spindly lower jaw with several diamond-shaped teeth. Over its head is a translucent red film held between five long spikes extending toward its body's rear. It also has a pair of thin tendrils extending from its back, formed from numerous triangular segments. Eternatus's gigantic size makes it the tallest known Pokémon with the exception of Dynamax and Gigantamax Pokémon.
"
891,dataset/images/891.png,"Kubfu is a small, bearlike Pokémon. Its body is primarily dark gray, with a yellow snout and white patches of fur on its head and chest. The patch of fur on its forehead partially covers its black eyes, and has two black downturned eyebrows on top. Additionally, there are two white ribbons of fur located behind its head. Kubfu builds up power and fighting spirit by pulling on these ribbons. Its nose is black and it has a perpetual frown. It has black claws and toes, the latter of which are shaped like triangles. Its tail has a black, spiky appearance.
"
892,dataset/images/892.png,"Urshifu is a large, bipedal Pokémon resembling a humanoid black bear with a wushu motif. It has a muscular build with long legs and long arms with large paws and claws for striking. Its body and head are covered in gray, black, and white fur, minus the yellow muzzle. The front of Urshifu's pelt slightly resembles a traditional frog buttoned/braid buttoned hanging off ends on both front and back. The fur on Urshifu's head is spikier and flares into a flowing white and black headband. The backs of Urshifu's hands, its knuckles, and the tops of its feet are also white-colored.
"
893,dataset/images/893.png,"Zarude is a simian Pokémon resembling a baboon or mandrill. Its body is primarily covered in coarse black fur, though its chest and belly are patterned with shorter gray fur. Its upper snout, palms, and rings around its eyes are devoid of fur, and its skin is a light gray. The fur around the side of its head angles into wing-like crests on either side of its eyes. The eyes themselves have red sclerae, green irises, and black, slitted pupils. Its teeth are pointed and its canines are visible when its mouth is closed.
"
894,dataset/images/894.png,"Regieleki is an electric golem-like Pokémon made mostly of electric energy generated by a single organ. It has a round yellow body with three spikes on top of its head, and a pattern of seven pink dots on its face that resembles the letter ""X"". Regieleki's arms are shaped like lightning and usually appear bunched together, while its legs are tiny and resemble both lightning bolts and an electrical plug. Its body can glow bright yellow when attacking. Regieleki has five blue rings on its body, with two on the base of its arms acting as its shoulders, and the other three located at the bottom connecting to its legs. 
"
895,dataset/images/895.png,"Regidrago is a spherical, golem-like Pokémon. It has a dark red body made of crystallized dragon energy, with the energy being the densest at its central core. Its face has a pattern of seven blue dots that resembles the capital letter ""Y"". It has two red legs with black feet that are shaped like teeth. Its arms are black on the outside and dark red on the inside, and resemble a dragon's head; the right arm resembles a dragon's upper jaw, complete with horns and ""eye sockets"", while the left arm is shaped like a lower jaw. Two red spikes shaped like wings are located behind its back, although it doesn't use these to fly, as it is capable of floating in the air. Regidrago's body and the ""eye sockets"" on its right arm can glow pink when attacking.
"
896,dataset/images/896.png,"Glastrier is an equine Pokémon with a white coat and has light-blue ice covering parts of its body. Its mane consists of ice spikes, with three rows behind its neck and a single large spike between its ears. Both have ice behind them, connecting to the mask of ice that covers the left side of its face, which is noted to be 100 times harder than diamond. Its eyes are white with no visible pupils. Its thin tail is covered in ice that has four spikes jutting out from the sides. Its legs have ice covering its hooves and fetlocks, with the ice on its forelegs extending to the knees.
"
897,dataset/images/897.png,"Spectrier is an equine Pokémon with black fur and a purple marking covering the right side of its face extending to the base of its ears. Its left eye is closed with thick, mauve-colored eyelashes. It has a wavy purple mane that transitions into mauve towards the tips, with the tips themselves being translucent. Its fringe and tail are completely mauve. It has slender legs marked with a purple sock pattern. Each of its purple hooves is detached from its legs at the pastern, and the rear pair of the hooves are trailed by spectral mist.
"
898,dataset/images/898.png,"Calyrex is a bipedal Pokémon with legs approximately twice as long as its torso. Four prongs grow from its head to support a green, transparent bud resembling a type of crown, much larger than its head. Inside the crown-shaped head is a white pistil at the center. A ring of green spheres, marked with an inlaid series of blue and white triangles, adorns its neck. The crown-like bud on Calyrex's head glows bright green when it uses its powers.
"
899,dataset/images/899.png,"Wyrdeer is a snow deer-like Pokémon. Its body is mostly gray with white spots, as well as white fur on its lower legs, underside, round tail, eyebrows, and mane, the latter resembling a beard. Wyrdeer has large, golden antlers, the shape of which resembles radio antennae. Each of these antlers has one black orb near the base. Wyrdeer also has a brown nose and black cloven hooves, as well as two tufts of fur on the back of each lower leg.
"
900,dataset/images/900.png,"Kleavor is a mantis-like insect Pokémon with a craggy exoskeleton featuring a rock-like composition. Its predominantly beige and white body is adorned with numerous black rocky protrusions, including a ring of angular rocks on each of its shoulders, a mask of rock lining its brows down to its jawline, two sharp toe claws on each foot, and a single black shard of rock atop the crown of its head. The large wings present on Scyther's back seem to have atrophied into vestigial features on Kleavor. Most notably, each of Kleavor's two spindly front limbs ends in large axe-like appendages made of heavy black rock, capable of causing severe damage to the hardiest of foes. Kleavor swings these appendages to carve and chop down trees, marking its territory.[1] It also uses these heavy stone axes to finish off prey.
"
901,dataset/images/901.png,"Ursaluna is a large, quadrupedal dark brown bearlike Pokémon with a gray pelt around its large, humped back, paws, and round tail. The pelt has nine rectangular brown spikes on its back and four rectangular spikes on each side of its head. The front paws have five claws each while the back paws have three claws. Its face has a light-yellow circle resembling a full moon on the forehead, two gray eyebrows resembling clouds, and a light yellow snout that contains a small, black nose and sharp canine teeth.
"
902,dataset/images/902.png,"Basculegion is a large, green, fish-like Pokémon. It has a jagged mouth with pointed teeth. Its spine is aligned with a dark gray line, with colored stripes that flank it on either side and extend around its gills, along with spots scattered across its body. These accents are red in male Basculegion, and light blue in female Basculegion. Their eyes also match the appropriate color, and they look fierce on males and drowsy or sad on females. It has a pair of white pectoral fins, a three-spiked dorsal fin, and a two-spiked ventral fin. Additional smoke-like features cover Basculegion's face in a manner resembling barbels; female Basculegion sport shorter ones and lack the two small fins that the males have on their chin, instead having more blue markings around their lips and eyes.
"
903,dataset/images/903.png,"Sneasler is a bipedal Pokémon that resembles both a cat and a weasel. Its body is dark gray with purple accents around its face and ankles. Its fur is longer on its shoulders. It has long arms that extend to just above its ankles. On each arm is a dark spot, and its hands have three long claws tipped with poison, which are black with three red lines streaking through. Like its pre-evolved form, it has sharp, narrow eyes with red pupils and black markings resembling eyelashes on the edges. It has yellow diamond-shaped gems on its chest and head, and three sharp toes on each foot. Its left ear has a long black and red feather that extends down to its back; it also has red and black feathers for a tail.
"
904,dataset/images/904.png,"Overqwil is a large, spherical piscine Pokémon that resides in the sea. All over its body are overgrown conical spikes whose colors correspond to those on Overqwil's body. Its top half is black while its bottom half is light yellow; the two halves meet in the middle and form a wave pattern. The spikes on the top half of its body have parts of purple at their tips, and two very long spikes at the top and bottom of its body jut out in a straight direction. Above its eyes and around part of the top half of its body, Overqwil has circular purple dots. Its lips also have a purple coloration and appear puffy, and its small light-yellow eyes have purple pupils and are always fixated on an annoyed expression. In between its eyes are two pairs of spikes, the outer ones being longer and resembling eyebrows. Its large tail appears flat with a black outline and a purple inside, which also has a pattern that resembles the letter ""Q.""
"
905,dataset/images/905.png,"In Incarnate Forme, Enamorus is a pink, slim humanoid Pokémon, which resembles a genie. It is a female-only species with no male counterpart. On its forehead are four sharp magenta horns. Enamorus has white hair tied back, with thick strands shaped like a heart on top of its head, white lips, and two pointed pink ears on either side of its head with a small strand of hair falling in front of them from the temples. Its eyes are yellow with beady white irises and no visible pupils. The front of Enamorus's body is covered in magenta spots, most of them shaped like diamonds, pebbles, and magatamas. Its thin chest consists of two joined diamond-shaped pectorals, its shoulders are adorned with magatama shapes, and on top of its navel is a teardrop, all colored magenta. It has two spotted thin arms, with five fingers on each hand. Its lower body consists of a trailing cloud, with a long, brown tail resembling a snake wrapped twice around its neck. Enamorus's tail has magenta heart markings lined in black running its span, with a pair in place at the end of its tail resembling eyes and another resembling a mouth.
"
906,dataset/images/906.png,"Sprigatito is a quadrupedal feline Pokémon covered in pale green fur. The fur's composition is similar to that of plants, allowing it to absorb sunlight for energy.[1] It has green ears with pale green insides, a tuft of fur on the front of its chest and a green marking around its pink eyes and nose that resemble leaves. When its mouth is open, two pointed teeth can be seen in its upper jaw. It has a fluffy tail and small paws with pink paw pads underneath and no visible toes.
"
907,dataset/images/907.png,"Floragato is a bipedal, feline Pokémon. Its body is mostly covered in long light green fur, with green ear tips and a short fluffy tail. It has a growth of green fur-like leaves on its neck,[1] which extends at the front and droops down to its hips, resembling a poncho. Dark green colorations adorn the lower part of this neck fur, along with its hands, feet, and face; the latter is patterned to resemble a mask. Its face also has pink eyes and a small pink nose. Floragato's fur can change in hardness depending on its mood — its fur becomes sharp as needles when it is ready to battle. Each of its hands and feet has a round, pink paw pad and three digits, with visible claws on its fingers.
"
908,dataset/images/908.png,"Meowscarada is a humanoid feline Pokémon with light green fur covering most of its body—stopping just above its long, dark green legs—and a short, fluffy tail. The fur is especially longer around its ears, thighs, and arms, the latter resembling poofy sleeves. Its face has lazy pink eyes and a small pink nose, and is covered in a four-pointed mask-like shape, with a pattern of three green diamonds on it. Its ears are curiously more droopy compared to its pre-Evolutions, its mask instead giving the impression of perked-up cat ears. Each of Meowscarada's hands has three fingers tipped with green claws, as well as a pink paw pad. On its neck is a pink collar resembling flower petals. This collar holds together its cape, which grows from the leaves it had around its neck as Floragato.[1] The cape is lined with reflective fur, is black on the outside and green on the inside, and splits into two near the base, with both parts of the cape ending in fleur-de-lis shapes.
"
909,dataset/images/909.png,"Fuecoco is a bipedal crocodilian Pokémon with a mostly red body and a white stomach and face. Its body contains a small flame sac, which constantly leaks fire energy due to its size. The energy releases in the form of two bright yellow tufts of flame on top of its head; should Fuecoco get excited, more of these tufts of flame may emerge.[1] As shown in the in the Pokémon Horizons: The Series episode Charge! Galar Mine!, Fuecoco's tufts can emit light. Fuecoco has black eyes and triangular nostrils, and its mouth has three teeth, with one in the upper jaw and two in the lower jaw. It has stubby arms and large feet with two black toes on each foot. Fuecoco has yellow square scales on its stomach, back, tail, and the soles of its feet. These scales are warm to the touch, although they can become heated. The scales absorb external heat, such as from warm rocks where it lies on, to be turned into fire energy.[1]
"
910,dataset/images/910.png,"Crocalor is a bipedal, crocodilian Pokémon. Its stout, melon-shaped body is primarily red, but its face and chest are white simulating a mask; its hands and feet are black with three digits each. It has yellow rectangular scales covering its back and tail, and a pattern of black and yellow stripes on its chest. Its face has a long snout, red square cheeks, a pattern of two red triangles resembling nostrils, and a hook-like upper jaw. When Crocalor opens its mouth, three pairs of sharp teeth can be seen lining its lower jaw.
"
911,dataset/images/911.png,"Skeledirge is a large, red, crocodilian Pokémon covered in rectangular scales. Its belly is angular and has a white coloration flanked by black stripes on either side, resembling an open suit jacket and dress shirt. It also has various white-colored patterns on its head, lower jaw, neck, back, shoulders, arms, legs, and the cylindrical tip of its tail. The white coloration on the top of its head resembles a lute. Skeledirge has three black claws on each foot, and although it usually walks on all fours, it is capable of standing on its hind legs.
"
912,dataset/images/912.png,"Quaxly is a white duckling-like Pokémon. It has a yellow beak and blue eyes. It has teal webbed feet and a large teal coif-like crest that covers its head, with a feathery tuft in the front and a white curvy line shaped like a wave. Quaxly's coif has a smooth feel thanks to the rich, moist cream that holds it. The cream it secretes can repel grime. The coif can become unkempt should it get dry.[1]
"
913,dataset/images/913.png,"Quaxwell is a white, duck-like Pokémon. Its face has blue eyes, a pointed yellow beak, and a teal brow just above it which flares into two large branches flanking a small bump in the middle. On top of Quaxwell's head is a round blue crest twice as large, which droops towards the back. Various blue and teal-colored feathers also adorn its chest, forearms, tail, and the insides of its feet. The three feathers at the end of its arms are similar to fingers. Quaxwell's legs are long and its feet are yellow with three toes each, and they wrap around its ankles in a manner that resembles ballet shoes.
"
914,dataset/images/914.png,"Quaquaval is a humanoid avian Pokémon resembling a waterfowl. Its plumage is mostly dark blue, except for the light blue on its shoulders and tail, along with the white on its head, neck, chest, and individual tail feathers. Its face has blue eyes and a pointed yellow beak. Atop its head is a large, flowing, slick, dark blue crest, with long light blue and orange-red feathers at the front, separating the crest from the head. Its forearms have three sets of feathers, each tipped with light blue; and it has what resembles hands with three ""fingers"" each. Additional light blue accents decorate its waist and legs. Its yellow feet have bulbous segments with three toes each; the front-most segments are orange in color. It has a defined rump and an elaborate-looking tail, with a circular base and three teardrop-shaped feathers decorating it at the top, along with two chains consisting of three feathers flanking it on either side.
"
915,dataset/images/915.png,"Lechonk is a stout Pokémon resembling a hog. Its body is almost entirely grayish black, except for the brown colorations on its face and ears, and the yellow growths under its eyes that resemble teardrops. Its ears are droopy with yellow insides, and they partially cover its eyes. It has a triangular pink snout with two huge oval nostrils as well as stubby feet ending in pink hooves. Its tail is short and curled.
"
916,dataset/images/916.png,"Oinkologne is a quadrupedal Pokémon resembling a hog, with differing physiques between the male and the female. Generally speaking, Oinkologne has a large, stout build with a smooth, glossy coat. It has yellow growths underneath its eyes that resemble eyelashes, droopy triangular ears with yellow insides, a triangular snout, and a long, thin tail that curls counter-clockwise. It has well-developed leg muscles, which allow it to leap to a height of over 16 feet (5 meters). Both genders of Oinkologne have pink colorations on their eyelids, snouts, cloven hooves, and the tips of their tails, although the pink colorations on the male is more saturated than that of the female. The male also has a larger left ear and a shorter right ear, and vice versa for the female.
"
917,dataset/images/917.png,"Tarountula is a lime-green arachnid Pokémon whose body is wrapped in a ball of white threads that it secretes from its rear. Its face has white patterns that flank its two eyes on either side, as well as two pairs of protrusions resembling chelicerae and pedipalps, which hides a tiny mouth on the bottom of its head. It has eight spindly legs tipped with a dark green color on the ends. Its abdomen can be seen when it willingly ejects its ball of white threads.
"
918,dataset/images/918.png,"Spidops is an arachnoid Pokémon resembling a net-casting spider. It has eight long, slender, cylindrical legs, bunched together into pairs to evoke a humanoid stance. All eight feet possess white circular ports that serve as spinnerets, which Spidops can use to string silk tripwires and nets. Spidops can alternate at will between separating its legs or clustering them together for a quadrupedal crawl. These pairs of legs converge upon spherical joints nestled within the sides of its body, two positioned like shoulders near its head and two beside the ring-shaped intersection dividing its chest and abdomen.
"
919,dataset/images/919.png,"Nymble is a gray, oblong, insectoid Pokémon resembling a grasshopper, with dark gray colorations on its face, back, and legs. Its head has two stubby semicircular antennae, a circle on its snout resembling a mouth or nose, and yellow compound eyes shaped like rounded crosses, complete with cross-shaped black pupils. Its body is divided by lines into multiple segments, and it has an X-shaped pattern on its underside. It has six legs: two pairs of legs are located on the sides of its body, and each of the forelimbs is dark gray and contains a single claw. The third pair of legs is located above its body and is much larger; they are oblong in shape and solid dark gray in color, with light gray ring patterns over the joints. Nymble usually keeps its third set of legs folded up.
"
920,dataset/images/920.png,"Lokix is a bipedal, insectoid Pokémon which resembles a locust. It is primarily dark gray, with glossy black colorations on the head, thorax, lower abdomen, forearms, lower legs, and third set of legs. Its face is covered in a mask-like plate, and contains a pair of black triangular antennae with two white stripes on top, along with orange triangular eyes and a triangular notch on its chin. Its thorax and abdomen are separated by a white belt, with an X-shaped pattern at the front. It has a pair of white claws on each of its hands, and a single claw on each foot. Its forearms have an orange spike each, while its calves have two orange spikes protruding towards the back.
"
921,dataset/images/921.png,"Pawmi is a small, quadrupedal, rodent-like Pokémon that has a body that is almost entirely orange, with cream colorations on its lower forelimbs, snout, and tail, and green on the insides of its ears. It has beady brown eyes and a tiny nose. Its forelimbs are considerably large, and it has a tuft of fur on top of its head. Pawmi can stand on its hind legs, but barely.
"
922,dataset/images/922.png,"Pawmo is a stout, bipedal, rodent-like Pokémon. Compared to Pawmi and Pawmot, its fur is almost entirely light orange, with tan colorations on its forepaws, snout, and long, fluffy tail, and green on the insides of its ears. Its face has beady brown eyes, a tiny nose, and yellow electric sacs on its cheeks. It has tufts of fur on its forehead and near its ears. Pawmo has five fingers on its forelimbs which are considerably large, and stretches down to its tiny feet. Pawmo's forepaws contain yellow pads that turn teal-blue when releasing electricity. It uses these paw pads for its signature fighting technique, where it simultaneously strikes and zaps foes with its forepaws. Pawmo are known to travel in groups. When attacked, Pawmo will be the first to fight back, defeating foes with its electricity. As mentioned in Pokémon Sleep, Pawmo will sometimes maintain its characteristic battle stance while sleeping, possibly because it is dreaming of training its fighting moves.

"
923,dataset/images/923.png,"Pawmot is a stout, bipedal, rodent-like Pokémon that has a body that is almost entirely orange, with tan colorations on its forepaws, snout, and long, fluffy tail, and green on the insides of its ears. Its face has beady brown eyes, a tiny nose, and yellow electric sacs on its cheeks. It has shaggy tufts of fur on its forehead and near its ears, as well as on its neck which forms a collar. Pawmot has five fingers on its considerably large forelimbs, which stretch down to its tiny feet. The colorations on its forelimbs create a zigzag pattern. It has yellow pads on its forepaws which turn teal-blue when it uses electric attacks.
"
924,dataset/images/924.png,"Tandemaus is a Pokémon comprising two separate mouse-like rodent Pokémon which work together as one, much like Exeggcute or Falinks. Each individual is small, white, and bipedal, and has a spherical head with large ears and stubby limbs with large paws. Each one also has two black beady eyes, a tiny black nose with short whiskers, and a long tail which curls up and ends with a bulbous tip. One of the pair has a light-gray patch of fur surrounding its chest which resembles a shirt, while the other has a light-gray patch of fur surrounding its legs, which resembles a pair of pants. When they open their mouths, which take up over half of their faces when fully open, a single upper incisor can be seen on the insides of each one.
"
925,dataset/images/925.png,"Maushold is a group of three or four separate mouse-like rodent Pokémon which work together as one, similar to Exeggcute, Falinks, or its pre-evolved form Tandemaus. Each individual is small, white, and bipedal, and has a spherical head with large ears and stubby limbs that have large paws. Each one also has two black beady eyes, a tiny black nose with short whiskers, and a long tail which curls up and ends with a bulbous tip. When they open their mouths, which take up over half of their faces when fully open, a single upper incisor can be seen on the insides of each one.
"
926,dataset/images/926.png,"Fidough is a small canine Pokémon with a large head and stubby legs. The head contains small, black beady eyes with rounded eyebrow-like growths on top; a snout with a rounded triangular nose and a tiny mouth; and rounded ears that resemble pastries or bread buns. Fidough has a large dewlap on its neck, on which it is able to rest its head while sleeping. Its back has multiple protrusions that resemble a braid, and its tail is composed of two bulbous segments. Its fur is off-white in coloration, with yellow accents on the top of its head, its eyebrows, the insides of its ears, around its neck, and on its tail.
Fidough's smooth, moist skin is firm yet soft to the touch, and has elastic qualities; when agitated, Fidough will puff itself up to appear larger, in an attempt to intimidate its opponents. Fidough's breath contains yeast and is used to ferment things. Fidough has long been considered a companion for humanity, because its yeast is useful for cooking.[1]
"
927,dataset/images/927.png,"Dachsbun is a stout, canine Pokémon with an elongated body. Its fur is mostly brown, with various shades of lighter and darker brown on its head, snout, ears, neck, back, tail, and paws, along with a yellow underbelly. It has black beady eyes with two small eyebrow-like protrusions above them, and a long snout with a small, dark triangular nose. Its ears, together with the dewlap around its neck, resemble bread rolls. On its back is a series of protuberances that resemble a braid, and its tail is circular and somewhat flattened. It has shaggy tufts of yellow fur on its neck and the tip of its tail, and its feet have pale yellow paw pads and three yellow claws each.
"
928,dataset/images/928.png,"Smoliv is a small Pokémon resembling an olive. It has a round green body with two stubby legs. It has beady black eyes with white pupils and a jagged mouth. A few leaves surround a yellow fruit with a hole on top of its body.
"
929,dataset/images/929.png,"Dolliv is a green plant Pokémon resembling a human wearing a dress. Its head is light green, with several leaves and two olive fruits on top. Its black beady eyes and mouth are relatively small compared to its head. It has a collar-like shape below its head, and its body flares out into multiple parts at the bottom, hiding its thin, light green legs. It has two long leaves for arms.
"
930,dataset/images/930.png,"Arboliva is a Pokémon resembling a small olive tree. Its body is white on top, and brown and woody at the bottom. Its head is oval and contains thin, slanted, purple eyes that appear closed. The top of Arboliva's head and its neck are covered with leaves, and two large leavy branches protrude from either side of its upper body. These branches can be bent above Arboliva's head to resemble a wreath. There are three purplish olive fruits on each of these branches, for a total of six fruits. Arboliva's lower body flares out into multiple root-like portions, hiding what appears to be its thin legs at the center.
"
931,dataset/images/931.png,"Squawkabilly is an avian Pokémon resembling a parrot, with a large rounded yellow beak and lazy eyes. It has tan legs with feet shaped in a zygodactyl arrangement; i.e. two toes each on the front and back. Each toe is tipped with a yellow claw. Squawkabilly has a rounded, lumpy black crest on its head that resembles a pompadour, and white feathers on its eyelids, face, belly, and the tips of its wings. The rest of its feathers have different colorations depending on the form, which come in green, blue, yellow, and off-white. The feathers around the bottom of its body are notably longer, giving the appearance of a long coat.
"
932,dataset/images/932.png,"Nacli is a Pokémon composed of rock salt. Its upper body is rugged and brown, with an off-white stripe circling it, while its lower body is a white salt cube with rectangular orange-yellow eyes that can glow red. A white salt cube is embedded on the top half of its body as well.
"
933,dataset/images/933.png,"Naclstack is a quadrupedal Pokémon whose body is made of rock salt. Its cubic head is white with a few cracks and two eyes in the shape of right angles. Each of the eyes are orange in color with yellow squares at their centers, and they can glow an orange-red. The head is connected to Naclstack's body; the upper half of the body consists of a brown cuboid stone at the front and a rugged, dark brown rock dotted with salt at the back, while the lower body is a single white cuboid. Naclstack's body doesn't connect to its legs and floats in place relative to them. The legs themselves are cube-shaped, with light brown on top and white at the bottom. Each of the cubes have a small brown stone on one of their corners, which seem to act as claws for the Pokémon.
"
934,dataset/images/934.png,"Garganacl is a large, bipedal Pokémon primarily made up of rock salt and sedimentary rock. Its head has a rugged look and two eyes shaped like right angles. Each of the eyes are orange in color with yellow squares at their centers, and they can glow an orange-red. Garganacl's shoulders comprise tall three-stepped structures made up of blocks of white rock salt, below which its arms connect to. These stepped structures completely cover Garganacl's head from the sides. A taller block of salt is also present behind Garganacl's head.
"
935,dataset/images/935.png,"Charcadet is a humanoid Pokémon said to have been born from burnt charcoal. Its body is mostly black, except for its torso and extremities, which are red; and its head, which, apart from the face, is orange with red colorations on the top and back. The head is large and has a fire-like plume above it, tipped with pink and dark blue colors. Charcadet's forehead is covered with a black plate-like mask with three holes at the center that becomes dark red while it attacks, and its eyes have wisps emanating from its red-and-yellow pupils. Charcadet's head is connected to its body by a very tiny neck. Its torso resembles a tunic, with an orange protrusion at the front that seems to connect to its neck. Its hands and feet are cylindrical, and it has a fiery ""cape"" on its back. It has small, teardrop-shaped indents on its soles.
"
936,dataset/images/936.png,"Armarouge is a bipedal, humanoid Pokémon. Its body is primarily black, with red colorations on its cylindrical legs and hands, the latter resembling oven mitts. Its head is also red, with yellow sharp ""ears"" protruding from either side. The top of its head is yellow and has a fire burning on top, resembling the plume on a knight's helmet. Its face is covered with a black mask with three holes at the center, and its eyes have red irises and wisps emanating from its yellow pupils. Armarouge's torso and shoulders are covered in an old set of yellow and red armor, along with levitating large yellow pauldrons over its shoulders. 
"
937,dataset/images/937.png,"Ceruledge is a bipedal, humanoid Pokémon. Its body is primarily black, though some regions on its head, arms, and legs are dark blue. From each side of its head, a sharp pale blue protrusion extends outward, giving the impression of ears; from the back of its head, a blue and purple fire burns upward, resembling the plume on a knight's helmet. Its eyes have pink irises and wisps emanating from its white pupils. A plate with three pink indentations on its center covers its face. Instead of hands, Ceruledge wields purple-cyan blades created from both fire and ghost energy—specifically, the lingering regrets of the fallen. These blades can grow into great swords in battle, increasing Ceruledge's power in the process.[1] Almost all of Ceruledge's body is covered in an old set of purple and blue armor.
"
938,dataset/images/938.png,"Tadbulb is a small amphibian Pokémon with a spherical yellow head that takes up most of its body. This head has two white spots at the top and can emit light, and Tadbulb blinks it on and off to warn its allies. On the bottom of the head is Tadbulb's face, which is black with beady yellow eyes, a simple mouth with orange lips, and yellow circles on its cheeks. Tadbulb's head and tail are separated by copper-colored discs below the head. Tadbulb's tail is black with a U-shaped copper-colored pattern at the tip, and is used by Tadbulb to generate electricity by shaking it. 
"
939,dataset/images/939.png,"Bellibolt is a large, rotund, amphibian Pokémon. Its elastic and squishy body is primarily green in color, with orange patterns on its head, back, and lower body, along with small orange feet. The pattern on its head is shaped like a rounded cross, while the patterns on its lower body are chevron-shaped. The pattern on its back consists of two orange chevrons and a lightning bolt shape, surrounding an orange circle with a yellow dot at the center.
"
940,dataset/images/940.png,"Wattrel is a tiny avian Pokémon. Its feathers are mostly black, except for the grayish light-blue feathers covering its chest area, and the yellow covert feathers on its wings, as well as a yellow crescent-like marking on its face. Its head is nub-like and contains its fairly long orange beak, located just above the bottom of the crescent marking. Its eyes cover the tips of the crescent, which have white sclerae, black irises, and teal pupils. It has small webbed feet that are orange in color, and its tail splits into two.
"
941,dataset/images/941.png,"Kilowattrel is a large avian Pokémon. Its feathers are mostly black, with a grayish dark blue lower body, and yellow colorations on its wings, near its eyes, and on its neck. The latter contains Kilowattrel's throat sac, and has zig-zag patterns on the sides of the neck where the sac connects to. Kilowattrel's eyes have light blue irises and black pupils. Its long, hooked beak, along with its feet, are maroon in color. Each of its feet has three toes on the front and one on the back. Its thin, lengthy tail feathers are split into two.
"
942,dataset/images/942.png,"Maschiff is a brown, quadrupedal, canine Pokémon, with a dark gray snout and underside. It has a layer of thick fat under its skin that protects it from attacks. Its paws have four toes each. It has yellow tufts of fur on its head and back; the head fur makes the appearance of a crest. It also has a long, yellow, brushy tail. Its head has droopy triangular ears with yellow insides, and black beady eyes below two protuberances on its forehead that seemingly give it a constant anxious expression. Its snout contains a rounded triangular orange nose and a large mouth, with strong jaws and sharp fangs that can crush boulders.
"
943,dataset/images/943.png,"Mabosstiff is a large, canine Pokémon. Its coat is primarily gray, with blackish gray colorations on its underside, back, and around its face and eyes. It also has a stripe of light gray fur running down its spine. The stripe starts at its forehead, which forms the appearance of slicked back hair; and ends at its rear, forming a long, brushy tail. According to Arven, Mabosstiff is known to shed its fur frequently.
"
944,dataset/images/944.png,"Shroodle is a tiny shrew-like Pokémon with an almost hemispherical body, having a stubby tail and four small white feet with gray paw pads. Its fur is gray on top and white on the underside, except for its black head, which takes up about half of its body. Shroodle's head contains large, yellow-green eyes with tiny black pupils; small semicircular ears on the sides; a single tuft of blonde hair on top; and a long, bulbous snout at the front. The snout contains a pair of sharp upper incisors, coated in a purple poison that can cause paralysis.
"
945,dataset/images/945.png,"Grafaiai is a short primate Pokémon resembling a lemur — such as the aye-aye — or a loris. The top half of its body is mostly black and somewhat resembles a hoodie, while its forearms and the bottom half of its body are dark bluish-gray in color, with white stripes on its thighs and bushy tail, and two white toes on its feet. It has a white face with large ears, huge yellow-green eyes, purple eyelids, and a short snout with four nostrils and sharp incisors. It also has four tufts of blonde hair above its forehead. Grafaiai's most notable physical feature is its hands: they have three fingers each, with the middle finger being several times longer than the other two. These fingers are coated with Grafaiai's poisonous saliva, with the finger on its right hand always seen with two drops of the saliva hanging from it.
"
946,dataset/images/946.png,"Bramblin is a Pokémon that resembles a tumbleweed. It has small, rhombic, black, leaf-like eyes with thin red pupils that float inside its body, which itself comprises brownish yellow, jagged, thorny plant stalks that point up and curl slightly inward to form a spherical shape. The eyes don't blink and instead flip and rotate to express Bramblin's emotions. The stalks are held together by what appears to be the remnants of roots on the underside of its body.
"
947,dataset/images/947.png,"Brambleghast is a tumbleweed-like Pokémon that is similar to its pre-Evolution Bramblin, only larger and with more thorns. Most of the branches that compose its loose, spherical body are brownish yellow with light purple tips on top, while the base of its body and its center front branch are entirely dark brown.
"
948,dataset/images/948.png,"Toedscool is a Pokémon that is similar to a mushroom. It has a bulbous pink body with a yellow dot just above its eyes, and two larger yellow circles located further above on either side of its head. Toedscool has small pupils on its eyes and its lower body flares out into frayed flaps. These flaps sometimes fall off from its body, and have a chewy and delicious taste; as such, they are used in recipes such as pickles.
"
949,dataset/images/949.png,"Toedscruel is a large mushroom-like Pokémon whose physical appearance heavily resembles Tentacruel, although the two species are biologically unrelated.[1] Its upper body resembles a mushroom cap and is black in color, with three circular pink protrusions on top; one of these protrusions is much smaller than the others and sits in the front and center of the cap. The rim on Toedscruel's cap is beige in color and has multiple folds, and serves as a popular food item. Below Toedscruel's cap is its beige-colored lower body, which contains two slanted eyes, a black tube-like mouth with yellow lips, and ten tentacles resembling mycelium. The tentacles are beige on top and yellow at the bottom. 
"
950,dataset/images/950.png,"Klawf is a crustacean Pokémon. It is primarily orange in color, with a cream underbelly and pink cheeks that can glow red. Its stony, armored carapace has a rugged texture, with three roughly pentagonal shapes protruding from the top. Its eyes are supported by stalks extending from inside its shell; Klawf can rotate these eyes freely in any direction to survey its surroundings.[1] Klawf's mouth is large and has rectangular ""teeth"" resembling battlements. Klawf has eight appendages, with claws on its two front-most limbs. Black fur-like bristles protrude from between its eyes and cover its joints.
"
951,dataset/images/951.png,"Capsakid is a short, green, bipedal plant Pokémon with no arms and a very short, stubby tail. It has a four-leaved dark green collar on its neck. Its head has a white, round cap radially split into six at the rim. This cap resembles an egg shell or the calyx found on fruits, and has a small, bulbous green top. Its face has black eyes and an orange coloration on the tip of its beak-like mouth, which also contains a single front tooth on the upper jaw. Capsakid's front tooth falls out naturally, and is used as a spice in traditional Paldean cooking. Capsakid creates spicy chemicals inside its body by using energy from sunlight, which it uses to power its moves.
"
952,dataset/images/952.png,"Scovillain is a monstrous, bipedal Pokémon which resembles a pepper plant. It has a dark-green body and a leafy growth surrounding its neck which resembles a collar. Two leafy arms grow out of this growth. It has a short tail and its feet end in a clawed toe at each side. Its two pepper-like heads are attached to its body by stems. The red head on the right has an angry expression, while the light green head on the left appears more mischievous. Both heads have black eyes, stick their tongues out, and possess sharp fangs, the bottom pairs of which protrude below their lower jaws.
"
953,dataset/images/953.png,"Rellor is a small, brown, beetle-like Pokémon. It has four horn-like protrusions on its head, and its face is pink with lazy eyes, a bulbous nose, and black curved stripes over and under it that resemble a unibrow and a chinstrap beard. Its abdomen has a rounded yellow pattern, and it has four long limbs, each tipped with two claws. On its back is a random pattern of beige stripes resembling a maze.
"
954,dataset/images/954.png,"Rabsca is a teal, metallic, beetle-like Pokémon that perpetually floats upside down in the air. Its face is red, with a diamond-shaped nose, a white four-pointed star on its forehead, and long, prominent white hairs that extend past its body, resembling eyebrows and a mustache; the latter also somewhat resembles wings. Its eyes have pink sclerae and white pupils shaped like four-pointed stars, but they are usually closed. It has four limbs, each with three spike-like protruberances. It has four horn-like protrusions on its head, a zigzag pattern on its abdomen, and an elaborate pattern of red stripes on its back.
"
955,dataset/images/955.png,"Flittle is a small Pokémon resembling a bird chick, with a yellow body, large blue eyes with a lavender triangular mark between them, and a small lavender mouth. It has white frills on its head and both yellow and pink frills extending from its belly, which it uses to emit psychic energy. Its pointed feet are extremely small and appear to serve no use in movement, dangling from its body as it levitates above the ground.
"
956,dataset/images/956.png,"Espathra is a tall flightless avian Pokémon resembling an ostrich. Its face has large blue eyes with white irises. Instead of a beak, it has a pointed, elongated snout, which hides a tiny mouth located at the bottom. Espathra's head, neck, and legs are lavender in color, with brown stripes covering its neck and white stripes covering its legs and front toes. Espathra has two front toes and a single back toe on each foot.
"
957,dataset/images/957.png,"Tinkatink is a short, pink, humanoid Pokémon, with a relatively large head and arms compared to the rest of its body and stumpy toeless feet. Its arms have three fingers each, and it has what appears to be a pyramidal diamond-shaped steel plate on its torso. Its head has light pink circles on its cheeks, silver eyes, and a mouth with a square teeth-like growth on the lower lip. It has thin eyebrows or eyelashes above its eyes that give it a perpetually worried expression. On top of its head is a light pink cap with a white protrusion on top, resembling tied hair.
"
958,dataset/images/958.png,"Tinkatuff is a pink humanoid Pokémon, with a large head and arms and short, stumpy toeless feet with light pink circles underneath. Its arms have three fingers each, and it has steel plates on its hips that resemble outturned pockets. Its head has light pink circles on its cheeks, silver eyes, and a mouth with square teeth-like growths on the upper and lower lips. It has thin eyebrows or eyelashes above its eyes that give it a perpetually angered expression. On top of its head is a white growth resembling hair tied into a ponytail, with a light pink zigzag pattern on the rim where the growth meets the head.
"
959,dataset/images/959.png,"Tinkaton is a pink humanoid Pokémon, with large, white arms and short, stumpy toeless feet with light pink circles underneath. Its arms have five fingers each, with the thumbs having the same color of pink as the body. It has steel plates on its hips that resemble outturned pockets. Its face has silver eyes with thin eyelashes, and a large mouth with two square teeth-like growths on the upper lips. On top of its head is a large, pinkish-white growth resembling a twin-tail hairstyle, which droops over Tinkaton's back and has darker pink zigzag patterns accenting it.
"
960,dataset/images/960.png,"Wiglett is a long, white Pokémon that seems to be perpetually buried within the earth, leaving only its head and part of its body visible. It has beady dark blue eyes and a large, round, pink nose. Although Wiglett has a stated Pokédex height, it is unknown how long it really is underneath the sand, or what the rest of its body looks like.[1]
"
961,dataset/images/961.png,"Wugtrio is a long, red, three-bodied fish Pokémon that lives in a black spiky rock. Each body has a head with beady dark blue eyes and a large, round, white nose. Only Wugtrio's heads and parts of its bodies are seen; it is unknown what the rest of its body looks like inside of the rock.
"
962,dataset/images/962.png,"Bombirdier is a white avian Pokémon resembling a stork. It has black slanted eyes with black eyeliner-like markings around them, a long reddish pink beak with a rounded bump on the tip, and a small fan-like crest on the back of its head. It has a long neck and tall, thin, reddish pink legs, with three toes facing forward and one toe facing backward on each foot. Its claws are black, as are the feathers on the tips of its wings, on its lower body, and on the inside of its tail, which has a squared end.
"
963,dataset/images/963.png,"Finizen is a light blue cetacean Pokémon resembling a dolphin. It has a pale bluish white coloration on its underbelly that extends to its lower jaw and eyes, as well as on its dorsal fin. Its eyes have two-tone blue and pink pupils, and it has a short snout. On the sides of its body are pale bluish white wave patterns. It has a pair of pectoral fins and a split tailfin. Finizen has a ring of water around the base of its tail. 
"
964,dataset/images/964.png,"Zero Form Palafin is an cetacean Pokémon that resembles a dolphin. Its body is mainly light blue. Its underbelly and the underside of its fins are colored in a paler shade of light blue, which extends further to its lower jaw and around its eyes. The tip of its dorsal fin and the wave patterns on the sides of its body are white. It has eyes with two-tone blue and pink irises, a short snout, a pair of flippers, a blowhole atop its head, and a split tailfin with a single water ring surrounding the peduncle. Overall, it is almost identical to Finizen, its pre-evolved form, except for one single detail: a light pink heart-shaped mark on its chest, outlined by a slightly larger white one.  
"
965,dataset/images/965.png,"Varoom is an inorganic, metallic Pokémon, said to be created when an unknown Poison-type Pokémon enters and possesses an unused engine at a scrap-processing factory. Its front has a protrusion tipped with a shape somewhat resembling a skull; this shape contains a hole that resembles a frowning mouth. Its two yellow eyes are located on the sides of its body, and on its top is a tall block extending towards the back, with four black stripes decorating it. Its rear has a long exhaust pipe, tipped with a purple stain.
"
966,dataset/images/966.png,"Revavroom is an inorganic Pokémon resembling a car engine. Its metallic body has an atypical arrangement, with a singular yellow eye at the front and center. The front of Revavroom's body also has a few spikes to the left and right, along with a small hole resembling a frown located just below its eye, although this hole does not function as its mouth. On Revavroom's sides are eight cylinders, each one tipped with a purple stain. The two longest cylinders reach out towards the back and flare out at the ends; these cylinders function as the Pokémon's exhaust. The remaining six cylinders sit on top of the two long cylinders, with three on each one.
"
967,dataset/images/967.png,"Cyclizar is a green reptilian Pokémon resembling a lizard. Its head is mostly black, with a green coloration between its casque and lower jaw, along with orange circular cheeks. Its neck, paw pads, and tail are also black; the latter has a white tip. Its rear has a covering resembling a motorcycle seat, located at the base of its tail. On its throat is a black sac with a white inner coloring, resembling a rubber tire.
"
968,dataset/images/968.png,"Orthworm is a long, worm-like Pokémon with a six-segmented metal body. Its body is red on top and light orange on the bottom, except for its second segment, which is steel-colored. The first segment is its head, which contains its small, pale blue eyes and a large, toothless mouth. There are pairs of cyan ovals lining either side of its body from its third to fifth segments, while its second segment has three of such pairs. Parapodia-like tendrils can extend from the ovals on its second segment, which resemble simple fists. 
"
969,dataset/images/969.png,"Glimmet is a crystal plant-like Pokémon. It has a light purple body shaped like the stem of a plant, and its face is black with bright yellow eyes covered by a transparent cone. It has six dark blue crystal petals with light blue lines each around the head. The minerals inside of these petals are filled with crystallized poison.
"
970,dataset/images/970.png,"Glimmora is a coned flower Pokémon. It has three light green crystalline petals as a tail. The tail is connected to four light purple crystalline petals with light green lines each. The head is black with yellow eyes and a transparent black cone. The six-head crystalline petals are colored dark blue with light green lines and four light green rectangle shapes at the end of each petal.
"
971,dataset/images/971.png,"Greavard is a quadrupedal canine Pokémon whose body is covered in long, shaggy pale grey hair that reaches down to its legs. Its large snout peeks under the hair covering most of its head, and contains a black triangular nose and a wide, jagged mouth powerful enough to shatter bones.[1] Rather than having actual teeth, Greavard instead has serrated lips. It has stubby limbs and large round feet, and it has a slight waddle to its walk. Its rear has a thin wispy tail. On the top of its head is a protrusion resembling a candle, which burns with a small purplish-yellow light.
"
972,dataset/images/972.png,"Houndstone is a large, skeletal, canine Pokémon, reborn from a lovingly mourned deceased Pokémon. The top of its head and its humped back are covered in long, shaggy, whitish-gray fur that is a light purple color at the base, covering its eyes and its body. Its face has a large, protruding lower jaw, and its feet have three toes each. Below its fur, its legs and tail do not appear to be attached to a torso, instead floating in place relative to each other.
"
973,dataset/images/973.png,"Flamigo is an avian Pokémon resembling a flamingo. It is mostly pink, with a rounded body and wings, and a long serpentine neck that's usually tied into a knot at the base. It is said that Flamigo ties its neck into a knot to keep the energy inside its belly from escaping. When it unties its neck, Flamigo is able to attack by rapidly swinging its head. Flamigo also has tall thin white legs with webbed feet, a white face, a curved beak with a black tip, and yellow eyes with black pupils. Flamigo typically stands on one of its legs.
"
974,dataset/images/974.png,"Cetoddle is a white round cetacean Pokémon with large eyes, a large curved mouth, long fin-like forelimbs, a large tail, and two stubby legs. There are pink accents around its eyes, on its hands, below its feet, and on its tail; and it has a single horn on its forehead. When Cetoddle opens its mouth, a single rounded tooth can be seen on its lower jaw.
"
975,dataset/images/975.png,"Cetitan is a large cetacean Pokémon. It has a white piscine body with large forelimbs and legs, and pink accents around its eyes, forepaws, and tail. The tail has two pairs of fins protruding from either side. Cetitan also has a gray underside with circular white accents, as well as gray accents on its armpits, and two large gray claws on each foot. It has five horns: two on the top of its head, and three around its large, wavy mouth. The singular horn on its upper jaw allows it to gather ice energy and freeze its surroundings.[1] When Cetitan opens its mouth, rows of long, teeth-like plates can be seen lining its jaws.
"
976,dataset/images/976.png,"Veluza is a fishlike Pokémon with a gray body; pointy, translucent, bright magenta fins; and red eyes. It has thin blue lines running the length of its body from its eyes, and its mouth is typically open, displaying several sharp teeth. Veluza's fins extend underneath its flesh, to the center of its body; inside is also a row of diamond-shaped spikes similar to a backbone on either side, with three of these spikes being longer and protruding out from Veluza's flesh.
"
977,dataset/images/977.png,"Dondozo is a giant piscine Pokémon. Its body has three colors: light blue at the top; dark blue in the middle; and white on its belly, upper lip, and fins. It has a pair of pectoral fins and its rear half is flanked on either side by elongated anal fins, ending at a large, fan-like tail fin. On top of its head is a ring of six frills arranged in a circle: the two rightmost frills are much longer and end in flat tips, resembling a hachimaki, while the other four are shorter and rounded. It has three gills on either side of its body. Its face has a short protrusion resembling a nose, along with dark blue lips, a blue tongue, a pair of long barbels above its upper lip, and five barbels on its lower jaw, with one of them being longer and curled, located just below its lower lip. Dondozo's tongue is long and rectangular with two blocky protrusions below it, altogether resembling a sushi geta (wooden serving tray for sushi).
"
978,dataset/images/978.png,"Tatsugiri is a small piscine dragon Pokémon that comes in three forms. All forms share the same basic physiology, with two large eyes, long pectoral fins, a wavy dorsal fin, and a split tail fin. All forms also have a white throat sac, which resembles a bed of rice when inflated; Tatsugiri inflates its throat sac to camouflage itself. The major difference between each form of Tatsugiri is its colors and the poses it makes. Curly Form Tatsugiri is orange with darker orange splotches all over its body and a white underbelly, and it often assumes an upcurled stance. Droopy Form Tatsugiri is mostly a pinkish-red, with white colorations on its belly and fins; true to its name, it tends to droop on its throat sac. Stretchy Form Tatsugiri is a solid yellow, except for its white throat sac; it assumes a straight, horizontal pose. It is said that Tatsugiri's various forms are an adaptation to suit the preferences of its prey.
"
979,dataset/images/979.png,"Annihilape is a simian Pokémon with a round body that is situated on two thin legs with black shackles around its ankles. It is covered in shaggy grey fur that streams upward and fades to white as it seems to evaporate. Its shaggy ear fur usually hangs down but tends to stream upwards while Annihilape is in battle. Unlike Primeape and Mankey, Annihilape's skin is a dark grey. The metal shackle on its left arm is broken while it appears to have no shackle at all on the right arm. It is also able to greatly increase the size of its unshackled arm. Annihilape has three-fingered hands and two-toed feet. There are multiple throbbing veins on the left side of its face, with a large pink pig-like snout as well. Its eyes are red as if the creature were in an extreme rage.
"
980,dataset/images/980.png,"Clodsire is a quadrupedal, amphibious Pokémon, with a rounded body that is dark brown on the top and light brown on the bottom, forming a wave pattern in the middle. It has black beady eyes, a large mouth, and a pair of tiny nostrils. Its four legs are rounded and have three digits each. A short dorsal fin delineates its lower back and ends at its stout, bulbous tail. Clodsire shares many similarities with its non-Paldean relative, Quagsire.
"
981,dataset/images/981.png,"Farigiraf is a quadrupedal giraffine Pokémon. Its body is primarily orange with a long, brown neck and topside, yellow underside and lower legs, and black cloven hooves. Its main head has a yellow blaze on top, two yellow ossicones with bulbous tips, white eyes with black eyelashes and irises, pink upper eyelids, dark brown spots around its eyes, and a round, pink nose. This head is covered by Farigiraf's tail head, which has moved forward, hardened, and fused with its main head as it evolves from Girafarig.[1] The tail head is dark brown with a black face, yellow eyes, sharp white teeth, and four ossicone-like antennae with bulbous tips. There are four orange spots on the front of Farigiraf's neck, and seven dark brown spots circling around where its neck meets its body. It has a row of eight dark brown and yellow spikes running down its spine. Since its tail head had migrated to its neck, Farigiraf lacks a visible tail.
"
982,dataset/images/982.png,"Dudunsparce is a serpentine Pokémon that looks nearly identical to its pre-Evolution, Dunsparce. It has the same yellow body with a blue underside and blue and cream stripes on its back. It sports three ""prongs"" on its blue chin and its eyes are now partially opened up, revealing its two pupiless white colored scleras. It has a dark blue spiral pattern on the underside of its first body segment, and its tail has a blue ""cap"" on it.
"
983,dataset/images/983.png,"Kingambit is a humanoid Pokémon whose appearance resembles a samurai. Its body is mostly red and black, with gold accents on its torso and helmet-like head. The blade on its head has grown tremendously from its time as a Bisharp, extending upward into a large machete shape with a sword-shaped indentation on it. It also has a large mustache composed of two black, red-lined blades, and two bright red circles on either side of its front torso. From its waist protrude two pairs of curved blades, somewhat resembling the omega (Ω) symbol. These curved blades surround Kingambit's body and its golden, ridged forearms. Additionally, Kingambit has long, curved, metallic black hair that completely shields its back, and is sturdy enough for it to sit on as well as ride upon. Kingambit can additionally form its prehensile hair into spikes to strike its foes with. As seen in Food Fit for a Kingambit!, Kingambit can float and hover above the ground to move about.
"
984,dataset/images/984.png,"Great Tusk is a large gray proboscidean Pokémon. Its trunk, topside, and tail are covered in dark purple plates, with three rows of pinkish-red spikes on top. Similar pinkish-red accents form around its slanted yellow eyes, as well as on its body as spots. It also has tufts of pinkish-red fur around its legs. Its face has a jagged mouth and two large tusks that curl inward. Its dark purple ears are long, thin, and serrated, with red on the inside.
"
985,dataset/images/985.png,"Scream Tail is a pink Pokémon with a spherical body. It has pointed ears with black insides and small tufts of hair beneath them, tiny fangs, and large, yellow eyes with markings that resemble some form of makeup. On top of its head is a very long curled tuft of fur that extends down its back and is a darker shade of pink on the end, resembling a tail. It also has an actual tail on its backside. 
"
986,dataset/images/986.png,"Brute Bonnet is a mushroom-like Pokémon with large caps on its head and arms that resemble modern Poké Balls (despite being from the ancient past), pink lips with a jagged appearance, four stumpy brownish legs, and a tail; the cap on its head is spiked and has what seems to be green moss growing underneath it. 
"
987,dataset/images/987.png,"Flutter Mane is a dark bluish-green, ghost-like Pokémon. While it has no visible arms or legs, its lower half has several small appendages that resemble a ruffled dress, and its hair resembles a set of arms with feathers. It has several round red gems around its neck and red spikes growing from the top of its head. Its large eyes are yellow with red sclerae. 
"
988,dataset/images/988.png,"Slither Wing is a large, moth-like Pokémon with four legs. It appears to have compound eyes that are two shades of red, and there is a red spiny horn-like structure on each side of its face. The fuzz on its body and legs is smoky white and messy. Its thorax is navy blue in the center, and its tail-like abdomen is teal with black dots. It has six leaf-like wings that are orange in color with yellow-orange tips and small green diamond-shaped marks, but they do not seem to be strong enough to allow it to fly. Even though it is mostly quadrupedal, it can stand on two legs, mostly during battles.
"
989,dataset/images/989.png,"Sandy Shocks is a seemingly metallic Pokémon with a body composed of three units that resemble ancient versions of Magnemite, all of which have yellow eyes. Unlike Magneton,  each eye blinks independently of one another and not in unison. The top unit bears markings similar to tribal war paint as well as iron filings on its body and horseshoe magnets that resemble hair. The bottom units have only a single magnet each, which is elongated in a manner that makes them resemble legs; they are also covered with iron filings on their ends. Instead of floating like Magneton, it walks by bending these magnets. A series of screws with iron filings on the end floats between the two lower units, making it resemble a tail. 
"
990,dataset/images/990.png,"Iron Treads is a quadrupedal Pokémon with a spherical gray metallic body and a black underbelly. On its face are a pair of short black tusks and a black half-moon pixelated screen, which usually displays a pattern of a pair of angry red eyes; underneath them is a metal plate that can be retracted to reveal its mouth. Its most prominent physical feature is a segmented tread jutting out from its back, and extending to the front of its face. This tread is black and has bright red glowing patterns accenting it. Iron Treads also has long black plate-like earlobes, and metal plates covering its legs, which can be retracted to aid in its rolling attacks.
"
991,dataset/images/991.png,"Iron Bundle is a red Pokémon resembling a robotic bird. Its face is covered in white plating with two three-pointed crests above its blue eyes. Black markings surround its circular eyes, and it has a light yellow beak and feet. There is a single blue spot on its stomach. Its feet have two digits each. A metallic ring is visible around its neck (which hides a wire that allows it to extend its head over long distances), and its ""bag"" is attached to its body by a black and blue cable. When running, it uses its feet as if it was skiing.
"
992,dataset/images/992.png,"Iron Hands is a large, bulky cyborg Pokémon that looks like a futuristic sumo wrestler. The head crest is a deep blue with ten black lines connecting across it. The head is light grey with cylinder-like ears. The two eyes are yellow within a black faceplate. The upper half of their body is colored light gray resembling a light armor gear with two bright yellow holes with white spots on each side of where the shoulder would be. Also connected to it is a grey belt with three yellow square armor-like pieces on each side with white spots as well. The lower half is grey with several black line markings. The half-sphere legs are colored dark blue which are connected to small yellow rectangles with white spots. The black feet are shaped like shoes with one small, yellow rectangle with white spots connected to each foot. It has two giant, three-fingered hands which it uses. The back side of their hands is light grey with a yellow circle in the center with three white spots each. The front is four large, bright yellow rectangles connected and black lines. The rectangles also have several white spots as well.
"
993,dataset/images/993.png,"Iron Jugulis is a three-headed, mechanical, draconic Pokémon with six thin, pointed black wings with visible joints. Its body is primarily dark blue, with black armor plating resembling fur covering its necks and shoulders. The inner armor surrounding its head is fuchsia in color with white spots and resembles collars. The surfaces of Iron Jugulis' heads function as LED displays. When turned on, each of its heads glows blue with black eyes; the main head additionally has fuchsia pupils and visible pointed teeth formed from its armor plates. Like with the eyes of other future Paradox Pokémon, Iron Jugulis' LED faces are used to display its emotions; unlike with Hydreigon, its secondary heads can emote in this manner as well. Its abdomen has two fuchsia stripes and its feet resemble fins. Its tail also sports a fuchsia stripe and ends with a black plate. 
"
994,dataset/images/994.png,"Iron Moth is very similar to Volcarona in appearance, resembling a robotic moth. It has four small ""feet"", red compound eyes, red horns on the sides of its head, and white armor plating covering its thorax. Its abdomen is black and light blue with two black diamond spots on the outside. It has six diamond-shaped wings that are mostly orange with white speckles and a single black triangle marking, which levitate a short distance away from its body. 
"
995,dataset/images/995.png,"Iron Thorns is a large, bipedal, robotic dinosaur-like Pokémon with green metallic armor plating covering its body and limbs. Its claws, lower jaw, parts of its abdomen, and tail tip are black. Part of its torso and legs seem to be transparent, revealing a glowing green substance of some sort. On its back are retractable spikes made of the same substance.
"
996,dataset/images/996.png,"Frigibax is a stout, gray, bipedal reptilian Pokémon. Its head and facial features are large compared to the rest of its body, with eyes containing yellow sclerae and black pupils, a bulbous light gray snout with two nostrils, and a large mouth. On the left side below its lip is what appears to be a singular, square-shaped ice crystal. It has a light blue underbelly and a short tail. Its short, stubby limbs have three digits each, and it has a long, thin, yellow quill on the backs of each of its hands. As revealed Roy and Fuecoco's First Snow! in Pokémon Horizons: The Series, Frigibax compare the sizes of their yellow quills to settle fights in the wild, with the one with the longest and more colorful quills winning.
"
997,dataset/images/997.png,"Arctibax is a bluish gray theropod-like Pokémon, with a jagged light blue pattern on its underside, a medium-sized tail, and a large, triangular, dark gray dorsal fin on its back. Its eyes have yellow sclerae and black pupils, and it has three bluish-white claws on its hands and feet, along with long, thin, V-shaped orange quills on the backs of its hands.
"
998,dataset/images/998.png,"Baxcalibur is a large, theropod-like Pokémon whose body is predominantly navy blue in color. It has a series of hexagon-shaped ice patches located near its chest area, on its kneecaps, and underneath its tail. It also has squareish polygonal light blue patches underneath its feet. It has long muscular arms and three sharp white claws on its hands and feet, along with three red quills protruding from each of its wrists. It appears to be wearing an icy mask on its face, with a pair of ice spikes pointing upward on its snout and icicles pointing downward on its chin. The only part of the face not covered in ice is its yellow eyes. The black, ice-coated spine on its back resembles an axe.
"
999,dataset/images/999.png,"Gimmighoul is a small, blue-gray, metallic, bipedal Pokémon, with bands of two thin black stripes present around its torso and between its gold, circular eyes. It has a pair of thin black antennae and a tail, which are bent near the base and tipped with small gold circles.  
"
1000,dataset/images/1000.png,"Gholdengo is a bipedal humanoid Pokémon whose body is composed of 1,000 Gimmighoul Coins stacked together, giving it a golden, cylindrical appearance. Its face has oval eyes and a mouth displaying a crooked smile. Its body has skinny arms with large hands and short, stumpy legs with no toes. It has three fingers on each hand and four tufts of dreadlock-like ""hair"", all made out of coins. It wears the strap from a Gimmighoul's chest as a belt, using it to fasten the chest to its side. The belt buckle has a stylized number 1,000 on it. Gholdengo is capable of creating a golden surfboard out of coins as a means of movement.
"
1001,dataset/images/1001.png,"Wo-Chien is a snail-like Pokémon comprising a dark-green mossy form covered in dead green and yellow leaves. Two pairs of long, curling vines form its eyestalks, which contain eyes with green eyelids, orange sclerae, and pale greenish pupils. A long row of wooden tablets curled around its backside forms its shell. Wooden tablets were once used as a writing medium in the East during ancient times, although the inscriptions written on the particular set forming Wo-Chien's shell have become too faded to be read.
"
1002,dataset/images/1002.png,"Chien-Pao is a feline Pokémon with an elongated body composed of snow. Ice crystals run down its back and legs, and also forms its claws, eyes, and whiskers. Its large fangs, tipped with ice, comprise two pieces of a broken, ornately patterned sword. The sword's blade, which narrows slightly near the tip, forms its left fang; while the sword's hilt forms its right fang. The broken ends of the sword halves jut through Chien-Pao's upper jaw.
"
1003,dataset/images/1003.png,"Ting-Lu is a large Pokémon resembling a cloven-hoofed mammal such as a deer or a moose. Its body is composed of layered rock, ranging in color from dark brown to a light tan. Its shoulders are humped. Its head has several red markings, as well as small red eyes and what appears to be a dewlap on its chin. Upon its head is a large ritual vessel cracked down the middle, with an ornate rectangular pattern resembling eyes at the front, and several antler-like spikes jutting out from the rim.
"
1004,dataset/images/1004.png,"Chi-Yu is a fish-like Pokémon. It is composed of two pairs of curved jade beads, once believed to be sacred and commonly worn for religious rituals. Each of these pairs of beads circle a black orb coated by white around the sides; together, they make up the eyes of Chi-Yu, while the rest of its fish-shaped body is formed by a dark red and yellow flame. Its eyes and beads sometimes glow red and yellow when it attacks.
"
1005,dataset/images/1005.png,"Roaring Moon is a quadrupedal, draconic Pokémon with a long, tapering tail. It is primarily blue with a red underside with four yellow markings. There are red markings on the underside of its tail, and stripes on the inner surface of its hind legs. Additionally, there are raised white ridges above its eyes. Jagged, light blue spikes protrude from either side of its head. Its mouth features sharp teeth, with a pair of three teeth on the upper jaw and a pair of single teeth in the lower. Each of its legs has three, long claws, with its front legs being longer and bulkier, and sporting three protruding scales close to the knees. On its back rests very large red wings that begin with a three-pronged yellow pattern on both sides, that then curl upward into a crescent moon-like shape which gives the Pokémon its name, with blue-tipped feather-like protrusions on the ends. Below its wings is a jagged cape-like structure with a black underside. 
"
1006,dataset/images/1006.png,"Iron Valiant is a mechanical, bipedal Pokémon whose appearance retains numerous visual traits from both Gardevoir and Gallade. Its arms consist of gauntlets with large magenta blades protruding from the sides, which it can detach and combine to serve as a deadly double-edged weapon. Its head spikes outward twice from both sides and is covered by a green curved piece resembling hair with two cone-shaped structures at the back of its head, and a teal head crest, somewhat akin to a gladiator's helmet. The centerpiece on its chest is a hollow magenta core, which can extend in order to fire ranged attacks akin to a cannon. Five petal-shaped white and green guards tinged with magenta at the ends adorn its torso, resembling a dress.
"
1007,dataset/images/1007.png,"Koraidon is a large, reptilian Pokémon primarily covered in scarlet feathers with white accents on its cheeks, upper body, thighs, and tail. Its most notable feature is a tire-like gular sac on its throat, which inflates and deflates depending on its form. Koraidon's head has a crest of feathers and a pair of long, twisted, brow-plume-like tendrils. Additional feathers at the base of its tail transition from blue to purple and end in white tips, creating a striking appearance. Its eyes have yellow sclerae, orange irises, and brown pupils, with red plumes giving the impression of eyebrows. Koraidon's body is adorned with blue markings on its elbows and shoulders, as well as blue frills down its neck. From each shoulder, a curved, handlebar-like structure extends backward. It has webbed feet, each with four claws; the two central claws are sometimes held close together, making it appear as though there are only three. The gular sac and base of its tail share a grooved texture, but the sac is also lined with spikes.
"
1008,dataset/images/1008.png,"Miraidon is a large, robotic, reptilian Pokémon with a primarily metallic, violet body. Its face, neck, abdomen, tail, and knee joints are silver, while its claws are white. A distinctive feature of Miraidon is the gular sac on its throat, which changes appearance across its various forms. Its head features a small, dark purple casque reminiscent of a motorcycle windshield and circular, purple cheek markings. Miraidon's eyes resemble an LED display, with black sclerae and pupils and pixelated irises that can change pattern to simulate blinking. Each eye is bordered by two connected silver plates that resemble eyelids, from which long blue and yellow plasma-like antennae extend, resembling eyebrows. Miraidon's shoulders are equipped with backward-curving, handlebar-like structures. A black, fender-like structure is positioned on its lower back just above the base of its tail. Each of Miraidon's feet has three claws, with the central one marked by a vertical black line. Both its tail and gular sac have grooved surfaces, resembling tire treads. In the Pokémon Adventures manga, Miraidon is shown to possess a robotic tongue that visually resembles its gular sac.
"
1009,dataset/images/1009.png,"Walking Wake is a large, bipedal, theropod dinosaur Pokémon with white, diamond-shaped markings. It has a long, white snout with one horn underneath the chin. The horizontal eyes are red, with yellow sclerae with red skin surrounding them. Its face and underside are also white as well. It has a thick, large purple mane covering its arms and back. The mane resembles the aurora borealis with six tips of spiky hair being red and orange. It has two small light blue forelimbs, with three white-clawed digits each, and one diamond marking. Walking Wake has two powerful light blue hind legs with six feathers, and three white claws each. It has a large, hexagonal, cerulean blue crest on its forehead with two bent prongs on either side of the base. It has a blue horn between the snout and crest. It has two long, white tails with seven small spikes each. The tails also have eight blue spikes marking on the tops of two tails each.
"
1010,dataset/images/1010.png,"Iron Leaves is a mechanical Pokémon that resembles a futuristic stag or antelope-like, quadrupedal that is primarily green and grey. On the sides of its head are long metal horns that end in half-circle points. It has a sliver snout with a bright red blaze running from its horn to the back of its head, with white spots inside of the blaze. The eyes are bright digital red. Iron Leaves's face, neck, hind legs, and underside are grey. The grey parts of its body have several dark grey lines connecting to different parts. The neck is covered by three green circles of armor. The middle circle has a green-tipped leaf on each side of its neck connected to a small green circle. The leaves have a bright red tip and white spots. The upper half of the body has a green armor plating, connected to three pointed tufts of fur forming a medium-long tail and two large spikes on each side of the tail. The front legs connect to green armor with three leafy tufts shaped like wings and green cylinder armor with a half-circle tip. The hind legs are connected to green leg armor. Its four legs resemble knee-high, green armor boots with bright red diamond highlights at the knees with white spots. The legs end in black hooves. 
"
1011,dataset/images/1011.png,"Dipplin is a worm-like Pokémon that lives inside an apple. In contrast to Applin's other Evolutions, Dipplin bears a strong resemblance to Applin. Unlike Applin, however, Dipplin appears to be composed of a pair of separate creatures known as ""wyrms""; the head and tail visible outside of Dipplin's apple appear to belong to two different ones.[1] The head belongs to the ""fore-wyrm"" while the tail belongs to the ""core-wyrm"". Both of Dipplin's bodies are light green, with a yellow-green underside. The fore-wyrm's head has two large yellow leaf-like eyestalks with small black pupils, and a tall, thin protrusion similar to a horn or an antenna. The core-wyrm's tail that sticks out from Dipplin's rear has two leaf-like features on it.
"
1012,dataset/images/1012.png,"Poltchageist is a Pokémon made of matcha tea powder that inhabits a tea caddy; specifically a 茶入 chaire, a kind used in the traditional Japanese tea ceremony. The tea caddy is primarily black and white, with a white lid, a sealed crack near the top, and a painted pattern resembling a face (and functioning as one, being able to change to express emotions). Poltchageist is always seen carrying a 茶杓 chashaku, the tea scoop used to transfer tea powder into the tea bowl in the aforementioned tea ceremony.
"
1013,dataset/images/1013.png,"Sinistcha is a Pokémon made of matcha tea. As such, its main body is entirely green, except for its mouth and swirly eyes, which are yellow in color. Its arms are thin and its hands have three digits, and it has two small legs. It inhabits a 茶碗 chawan, a tea bowl used in the traditional Japanese tea ceremony. The chawan it inhabits is black and white, with a few cracks sealed with green all over it, and a swirling, face-like pattern on its side. Atop its head, Sinistcha wears a 茶筅 chasen (a bamboo whisk used to prepare and stir matcha tea)[1], which is broken and missing a few of its teeth. Despite appearances, Sinistcha is not biologically related to Polteageist.
"
1014,dataset/images/1014.png,"Okidogi is a bulky, bipedal canine Pokémon, with broad shoulders, pointy ears, and a large, fluffy tail. Its fur is almost entirely black, except for the green on its muzzle, face, chest, hands, back, waist, thighs, and feet. It has magenta crescent-shaped markings on its face, which also contains yellow eyes, a rounded magenta nose, and sharp teeth. Its ears have magenta insides, and its hands have five fingers each and magenta paw pads. Hanging around its neck is a magenta toxic chain that resembles a leash. Okidogi is a male-only species with no female counterpart.
"
1015,dataset/images/1015.png,"Munkidori is a blue simian Pokémon with long black fur covering most of its body, except for its face, hands, feet, and part of its chest, the latter forming an arrowhead pattern. Its face has yellow eyes with black striped markings between them, and they have magenta colorations on its rear and ankles. Each of its hands has three fingers, and its feet resemble sandals, each with two toes. Part of its head hair is slicked back, and a magenta toxic chain encircles its head like a headband. Munkidori is a male-only species with no female counterpart.
"
1016,dataset/images/1016.png,"Fezandipiti is an avian Pokémon with a small head, a short beak with a magenta tip, and a long neck and legs. Its plumage is primarily black, with white on its head and neck, and bronze accents on its face, collar, and wing tips. It stands atop a pair of long slender bronze-colored legs having three-toed feet with sharp claws, and its tail consists of a long train of bronze-colored feathers ending in forked tips that gently curl outwards. A single white stripe accents each of its legs and tail. A crest of black feathers resembling a cap sits atop Fezandipiti's head, with golden feathers sticking out resembling a royal crown. A pair of magenta plumes also sits just above each of Fezandipiti's eyes like eyebrows and extend like long streamers with forked ends. Hanging from Fezandipiti's chest is a pair of magenta toxic chains, protruding from a shawl-like feature that wraps its body. Fezandipiti is a male-only species with no female counterpart.
"
1017,dataset/images/1017.png,"Ogerpon is a predominantly green, humanoid Pokémon. Its green torso is spotted with white flowers and yellow dots, and it is capable of extending green and black vines of ivy. Its long legs are black in the front and white in the back, and its two-toed feet each have two green leaves sprouting between the toes. Its torso is mostly covered by a large, green, multicolored cloak-like structure that extends from a stem on top of its head. This cloak frames its face with a large, black, thorny vine, the two uppermost thorns resembling horns. While the cloak's sleeves move as if Ogerpon has arms beneath them, it actually has no arms or even shoulders; the cloak itself is prehensile and serves as its arms, with the ""sleeves"" able to grasp and manipulate objects. Ogerpon can also extend a prehensile branch and vine from its torso. Ogerpon has an orange face, yellow eyes with white, star-shaped pupils and small green leaves at the edges that loosely resemble eyelashes, a three-pointed leaf that serves as hair, small black markings on its eyebrows and cheeks, and two pointed fangs in its upper jaw. Its face is usually hidden behind one of its masks, and in battle, it wields a large, spiky cudgel wrapped in ivy; these tools are stored under its cloak when not in use. Ogerpon is a female-only species with no male counterpart.
"
1018,dataset/images/1018.png,"Archaludon is a tall, metallic, bipedal dinosaur-like Pokémon with an angular, cuboid body bent at its chest and hips. Its body is primarily cool gray, although it has dark blue colorations on its palms and soles, as well as dark blue platings on its face and underside. The underside plating has criss-crossing patterns on the torso, and two red stripes at the bottom, with three small notches on each of them. This plating extends past Archaludon's head at the sides, forming horn-like features tipped with red. There is a continuous protrusion running the length of Archaludon's spine, three pairs of zigzag patterns on its sides, and spikes on the back of its head and the tip of its large tail.
"
1019,dataset/images/1019.png,"Hydrapple is a Pokémon composed of seven symbiotic creatures known as ""syrpents"" living within an apple-shaped structure completely made of red syrup.[1] Each syrpent has green, leaf-shaped eyestalks with yellow eyes; a long green body with a pale yellow underbelly; and a tail tipped with leafy green ornaments.
"
1020,dataset/images/1020.png,"Gouging Fire is a massive lion ceratopsian hybrid Pokémon with some mastiff qualities. It is covered in brown fur with three green spike lines on both back legs. There is cream belly fur on its chest. It has five grey spikes on its back and a long, light gray cloud of smoke running along its entire back, resembling a tail. Gouging Fire has four gray paws. The two front paws house three small, red claws. The paws are covered with brown pads and two black cuff-like bands on its front legs and the back legs have only one. Its main faceplate is red and shaped like fins or a four-sided star with a golden ceratopsian-shaped skull headpiece. Behind the faceplate is two long brown fur with gold ends on each side of the hair. The headpiece has five gold and yellow horns on each side. At the center is two green circles with two smaller red circles inside. A gray plate, resembling a horseshoe mustache, covers its muzzle. It has shorter green fur around its blue eyes.
"
1021,dataset/images/1021.png,"Raging Bolt is a massive quadrupedal, yellow, sauropod-like Pokémon with feline features. It has black stripes and a white underside with red lines surrounding it. Raging Bolt's head is connected to a long neck with black stripes and a white bottom with red lines. It has a thin, light blue tail with sharp angles and a spark-shaped spiky ball at the end. It has three blue triangle spikes on the back. Most of its face consists of thick, white fur and shorter red fur around its blue eyes. The top of its head has seven tufts of hair shaped like a crown. Raging Bolt's muzzle is a light blue ""X"", the top part is shaped like lightning bolts. Its head has a black faceplate with two black spikes that cover its forehead, nose, and ears. The mouth has muzzle has two long fangs similar to saber-toothed cats. Its large claws converge to form a single point and never retract. The front feet have three red feathers connected to the red lines. The back feet have a red line surrounding the claws and feet. Raging Bolt's face is covered by a circle mane across its back that resembles dull purple rain clouds. The mane can extend to form a normal-looking mane.
"
1022,dataset/images/1022.png,"Iron Boulder is a spherical, bull-like Pokémon coated in a reflective metal. It has a black, rounded forehead adorned with two brown, rotatable, axe-like horns that curve forward. The edge of the horns and the top of the head are colored bright orange blaze. The horns can transform into rounded blade cleaves when attacking. The blades can extend to the width of its head. Its face is grey with digital orange eyes and a short, metal snout. On top of its head are several short spikes. Down its back are two black, spine ridges that join just past its shoulders. It has a black circle surrounding its head. There are two orange metal protrusions on its shoulders. The orange blaze bands around its legs are the same color as its horns and forehead. It has grey metal hooves underneath these bands. Its striped underside is also beige. The grey parts of its body have several dark grey lines connecting to different parts. It has a short, stubby metal tail. Iron Boulder is capable of rotating its head.
"
1023,dataset/images/1023.png,"Iron Crown is an armored turquoise Pokémon resembling a robotic goat. The eyes are bright digital blue. The top of its luminous head has two yellow metal horns similar in shape to drills, with luminous patches that extend from the upper half of the horn. The metal snout is gray, and there is a luminous blaze running from its nose to the back of its head. The back of the head has a headpiece with a circle connected by two rectangle pieces. On its long neck and hind legs, there are small luminous spots. It has several other luminous patches on its body, emitting a faint blue aura. Iron Crown's face, parts of its neck, and underside are grey. The grey parts of its body have several dark grey lines connecting to different parts. On its shoulder blades are yellow metal protrusions that resemble fins. Iron Crown's legs are connected by four-leg armor parts. The lower legs have a luminous v-shape brand connecting to light armor and metal hooves. Iron Crown is capable of rotating its head.
"
1024,dataset/images/1024.png,"Normal Form Terapagos is a small reptilian Pokémon that resembles an indigo tortoise. Its head, legs, and tail stem from a cyan, hexagonal shell with the Terastal symbol on its back: a white hexagon with triangular extensions on each corner that connects it to the edges of its back. Its neck and legs each have a cyan four-pointed star and ring rub on them. Its feet each have three toes, and its tail has a cyan four-pointed star at its tip. It has two light blue eyes with rouge rimming and four-pointed star-shaped pupils. It has a diamond-like pattern on its forehead and two diamonds hanging like earrings on both sides of its head. Lastly, it has a ""ponytail"" made up of three segments of diamond-like shapes. The segments reduce in size as they get farther from the head and gain a purplish tint to them.
"
1025,dataset/images/1025.png,"Pecharunt is a small Pokémon resembling a piece of mochi. It has two forms it can take both inside and outside of battle. The first form resembles an upside-down peach, with a black circular face at the center and a thin, vertical line splitting its body into two halves. In its face are two white semicircle eyes, appearing to be frowning. It takes its second form upon opening up, revealing a smaller inner body resembling a peach's pit. It has a darker purple and pink body with two white eyes which are usually frowning, below which is a white, ribbon-shaped mouth. On its head rests two purple flaps and a scorpion-like ponytail. It has two heart-shaped paws at the bottom of its body, along with three black dots on each side underneath them. The discarded shell floats on both sides of Pecharunt, forming spiky wing-like appendages. The inside of these shells have a bright pink glow, outlined in black. The bright pink extends slightly through the black outline in six thin lines. The chains have a magenta color to them and are divided in identical segments, ending in a slightly larger segment with two protrusions, making it resemble the shape of Pecharunt's shell.
"
